step_time_s,measured_skin_c,nominal_25c_fit_c,nominal_25c_prior_c,preceding_rest_skin_proxy_fit_c,preceding_rest_skin_proxy_prior_c
60,31.545293808,31.545293808,31.545293808,31.545293808,31.545293808
60.0005,31.545293808,31.5452843291,31.545289505,31.5452848821,31.5452890889
60.9999,31.5051460266,31.5263653227,31.5366943588,31.5274659524,31.5358627059
62.0005,31.5051460266,31.5074783833,31.5281001995,31.5096699395,31.5264374053
63.0004,31.5051460266,31.4886592574,31.5195233398,31.4919305586,31.5170310775
64.0003,31.4509388782,31.4698945548,31.5109577488,31.474235235,31.507637108
65.0003,31.4509334564,31.4511822499,31.5024025566,31.4565820959,31.4982545431
66.0007,31.4509334564,31.4325166124,31.4938551903,31.4389657693,31.4888805609
66.9999,31.4460105896,31.4139272742,31.485329292,31.4214142685,31.4795301229
68.0003,31.4460105896,31.395369429,31.4768043684,31.4038853276,31.4701807538
68.9999,31.3433940548,31.3768800545,31.4682974546,31.3864139083,31.4608511362
70.0003,31.3433837891,31.3584294005,31.4597949193,31.368971937,31.4515263205
71.0005,31.3433837891,31.3400358037,31.4513052569,31.3515767799,31.4422156228
72.0001,31.3032569885,31.3217064018,31.4428318347,31.3342352341,31.4329227358
73.0001,31.3032569885,31.3034226884,31.4343661578,31.316929831,31.4236383432
74.0002,31.3032569885,31.2851900348,31.4259107596,31.2996656875,31.4143652234
75.0009,31.2526836395,31.2669992282,31.4174614099,31.2824341105,31.405098737
75.9999,31.2526836395,31.2488918388,31.4090374958,31.2652745279,31.3958601459
76.9999,31.2526836395,31.2308187205,31.4006162236,31.2481404113,31.3866244524
78.0007,31.261592865,31.2127834776,31.3921992929,31.2310351967,31.3773935202
79.0007,31.261592865,31.1948147923,31.3838001455,31.2139861247,31.3681820912
79.9997,31.261592865,31.1769159671,31.375420417,31.1969963853,31.358991959
81.0009,31.2193050385,31.1590296114,31.3670332707,31.1800115278,31.3497936916
82.0007,31.2193050385,31.1412199511,31.3586688628,31.1630925701,31.3406203618
83.0005,31.2193050385,31.1234617899,31.3503154433,31.1462156278,31.3314590829
84.0003,31.1209030151,31.1057549788,31.3419729977,31.1293805966,31.3223098393
85.0001,31.1209030151,31.0880993693,31.3336415117,31.1125873723,31.3131726151
86.0005,31.1209030151,31.0704842638,31.3253159807,31.0958258108,31.304041922
86.9999,31.0887126923,31.052937657,31.3170096994,31.0791225912,31.2949323401
88.0005,31.0887126923,31.0354207911,31.3087043718,31.0624408534,31.2858238042
89.0007,31.0219068569,31.0179615901,31.3004132774,31.0458072189,31.2767308779
90.0005,31.021900177,31.000559847,31.2921363885,31.029221535,31.267653531
90.9997,31.021900177,30.9832188212,31.2838753305,31.0126869553,31.2585935459
92.0004,30.926240921,30.9659019897,31.2756127414,30.9961686825,31.2495318817
92.9997,30.926240921,30.9486593988,31.2673725535,30.9797144902,31.2404947851
93.9999,30.926240921,30.9314511803,31.2591357786,30.9632863748,31.2314614316
94.9997,30.9130529243,30.9142995936,31.2509131162,30.9469056176,31.2224435555
96.0001,30.9130516052,30.8971873546,31.2426963312,30.9305557455,31.213432125
97.0005,30.9130516052,30.8801246276,31.2344903471,30.9142464998,31.2044325401
98.0004,30.8618196231,30.8631197604,31.2262992429,30.8979859007,31.1954492741
98.9997,30.8618144989,30.8461742296,31.218123806,30.8817754071,31.1864831906
100.0003,30.8618144989,30.8292557255,31.2099484893,30.8655841396,31.1775172389
100.9999,30.8477110667,30.8124030177,31.2017920755,30.8494492337,31.1685720182
101.9999,30.8477096558,30.7955923175,31.1936431172,30.8333479557,31.159634974
103.0003,30.8477096558,30.7788235423,31.1855016132,30.8172802539,31.1507061051
104.0001,30.7385559082,30.7621132989,31.1773756845,30.8012620784,31.1417943177
105.0007,30.7385559082,30.7454380625,31.1692539417,30.7852709119,31.132887121
106.0003,30.7489365682,30.7288276763,31.1611509778,30.7693354106,31.1240005194
107.0003,30.7489376068,30.7122586936,31.1530554206,30.7534331216,31.1151220407
107.9999,30.7489376068,30.6957442309,31.1449737326,30.7375766683,31.1062587725
109.0007,30.6974258423,30.679257773,31.1368929766,30.7217406195,31.0973965265
110.0003,30.6974258423,30.6628387177,31.128832517,30.7059628535,31.0885565398
110.9997,30.6974258423,30.6464704018,31.1207842539,30.6902274061,31.0797299291
112.0003,30.6277751923,30.6301298296,31.112736915,30.674512196,31.0709043319
113.0003,30.6277751923,30.613846302,31.1047049724,30.6588454314,31.06209562
114.0003,30.6277751923,30.5976098698,31.0966835834,30.6432175805,31.0532984824
115.0007,30.5682508841,30.5814139304,31.0886695321,30.6276223186,31.0445093921
116.0009,30.5682449341,30.5652680757,31.0806676143,30.6120689142,31.0357336086
117.0008,30.5682449341,30.5491737493,31.0726786081,30.5965587973,31.0269719856
117.9999,30.5120696033,30.5331387874,31.0647064775,30.5810995642,31.0182288701
118.9999,30.5120639801,30.5171357785,31.0567376453,30.5656648206,31.0094893721
119.9999,30.5120639801,30.5011790536,31.048779284,30.5502684142,31.0007613575
121.0007,30.4503998382,30.485255769,31.0408250255,30.5348979787,30.9920378425
122.0007,30.4503936768,30.4693912479,31.0328875728,30.5195779919,30.9833327587
122.9999,30.4080314636,30.4535852469,31.0249668871,30.5043082676,30.9746460634
124.0001,30.4080314636,30.4378091736,31.0170486892,30.4890612154,30.9659620965
125.0005,30.4080314636,30.4220755963,31.0091393175,30.4738490044,30.9572878093
125.9997,30.3251711811,30.4064063329,31.0012498113,30.4586927723,30.9486353088
127.0001,30.3251628876,30.3907636156,30.9933612071,30.4435560214,30.9399837976
128.0003,30.3251628876,30.375169272,30.9854845463,30.4284598974,30.9313453849
129.0001,30.3113035713,30.3596262491,30.9776213812,30.4134072919,30.922721773
130.0005,30.3113021851,30.3441188837,30.9697638364,30.3983830673,30.9141043249
131.0001,30.3113021851,30.3286687339,30.9619228914,30.3834081449,30.905505082
131.9997,30.2321265281,30.3132632514,30.9540922451,30.3684704029,30.8969171338
133.0009,30.2321186066,30.2978777553,30.9462593745,30.3535459279,30.8883267462
134.0007,30.2321186066,30.2825582311,30.9384477397,30.3386793586,30.879759648
135.0007,30.1980434161,30.2672799542,30.9306448075,30.3238467451,30.8712020942
135.9997,30.1980400085,30.2520610773,30.9228599157,30.3090657507,30.8626643254
137.0008,30.1980400085,30.2368543198,30.9150689103,30.2942904776,30.8541198518
137.9997,30.135351181,30.2217248649,30.907305241,30.2795842929,30.8456053579
139.0001,30.135351181,30.2066164987,30.8995401263,30.2648925944,30.8370892789
140.0004,30.1906015475,30.1915533503,30.8917859935,30.2502388652,30.8285852437
141.0003,30.1906070709,30.1765397781,30.884045147,30.2356273822,30.8200957799
141.9996,30.1906070709,30.161578594,30.8763191066,30.2210609231,30.811622554
143.0007,30.1227455139,30.1466338184,30.8685893216,30.2065044789,30.8031452214
143.9997,30.1227455139,30.1317635273,30.8608858873,30.1920146514,30.7946967878
145.0001,30.1227455139,30.1169154524,30.8531817905,30.1775405477,30.7862476277
146.0004,30.0831491005,30.1021118161,30.8454885893,30.163103851,30.777810417
146.9997,30.0831451416,30.0873657429,30.8378131755,30.1487174019,30.7693927138
148.0007,30.0831451416,30.0726373116,30.8301348083,30.1343422784,30.7609717716
149.0007,30.0631543123,30.0579661704,30.8224741959,30.120017203,30.7525703012
149.9997,30.0631523132,30.0433520689,30.8148312948,30.1057419805,30.7441882551
150.9999,30.0631523132,30.0287627138,30.8071892636,30.0914850961,30.7358071629
151.9999,30.0226268768,30.0142184672,30.7995588009,30.0772664707,30.7274387581
153.0005,30.0226268768,29.999707597,30.7919337951,30.0630746625,30.7190763379
153.9997,30.0226268768,29.9852589355,30.784329462,30.0489379081,30.7107365895
154.9997,30.0299789706,29.9708405111,30.7767290363,30.0348249625,30.7024011266
156.0003,30.0299797058,29.9564551742,30.7691340461,30.0207386349,30.6940716248
157.0001,30.0299797058,29.9421229193,30.7615551019,30.0066985366,30.6857597207
158.0007,30.0287418365,29.9278206896,30.7539800617,29.992682112,30.6774520983
158.9997,30.0287418365,29.9135826205,30.7464270698,29.978722852,30.6691686565
160.0003,29.9095635312,29.8993629848,30.7388719193,29.9647759559,30.6608828472
161.0007,29.9095516205,29.8851873299,30.7313282091,29.9508664995,30.6526095848
162.0006,29.9095516205,29.8710597446,30.723798178,29.9369985317,30.6443513242
162.9997,29.9172000885,29.8569842694,30.7162840529,29.9231760603,30.636110508
164.0001,29.9172000885,29.8429312317,30.7087700343,29.9093699722,30.6278698086
164.9998,29.9172000885,29.8289286451,30.7012711402,29.8956078142,30.6196456963
165.9996,29.8631569557,29.8149651502,30.6937813478,29.8818784572,30.611431566
167.0003,29.8631515503,29.8010295175,30.686294666,29.868170882,30.6032208471
168.0007,29.8631515503,29.7871383774,30.6788200683,29.8545014718,30.5950233809
169.0003,29.8207420818,29.7732984897,30.6713612614,29.8408769182,30.5868432327
170.0005,29.8207378387,29.7594903427,30.6639077829,29.8272780445,30.5786689283
171.0005,29.8207378387,29.7457248889,30.6564655875,29.813715664,30.5705069981
172.0005,29.8130100349,29.7319992477,30.649033171,29.8001869701,30.5623557924
173.0001,29.8130092621,29.7183187704,30.6416134875,29.7866972704,30.5542185512
173.9997,29.8130092621,29.7046778441,30.6342035493,29.7732410635,30.5460919978
175.0008,29.7844429016,29.6910559737,30.6267922462,29.7597981489,30.5379639475
176,29.7844429016,29.6774992849,30.6194047303,29.7464140793,30.5298619848
176.9999,29.7005603766,29.6639723174,30.6120217484,29.7330538854,30.5217649947
178.0005,29.7005519867,29.6504750401,30.6046433082,29.7197175544,30.5136729853
178.9999,29.7005519867,29.6370329401,30.5972834001,29.7064303028,30.5056013005
180.0005,29.6946855686,29.6236136238,30.5899243372,29.6931601399,30.4975305425
181.0003,29.6946849823,29.6102438249,30.5825808217,29.6799335277,30.4894768355
182.0007,29.6946849823,29.5969046978,30.5752425552,29.6667318536,30.4814288851
183.0001,29.659330368,29.5836174417,30.5679212557,29.6535761305,30.4733995426
183.9999,29.659330368,29.570363297,30.5606066458,29.6404478186,30.4653775367
184.9997,29.659330368,29.5571474785,30.5533016452,29.6273521086,30.4573660694
185.9997,29.5720302144,29.5439672431,30.5460047827,29.6142863097,30.4493635273
187.0003,29.5720214844,29.5308172538,30.5387131387,29.6012451537,30.4413667082
188.0006,29.5720214844,29.5177092455,30.5314332632,29.5882403046,30.4333827959
189.0005,29.5197200775,29.5046443785,30.5241658615,29.5752729479,30.4254125637
190,29.5197200775,29.4916224979,30.5169109095,29.5623429649,30.4174559851
191.0007,29.5197200775,29.4786226943,30.5096567923,29.5494296157,30.4095003222
192.0007,29.4459416742,29.4656695692,30.5024172779,29.5365573629,30.4015606742
192.9997,29.4459342957,29.4527668042,30.4951945012,29.5237299069,30.3936393827
194.0004,29.4188488373,29.439879458,30.4879689386,29.510912533,30.3857150359
194.9999,29.4188461304,29.4270447978,30.4807615245,29.4981423303,30.3778105926
196.0002,29.4188461304,29.4142370112,30.4735578184,29.4853936476,30.3699102161
197.0007,29.3942546844,29.4014637289,30.4663621432,29.4726741004,30.362018647
198.0003,29.3942546844,29.3887388485,30.4591823877,29.4599975614,30.3541445372
199.0005,29.3942546844,29.3760431515,30.4520077613,29.4473449155,30.3462760526
199.9997,29.3579576579,29.3633968187,30.4448497231,29.434736306,30.3384257604
201.0007,29.3579540253,29.3507643496,30.4376882134,29.4221363599,30.330571661
202.0005,29.3579540253,29.3381835309,30.4305446914,29.4095827897,30.3227372889
203,29.3339366913,29.32564285,30.4234126932,29.397064147,30.3149155551
203.9999,29.3339366913,29.3131334242,30.4162872129,29.3845715916,30.3071009695
205.0001,29.3339366913,29.3006564378,30.4091689607,29.3721063283,30.299294311
205.9999,29.2730350494,29.2882205129,30.4020629046,29.3596769993,30.2915010281
207.0007,29.2730350494,29.2758081636,30.3949590903,29.347266151,30.2837102038
208.0005,29.2730350494,29.2634440908,30.3878717018,29.3348985084,30.2759373939
209.0001,29.221339629,29.2511182329,30.380795039,29.3225640436,30.268176347
210.0005,29.2213344574,29.2388181879,30.3737220186,29.3102503684,30.2604192947
211,29.2167057854,29.2265647491,30.3666646463,29.2979783272,30.2526794037
212.0005,29.2167053223,29.2143345257,30.3596094954,29.2857245199,30.2449419492
213.0005,29.2167053223,29.202145778,30.3525671384,29.2735072652,30.2372185257
214.0007,29.2102603912,29.1899898554,30.345532629,29.2613179217,30.2295037088
215.0003,29.2102603912,29.1778763579,30.3385115762,29.2491661454,30.2218036499
215.9997,29.2102603912,29.1658002944,30.3315011472,29.2370469622,30.2141152422
217.0007,29.2077581998,29.153739887,30.3244887228,29.2249385329,30.2064246461
218.0003,29.2077579498,29.1417311901,30.3174953099,29.2128770806,30.1987549002
219.0001,29.2077579498,29.1297548189,30.310509686,29.2008431707,30.1910936965
220.0003,29.2145417106,29.1178083081,30.3035304499,29.1888343484,30.1834394984
221.0002,29.2145423889,29.1058999239,30.2965624753,29.1768589484,30.1757976509
222.0004,29.2145423889,29.0940224203,30.2896015691,29.1649097106,30.1681635553
223.0007,29.1406822205,29.0821780935,30.2826491165,29.1529889684,30.1605387309
224.0007,29.1406822205,29.0703715701,30.2757078829,29.141101406,30.1529262105
225.0007,29.1406822205,29.0585991937,30.2687757699,29.1292433702,30.1453236928
225.9999,29.099159582,29.0468702426,30.2618583002,29.1174242389,30.1377372345
226.9998,29.099155426,29.0351670057,30.254945076,29.1056261916,30.1301554323
228.0002,29.099155426,29.0234917869,30.2480374846,29.0938515681,30.1225798076
228.9997,29.0538845062,29.0118608067,30.2411451752,29.0821167558,30.1150209429
230.0004,29.0538845062,29.0002495453,30.234253659,29.0703970399,30.107462948
231.0003,28.9775466919,28.9886811319,30.2273767028,29.0587157885,30.0999209214
232.0003,28.9775466919,28.9771450215,30.2205080955,29.0470623844,30.0923880509
233.0001,28.9775466919,28.9656445732,30.2136498842,29.0354402474,30.084866582
234.0007,29.028639455,28.9541682177,30.2067952058,29.0238377071,30.0773489875
235.0003,29.0286445618,28.9427364939,30.1999563767,29.0122755552,30.0698487751
236.0001,29.0286445618,28.9313355425,30.1931251644,29.0007398054,30.0623569162
236.9997,28.9726332437,28.9199698292,30.1863042901,28.9892350018,30.054876395
238.0003,28.9726276398,28.9086256539,30.1794855645,28.9777472961,30.0473982304
239.0003,28.9726276398,28.8973210809,30.1726798846,28.9662950039,30.0399343731
240.0003,28.932264328,28.8860492031,30.1658831471,28.9548711572,30.032480323
241.0005,28.932264328,28.8748076814,30.1590939836,28.9434734091,30.0250345794
241.9999,28.932264328,28.8636076315,30.1523191622,28.9321130591,30.017604565
242.9999,28.9436691322,28.8524332601,30.1455491781,28.9207741144,30.0101798556
244.0003,28.9436702728,28.8412867571,30.1387853868,28.9094588151,30.002761938
244.9997,28.9436702728,28.8301835987,30.1320372343,28.8981829009,29.9953611715
246.0003,28.8454420984,28.8190992597,30.1252898566,28.8869214885,29.9879612549
247.0001,28.8454322815,28.808055822,30.1185567342,28.8756970345,29.980576972
248.0006,28.7936872708,28.7970366193,30.1118277522,28.8644926252,29.9731972301
249,28.7936820984,28.786061365,30.1051149999,28.8533283323,29.9658352875
249.9997,28.7936820984,28.7751145542,30.0984090516,28.8421884142,29.9584808068
251.0001,28.7660083771,28.7641917625,30.0917072257,28.8310683862,29.9511308473
251.9997,28.7660083771,28.7533092714,30.0850195581,28.8199848489,29.9437964152
252.9996,28.7660083771,28.7424549902,30.0783386713,28.8089255161,29.9364694197
254.0001,28.7031694284,28.7316256138,30.0716625609,28.7978870385,29.9291476627
255.0004,28.703163147,28.7208297293,30.0649965591,28.7868781907,29.9218369917
255.9999,28.703163147,28.7100736748,30.0583446396,28.7759054667,29.9145417649
257.0001,28.6963717576,28.6993412132,30.0516968065,28.7649523274,29.9072510199
258.0005,28.6963710785,28.6886376616,30.0450563836,28.7540242172,29.8999684016
258.9998,28.6963710785,28.6779767975,30.0384319767,28.7431352328,29.8927033481
260,28.7176225394,28.6673371854,30.0318103135,28.7322635054,29.8854413038
261.0003,28.7176246643,28.6567272924,30.025196692,28.721417704,29.8781880788
262.0005,28.7176246643,28.6461491507,30.018592423,28.7105999299,29.8709451109
262.9997,28.7105395732,28.6356121394,30.0120034235,28.6998198061,29.8637188892
264.0007,28.7105388641,28.6250866796,30.0054112285,28.6890470894,29.856489163
265.0006,28.7179138437,28.6146032083,29.998834934,28.678312951,29.8492768749
266.0005,28.7179145813,28.6041500544,29.9922672797,28.6676054717,29.8420740627
266.9999,28.7179145813,28.5937323346,29.9857115319,28.6569299196,29.8348843084
267.9999,28.5888743695,28.5833384998,29.9791604649,28.6462744826,29.8276996876
269.0003,28.5888614655,28.5729705866,29.9726153905,28.6356412655,29.820521639
270.0003,28.5888614655,28.5626367991,29.9660815314,28.6250387059,29.8133558903
270.9999,28.563856719,28.5523370148,29.959558866,28.6144667064,29.8062024179
271.9997,28.5638542175,28.5420649558,29.9530434653,28.603918848,29.7990569126
272.9999,28.5638542175,28.5318185081,29.9465340223,28.5933929792,29.7919179414
274.0001,28.5605106354,28.5216017011,29.9400331343,28.5828932601,29.7847883523
275.0003,28.5605106354,28.5114144493,29.9335407899,28.5724196257,29.7776681332
275.9999,28.5605106354,28.5012627516,29.9270608649,28.5619782707,29.7705615346
277.0007,28.5041026212,28.491128269,29.9205816873,28.551550352,29.7634557556
278.0003,28.5040969849,28.4810352198,29.9141187833,28.541160812,29.7563678241
278.9997,28.5040969849,28.4709733609,29.9076656586,28.5307991385,29.7492906176
280.0005,28.4976450692,28.4609265516,29.901211986,28.5204487252,29.7422128102
280.9997,28.4976444244,28.4509248154,29.8947770973,28.5101405269,29.7351556034
282.0009,28.4624881744,28.4409320506,29.8883378025,28.4998373558,29.7280935643
283.0004,28.4624881744,28.4309851153,29.8819178909,28.489577236,29.721052783
284.0001,28.4624881744,28.4210649525,29.8755051287,28.4793405423,29.7140198424
284.9997,28.5043869019,28.4111744603,29.8691014302,28.4691302874,29.7069968422
285.9998,28.5043869019,28.4013076363,29.8627029458,28.4589402948,29.6999795603
287.0002,28.5043869019,28.3914664053,29.8563109541,28.4487725695,29.692969399
287.9997,28.4649106425,28.3816624636,29.8499331038,28.4386392224,29.6859747467
288.9999,28.4649066925,28.3718800265,29.8435591717,28.4285239618,29.6789843915
290.0006,28.4649066925,28.3621210189,29.8371904363,28.418428793,29.6719997356
291.0005,28.4017721381,28.352398024,29.8308351565,28.4083667568,29.6650298366
292.0003,28.4017658234,28.3427041154,29.8244888608,28.3983307131,29.6580697906
293.0001,28.4017658234,28.3330382381,29.8181509023,28.3883195921,29.6511188881
294,28.3552188873,28.3233993484,29.8118206374,28.3783323346,29.6441764231
295.0003,28.3552188873,28.3137844944,29.805496162,28.3683659007,29.6372403076
295.9999,28.3552188873,28.3042041561,29.7991844163,28.3584311776,29.6303181529
297.0003,28.3348695117,28.294643881,29.7928759193,28.3485131994,29.6233995611
298.0001,28.3348674774,28.2851169763,29.7865794909,28.3386257919,29.616494205
299.0003,28.3348674774,28.2756138249,29.7802888201,28.3287589971,29.6095951633
300.0004,28.3320753982,28.2661391102,29.7740070443,28.3189176974,29.6027058769
301.0005,28.332075119,28.256691801,29.7677335234,28.3091008443,29.5958256437
301.9998,28.2617963547,28.2472793426,29.761473255,28.2993162004,29.5889599447
303.0007,28.2617893219,28.2378790828,29.7552112029,28.2895402348,29.5820922894
304.0003,28.2617893219,28.2285181913,29.7489655037,28.2798012229,29.5752425686
305.0007,28.2143058777,28.2191769035,29.7427230191,28.270078626,29.5683963732
306.0008,28.2143058777,28.2098654326,29.7364906086,28.2603830929,29.5615612262
307.0003,28.2143058777,28.2005864572,29.7302701197,28.2507174392,29.5547391537
307.9999,28.178842278,28.1913333808,29.7240571792,28.2410748179,29.5479253596
309.0004,28.1788387299,28.1820987606,29.7178468161,28.2314474882,29.5411143923
310.0002,28.1788387299,28.1728972952,29.7116489539,28.2218507937,29.5343171347
311.0007,28.1933193207,28.1637160227,29.705454903,28.2122712369,29.5275240571
311.9997,28.1933193207,28.154575023,29.6992782631,28.2027297947,29.5207500742
312.9999,28.1933193207,28.145449502,29.6931023262,28.1932006096,29.5139768624
313.9997,28.1667907548,28.1363540129,29.686936971,28.1836988948,29.5072152556
315.0009,28.1667881012,28.1272721436,29.680771099,28.1742075204,29.500453082
316.0005,28.1667881012,28.118231023,29.6746231726,28.1647548607,29.4937105896
317.0007,28.1291884821,28.1092106376,29.6684796382,28.1553200177,29.4869729139
318.0007,28.1291847229,28.1002181421,29.6623454038,28.1459104934,29.4802454376
319.0003,28.080160141,28.0912552362,29.6562216786,28.1365280905,29.4735294868
319.9999,28.080160141,28.0823182426,29.6501059964,28.1271689827,29.466822357
321.0005,28.080160141,28.0733981845,29.6439922408,28.1178237839,29.46011734
322.0002,28.0878295898,28.064511929,29.6378920116,28.1085101853,29.4534271575
322.9998,28.0878295898,28.0556522518,29.6318004044,28.0992206412,29.4467464309
324.0008,28.0878295898,28.0468058337,29.6257082834,28.0899411995,29.4400651408
325.0001,28.0665514307,28.0379999856,29.6196345011,28.0807005299,29.4334039629
326.0001,28.0665493011,28.0292134464,29.6135644477,28.0714763476,29.4267468746
326.9997,28.0665493011,28.0204558191,29.6075047935,28.0622787525,29.4201011911
328.0003,28.0347951199,28.0117147874,29.6014470481,28.0530948265,29.413457601
329.0007,28.0347919464,28.0030007914,29.5953984756,28.0439355544,29.406824071
330.0007,28.0347919464,27.9943154772,29.5893602676,28.0348026899,29.4002019078
331.0003,27.9912967682,27.9856587419,29.5833324041,28.0256961495,29.3935910896
332.0009,27.9912967682,27.9770184111,29.5773064395,28.0166031429,29.3869823539
332.9997,27.9912967682,27.9684185608,29.5712992164,28.0075490319,29.3803941722
334.0007,27.9780267622,27.9598246929,29.5652866715,27.9984975141,29.373800154
335.0006,27.9780254364,27.951265108,29.5592886289,27.9894784109,29.3672220406
336.0003,27.9662876129,27.9427319814,29.5532996642,27.9804835045,29.360653883
337.0005,27.9662876129,27.9342192777,29.5473155769,27.9715064513,29.3540910745
338.0003,27.9662876129,27.9257345891,29.5413417425,27.9625552767,29.3475395105
339.0003,27.8756232336,27.9172727452,29.5353745633,27.9536245468,29.3409952454
340.0007,27.8756141663,27.9088320046,29.5294128427,27.9447124404,29.3344569666
341.0009,27.8756141663,27.9004173664,29.5234601482,27.9358242541,29.327928587
342.0006,27.9224901988,27.8920312582,29.5175182468,27.9269625755,29.3214120442
343.0002,27.9224948883,27.8836702324,29.5115847437,27.9181237844,29.314904712
344.0007,27.9224948883,27.8753258834,29.5056537022,27.9092990101,29.3084000794
345.0005,27.8555402967,27.867011493,29.4997345993,27.9005023172,29.3019085399
345.9999,27.8555335999,27.8587244567,29.4938256358,27.8917309757,29.2954281205
347.0005,27.8555335999,27.8504514666,29.4879173507,27.8829709149,29.2889484451
348.0007,27.8178767664,27.842205711,29.4820191909,27.8742361145,29.2824798742
349.0001,27.8178730011,27.8339903753,29.4761334909,27.8655299746,29.276024968
350.0007,27.8178730011,27.8257889643,29.4702484667,27.8568350316,29.2695708031
351,27.8305136428,27.817621897,29.4643788108,27.8481729529,29.2631334927
352.0009,27.8305149078,27.8094654142,29.4585074825,27.8395185568,29.2566943481
353.0004,27.7817459106,27.8013439023,29.4526520722,27.8308977363,29.250272661
353.9998,27.7817459106,27.7932466768,29.4468049365,27.822299177,29.2438600488
355.0007,27.7817459106,27.7851607557,29.4409567205,27.8137091047,29.2374462517
356.0003,27.7274357774,27.7771086985,29.4351237767,27.8051515034,29.2310492038
356.9999,27.7274303436,27.7690799203,29.4292984941,27.7966151491,29.224660558
358.0005,27.7274303436,27.7610663565,29.4234750465,27.7880914813,29.2182739247
359.0003,27.7502593994,27.7530823628,29.4176639021,27.7795957869,29.2119007845
359.9999,27.7502593994,27.7451230461,29.4118615521,27.7711228833,29.2055372891
361.0001,27.7502593994,27.7371819834,29.4060633471,27.7626659497,29.1991783397
362.0005,27.7212877623,27.7292623115,29.4002716052,27.7542283411,29.1928264783
363.0005,27.7212848663,27.721368707,29.3944897877,27.7458150596,29.1864855012
364.0003,27.7212848663,27.7134995044,29.3887167215,27.7374243516,29.1801541216
365.0005,27.7021446291,27.705649922,29.3829489342,27.7290511361,29.1738285315
366.0003,27.7021427155,27.6978261723,29.3771910292,27.7207020585,29.1675137795
367.0006,27.7021427155,27.6900211504,29.3714378146,27.7123695546,29.1612041714
367.9999,27.6718723074,27.6822464778,29.3656979019,27.7040660524,29.1549091517
369.0003,27.671869278,27.6744857545,29.3599592201,27.695774054,29.1486154819
369.9999,27.671869278,27.666753665,29.3542326619,27.687509266,29.1423351081
371.0007,27.6712341943,27.6590346875,29.348506764,27.6792551133,29.1360554586
372.0007,27.6712341309,27.6513441961,29.3427929639,27.6710280524,29.1297890768
372.9999,27.627131108,27.643682073,29.3370912336,27.6628279833,29.1235359321
374.0001,27.6271266937,27.6360344577,29.3313912941,27.6546400893,29.1172847514
375.0009,27.6271266937,27.6284043976,29.3256954331,27.6464676433,29.1110380436
376.0001,27.5977679074,27.6208085683,29.3200161505,27.6383285292,29.1048095174
377.0001,27.5977649689,27.613228635,29.3143397861,27.6302031229,29.0985841918
377.9999,27.5977649689,27.6056721338,29.3086720133,27.6220995177,29.0923682887
378.9997,27.6243286133,27.5981374834,29.3030116864,27.6140160365,29.0861605514
380.0008,27.6243286133,27.5906148658,29.29735145,27.6059421577,29.0799529135
381.0005,27.6243286133,27.5831245036,29.2917065592,27.5978996041,29.0737621052
382.0005,27.5918821356,27.5756535606,29.2860673928,27.5898746163,29.0675775749
383.0005,27.591878891,27.5682042252,29.280435636,27.5818695611,29.0614011709
384.0003,27.591878891,27.5607779182,29.2748124033,27.5738859842,29.0552341153
385,27.5573230981,27.5533738249,29.2691971193,27.5659230288,29.049075777
386.0008,27.5573196411,27.5459830278,29.2635830448,27.5579711167,29.0429187653
386.9997,27.5573196411,27.538627594,29.2579869901,27.550054012,29.0367815162
388.0003,27.4962009477,27.5312809465,29.2523887754,27.5421431266,29.030641898
389.0002,27.4961948395,27.523960677,29.2468018297,27.5342574159,29.0245146387
390.0007,27.4810367477,27.5166572037,29.2412188784,27.5263865758,29.0183917601
391.0006,27.4810352325,27.509379225,29.2356466081,27.5185399978,29.0122805954
392.0002,27.4810352325,27.5021244679,29.2300833274,27.5107152529,29.0061792898
393.0007,27.4656143188,27.494884181,29.2245223546,27.5029029166,29.0000805153
394.0001,27.4656143188,27.4876727709,29.2189747944,27.4951185519,28.9939964505
395.0001,27.4656143188,27.4804778945,29.2134311952,27.4873488545,28.9879167297
395.9997,27.5152805228,27.4733066927,29.2078970932,27.4796015521,28.9818474246
397.0001,27.5152854919,27.4661505088,29.2023658396,27.4718673076,28.9757812433
398.0005,27.5152854919,27.4590150305,29.1968418567,27.4641522814,28.9697230361
399.0001,27.4149441975,27.451905879,29.1913295439,27.4564625723,28.9636776273
400.0009,27.4149341583,27.4448087831,29.1858178667,27.4487827584,28.9576329158
401.0006,27.4149341583,27.4377399967,29.1803194836,27.4411304447,28.951602784
402.0005,27.401966095,27.4306902405,29.1748272251,27.4334956071,28.9455793691
403.0005,27.401966095,27.4236601696,29.1693416344,27.4258789706,28.9395632669
404.0009,27.401966095,27.4166476314,29.1638610617,27.4182782171,28.9335526679
405.0005,27.4152494493,27.4096609665,29.1583920672,27.4107024057,28.9275547669
405.9999,27.4152507782,27.4026958923,29.152931348,27.403146914,28.9215659415
407.0003,27.4010443584,27.3957440114,29.1474723465,27.3956026456,28.9155789998
408.0003,27.4010429382,27.3888150125,29.1420226993,27.3880801286,28.9096023171
408.9999,27.4010429382,27.3819088132,29.1365823882,27.3805792941,28.9036358735
410.0005,27.3399013595,27.3750157012,29.131143791,27.373089607,28.8976713095
411.0001,27.3398952484,27.3681493966,29.1257177688,27.3656259915,28.8917205366
412.0005,27.3398952484,27.3612974714,29.1202945393,27.3581749559,28.8857728265
412.9997,27.3420331722,27.3544735547,29.1148849312,27.3507513392,28.8798400551
414.0003,27.3420333862,27.3476598388,29.1094748608,27.343335784,28.8739067767
414.9999,27.3420333862,27.3408726215,29.1040772995,27.3359460424,28.8679872172
416,27.3398952484,27.3341016462,29.098684133,27.3285709656,28.8620724775
416.9999,27.3398952484,27.3273516041,29.0932991301,27.3212156785,28.8561666909
417.9999,27.3398952484,27.3206204105,29.0879206648,27.313877926,28.8502680741
419.0003,27.3043687093,27.3139060041,29.0825471194,27.306555475,28.8443748531
420.0005,27.3043651581,27.3072123614,29.0771817096,27.2992526775,28.8384905545
421.0007,27.3043651581,27.3005380821,29.0718233513,27.2919680225,28.8326139892
422.0007,27.2626537073,27.2938844389,29.0664731044,27.2847029161,28.8267463199
423.0005,27.2626495361,27.2872513643,29.0611309555,27.2774573026,28.8208875317
424.0007,27.2641544342,27.280634828,29.0557936916,27.2702267944,28.8150341009
425.0009,27.2641544342,27.2740374318,29.050463442,27.263014249,28.8091883628
426.0005,27.2641544342,27.2674630611,29.0451433889,27.2558239326,28.8033538073
426.9999,27.28333472,27.2609090069,29.0398313856,27.2486529017,28.7975280801
428,27.2833366394,27.2543693264,29.0345226447,27.2414946678,28.7917059308
429.0001,27.2833366394,27.2478485619,29.02922088,27.2343542155,28.7858914324
429.9997,27.1943600975,27.2413499046,29.0239287277,27.2272350572,28.780087476
431.0005,27.1943511963,27.2348622677,29.0186371858,27.22012506,28.774284189
432.0005,27.1943511963,27.2283985728,29.0133568239,27.2130383992,28.7684931631
433.0002,27.1915779114,27.221955503,29.0080849812,27.2059714585,28.7627114804
434,27.1915779114,27.2155304206,29.0028195371,27.1989213614,28.7569368152
434.9999,27.1915779114,27.2091232774,28.9975604846,27.1918880694,28.7511691597
435.9997,27.1878528595,27.2027353011,28.9923088667,27.184872946,28.7454096577
437.0001,27.1878528595,27.1963619796,28.9870610024,27.1778710492,28.7396542724
437.9999,27.1878528595,27.1900109043,28.9818231776,27.1708907347,28.7339098975
439.0005,27.1461257935,27.1836731342,28.976588051,27.1639221901,28.7281684817
440.0005,27.1461257935,27.1773574891,28.9713629403,27.1569751276,28.7224380505
441.0001,27.1461257935,27.1710626256,28.9661467811,27.1500480888,28.7167174365
442.0005,27.1145973206,27.1647809447,28.9609333067,27.1431327256,28.7109997669
442.9999,27.1145973206,27.158523691,28.9557318865,27.1362414326,28.7052953173
444.0002,27.1269652399,27.1522789133,28.9505326219,27.1293610634,28.6995932317
444.9999,27.1269664764,27.1460559317,28.9453433034,27.1225019005,28.6939020541
446.0005,27.1269664764,27.1398453649,28.9401561389,27.1156536175,28.6882132389
447.0005,27.115814209,27.133656479,28.9349788986,27.1088264458,28.6825353076
448.0001,27.115814209,27.1274879575,28.9298105278,27.1020189523,28.6768671036
449,27.115814209,27.1213354263,28.9246473973,27.0952263252,28.6712046467
449.9999,27.0954419485,27.1152006877,28.9194910503,27.0884505682,28.6655496293
451.0003,27.0954399109,27.109080636,28.9143389046,27.0816882637,28.6598992195
451.9999,27.0954399109,27.1029831646,28.9091976432,27.0749481499,28.6542607467
453.0003,27.0886173248,27.0968984627,28.9040590281,27.0682193965,28.648625176
453.9997,27.0886173248,27.0908374218,28.8989322941,27.0615140639,28.6430026355
455.0001,27.0886173248,27.084787862,28.8938071727,27.0548186918,28.6373818635
456,27.0589419482,27.0787588161,28.8886913447,27.0481432903,28.6317712838
457.0007,27.0589389801,27.072742403,28.8835781531,27.0414791468,28.6261635954
458.0004,27.0589389801,27.066749389,28.8784767844,27.0348382022,28.6205688731
459.0003,27.0160179138,27.060772509,28.873381098,27.0282124239,28.6149803829
459.9996,27.0160179138,27.0548164847,28.8682951583,27.0216070623,28.6094025819
460.9999,26.9934406281,27.04887174,28.8632108172,27.0150115105,28.603826534
461.9999,26.9934406281,27.0429459691,28.8581346805,27.0084343164,28.5982594842
462.9997,26.9934406281,27.0370385168,28.853066227,27.0018747696,28.5927008605
464.0003,26.9693031311,27.0311434403,28.8480003844,26.9953262831,28.5871451001
465,26.9693031311,27.0252707032,28.8429457497,26.9887999399,28.5816016316
465.9997,26.9693031311,27.0194149462,28.8378977546,26.9822898021,28.5760654448
467.0001,26.9928050388,27.0135720378,28.8328528627,26.9757912881,28.5705326614
468.0003,26.9928073883,27.007747198,28.8278156089,26.969310216,28.5650082547
469.0002,26.9928073883,27.0019409479,28.8227864831,26.9628471817,28.559492762
470.0003,26.9683824169,26.9961503326,28.8177629608,26.956398911,28.5539834148
471.0007,26.9683799744,26.9903747372,28.8127445359,26.9499647311,28.5484796581
471.9999,26.9683799744,26.9846227506,28.8077387157,26.9435542282,28.5429897248
472.9998,26.937795639,26.9788833746,28.8027359676,26.937155161,28.5375031609
474.0005,26.937795639,26.9731560243,28.7977357977,26.9307668857,28.5320194245
475.0003,26.937795639,26.967450379,28.7927466905,26.9244002128,28.5265478207
476.0002,26.9427394867,26.9617606641,28.7877636395,26.9180487161,28.5210828588
477.0005,26.9427394867,26.9560851372,28.782785146,26.9117104625,28.5156228951
478.0009,26.9009914398,26.9504254652,28.7778126993,26.9053873254,28.510169563
479.0004,26.9009914398,26.9447872382,28.7728512534,26.8990855676,28.5047282957
480.0009,26.9009914398,26.9391596934,28.7678913694,26.8927931729,28.4992887411
481.0001,26.9043728305,26.9335557133,28.7629444376,26.8865245609,28.4938633915
481.9999,26.9043731689,26.9279645776,28.758001036,26.8802677565,28.4884419135
482.9999,26.9043731689,26.9223884958,28.7530631417,26.8740252428,28.4830264754
483.9999,26.8586025238,26.9168285412,28.7481317357,26.8677982344,28.477618153
485.0007,26.8586025238,26.9112802385,28.743202872,26.8615817298,28.4722126188
486.0005,26.8586025238,26.9057535154,28.738285405,26.8553868667,28.4668195836
486.9997,26.8453363344,26.9002460758,28.7333773435,26.8492110913,28.4614368633
488.0007,26.8453350067,26.8947446738,28.7284669016,26.8430395593,28.4560515325
488.9999,26.8453350067,26.8892690487,28.7235717309,26.8368944279,28.4506829498
489.9999,26.8780923511,26.8838048826,28.7186790756,26.8307596461,28.4453171258
491.0003,26.8780956268,26.8783543438,28.7137908959,26.8246376573,28.4399562102
491.9999,26.8780956268,26.8729239152,28.708913043,26.8185357579,28.43460662
493.0001,26.8691033772,26.8675059409,28.7040386747,26.8124453596,28.4292608515
493.9997,26.869102478,26.8621068756,28.6991736308,26.8063737316,28.4239253091
495.0003,26.8248882294,26.8567180416,28.6943101194,26.8003111271,28.4185914475
495.9997,26.8248882294,26.8513512372,28.6894588236,26.7942708338,28.4132709827
497.0007,26.8248882294,26.8459913907,28.6846061469,26.7882359003,28.4079490037
498.0003,26.8375536645,26.8406545253,28.6797666265,26.7822243805,28.4026414531
499.0001,26.8375549316,26.8353320258,28.6749324961,26.776226588,28.3973398139
500.0006,26.8375549316,26.8300212067,28.6701013384,26.7702395063,28.392041435
500.9999,26.789642334,26.8247320975,28.665282315,26.7642744571,28.3867563637
502.0009,26.789642334,26.8194493161,28.6604614373,26.7583141039,28.3814692588
502.9999,26.789642334,26.814192338,28.6556565135,26.7523804343,28.3761996508
503.9999,26.741696384,26.8089453097,28.6508530967,26.7464555707,28.3709316955
505.0005,26.7416915894,26.8037103222,28.646053115,26.7405418818,28.3656675075
506.0004,26.7416915894,26.798494131,28.6412627955,26.734647012,28.3604139161
507.0006,26.7345797973,26.7932914663,28.6364773353,26.7287650205,28.355165654
507.9998,26.7345790863,26.788109031,28.6317029393,26.7229035007,28.3499295261
509.0005,26.7345790863,26.7829338262,28.6269276586,26.7170477617,28.3446924279
509.9999,26.7302684784,26.7777802935,28.6221648481,26.7112141563,28.3394690059
511.0001,26.7302684784,26.7726375497,28.6174044869,26.7053903796,28.3342482702
512,26.7302684784,26.7675112185,28.6126518071,26.6995828113,28.3290359586
513.0008,26.760226117,26.7623951181,28.607901102,26.6937844588,28.3238258128
514.0003,26.7602291107,26.7573004432,28.6031628031,26.6880080236,28.3186292729
515.0007,26.7203504375,26.7522159282,28.5984264688,26.6822407469,28.3134348876
516.0007,26.7203464508,26.7471481487,28.5936982504,26.6764900982,28.3082494032
516.9997,26.7203464508,26.7421000721,28.5889809636,26.6707594624,28.3030759076
517.9997,26.7197132111,26.7370615498,28.5842651564,26.6650373313,28.2979040345
519.0005,26.7197132111,26.7320335867,28.5795517803,26.6593248523,28.2927348278
520.0007,26.7197132111,26.7270231784,28.5748474226,26.6536299855,28.2875755116
521.0002,26.6860194542,26.7220307555,28.5701525334,26.6479532373,28.2824265796
522.0007,26.6860160828,26.7170477913,28.5654591221,26.6422849237,28.2772792684
523.0009,26.6860160828,26.7120807338,28.5607732854,26.6366323896,28.2721402644
523.9997,26.6890808851,26.7071349672,28.5561001529,26.6310017807,28.2670151932
525.0007,26.689081192,26.7021926412,28.5514228805,26.6253727845,28.2618855817
526.0004,26.689081192,26.6972710145,28.5467578224,26.6197650668,28.2567693657
527.0005,26.6696205524,26.6923616571,28.5420970292,26.6141690381,28.2516578272
528.0005,26.6696186066,26.6874669889,28.5374428259,26.6085874679,28.2465535159
528.9998,26.6696186066,26.6825898885,28.5327979897,26.6030236539,28.2414594774
530.0007,26.6646695314,26.6777191088,28.52815183,26.5974647746,28.2363639876
531.0001,26.6646690369,26.6728696971,28.52351873,26.5919280148,28.2312828204
532.0004,26.6238310632,26.6680299544,28.51888755,26.5864000316,28.2262037589
533.0007,26.6238269806,26.6632042134,28.514262457,26.5808857831,28.2211313732
534.0003,26.6238269806,26.658395796,28.5096466733,26.5753890796,28.216069197
535.0006,26.5628742123,26.6535979273,28.5050337262,26.5699021886,28.2110101317
536.0001,26.5628681183,26.6488177598,28.5004305242,26.564433302,28.2059617539
536.9996,26.5628681183,26.6440514107,28.4958333676,26.5589779924,28.2009200063
537.9997,26.5792734907,26.6392959911,28.4912394943,26.5535329635,28.1958818594
539.0001,26.5792751312,26.6345529062,28.4866502825,26.5480998331,28.1908488248
540.0003,26.5792751312,26.629824489,28.4820680188,26.5426812853,28.1858234104
541.0003,26.6006259918,26.6251106915,28.4774926917,26.5372772784,28.1808056034
541.9997,26.6006259918,26.6204133433,28.4729261163,26.5318899244,28.1757973944
542.9999,26.6006259918,26.6157258288,28.4683618894,26.5265116472,28.170791761
544.0005,26.5978183746,26.6110500079,28.4638018391,26.5211445886,28.1657907082
545.0005,26.5978183746,26.6063905101,28.4592505133,26.5157940751,28.1607992235
545.9998,26.5978183746,26.6017477362,28.4547083473,26.5104605827,28.1558177847
547.0005,26.5334720612,26.5971119044,28.4501657945,26.5051328843,28.1508359216
548.0007,26.5334720612,26.5924917962,28.4456314799,26.4998210803,28.1458630933
549.0006,26.5436867988,26.5878864326,28.4411044818,26.4945240599,28.1408982891
549.9999,26.5436878204,26.5832971389,28.4365861425,26.4892433617,28.1359429811
551.0001,26.5436878204,26.5787169938,28.4320696746,26.4839710324,28.1309897256
552.0003,26.5712004808,26.5741500981,28.4275591425,26.4787118013,28.1260429799
553.0001,26.5712032318,26.569598232,28.4230563385,26.4734677313,28.1211047097
553.9999,26.5712032318,26.5650595282,28.4185594499,26.468236684,28.1161729269
554.9999,26.5306742189,26.5605330446,28.4140675711,26.4630175847,28.1112466384
555.9999,26.530670166,26.5560196526,28.4095815945,26.4578114486,28.1063268229
557.0001,26.530670166,26.5515184156,28.4051006169,26.4526172064,28.1014124899
558.0005,26.5204563141,26.5470293035,28.400624634,26.4474348336,28.0965036347
558.9999,26.5204563141,26.5425576479,28.3961590002,26.4422704991,28.0916061294
560.0004,26.5204563141,26.5380940171,28.3916943251,26.4371133212,28.0867096755
561,26.4805585725,26.5336473003,28.3872395277,26.4319735811,28.0818240546
562.0003,26.4805545807,26.5292103389,28.3827874679,26.4268430162,28.0769414361
563.0003,26.4805545807,26.5247875388,28.3783425924,26.4217267316,28.0720666965
564.0005,26.4387668432,26.5203766496,28.37390267,26.4166221356,28.0671973892
565.0009,26.4387626648,26.5159776421,28.3694676967,26.4115292041,28.0623335096
565.9999,26.4452495575,26.5115974919,28.3650447474,26.4064560283,28.0574828167
567.0002,26.4452495575,26.5072243223,28.3606218596,26.4013888636,28.0526321914
568.0003,26.4452495575,26.5028646751,28.3562056677,26.3963352981,28.0477889095
569.0003,26.4369133703,26.4985180723,28.3517957197,26.3912947894,28.0429524755
569.9997,26.4369125366,26.4941866374,28.3473942071,26.3862698136,28.0381252925
571.001,26.4369125366,26.4898595234,28.3429901231,26.3812477938,28.0332952894
572.0005,26.3982258402,26.4855526856,28.3385997348,26.3762472583,28.0284803066
573.0005,26.3982219696,26.4812561527,28.3342129205,26.3712566448,28.0236692435
574.0007,26.3982219696,26.4769711907,28.3298309948,26.3662774328,28.0188635416
575.0001,26.3898849487,26.4727020366,28.3254583258,26.3613145585,28.0140679918
576.0005,26.3898849487,26.4684409692,28.3210870322,26.3563590564,28.0092739504
577.0001,26.3898849487,26.4641956233,28.3167249735,26.3514198159,28.0044900368
577.9999,26.3858303311,26.4599617053,28.312367773,26.3464918541,27.9997114514
579.0001,26.3858299255,26.4557383436,28.3080145568,26.3415741658,27.9949372356
580.0002,26.3858299255,26.4515276197,28.3036674961,26.3366691846,27.9901697706
581.0002,26.413672524,26.4473294945,28.2993265816,26.3317768763,27.9854090463
582.0007,26.4136753082,26.4431414212,28.2949892049,26.3268942826,27.9806522017
583.0007,26.4136753082,26.4389675506,28.2906596934,26.3220262534,27.9759039832
584.0003,26.3533347419,26.4348074141,28.2863375993,26.3171722556,27.9711638992
585.0005,26.3533287048,26.4306568185,28.2820185927,26.3123274067,27.9664272015
586.0003,26.3032028748,26.4265198824,28.2777069862,26.3074965244,27.9616986195
586.9997,26.3031978607,26.4223965567,28.2734027654,26.3026795643,27.9569781375
588.0003,26.3031978607,26.41828022,28.2690990389,26.2978687992,27.9522581975
589,26.3554959435,26.4141794821,28.2648048342,26.2930743014,27.9475487001
589.9999,26.3555011749,26.410089784,28.2605154127,26.2882907531,27.9428444487
591.0001,26.3555011749,26.4060106913,28.2562303425,26.2835176552,27.9381449693
591.9999,26.2970391579,26.4019450228,28.2519526142,26.2787583171,27.9334535418
593.0001,26.2970333099,26.3978894912,28.2476787974,26.2740089009,27.9287664042
594.0006,26.2970333099,26.3938444802,28.2434093181,26.2692698645,27.9240840234
595.0004,26.345570478,26.389813992,28.2391484328,26.2645459084,27.9194110679
596.0006,26.3455753326,26.3857935528,28.2348914437,26.2598318004,27.9147423853
597.0007,26.3455753326,26.3817851443,28.2306404741,26.2551298734,27.9100803043
597.9997,26.3118228912,26.3777927197,28.226399757,26.2504447787,27.9054294675
599.0003,26.3118228912,26.3738054639,28.222157828,26.2457638336,27.9007773014
600.0002,26.3118228912,26.3698325244,28.2179244378,26.2410977846,27.8961345
600.9999,26.2647847498,26.3658718655,28.2136974547,26.236444254,27.8914987253
602.0004,26.2647800446,26.3619195026,28.2094726481,26.2317985684,27.8868653376
602.9998,26.2595429893,26.357982903,28.2052580313,26.2271695163,27.8822431252
604.0005,26.2595424652,26.3540525835,28.2010434777,26.2225459561,27.877620982
604.9999,26.2595424652,26.3501387231,28.1968399299,26.2179398721,27.8730109091
605.9997,26.2626072679,26.3462346159,28.1926402231,26.2133433854,27.8684050486
607.0005,26.2626075745,26.34233791,28.1884418412,26.2087537329,27.8638006411
608.0003,26.2626075745,26.3384563598,28.184253167,26.2041800584,27.8592068801
609.0001,26.202570245,26.3345860337,28.1800699955,26.1996177418,27.854619154
609.9997,26.2025642395,26.3307276701,28.1758931545,26.1950676642,27.8500383708
611.0005,26.2025642395,26.3268758494,28.1717167953,26.1905234418,27.8454581158
611.9997,26.1809043884,26.3230413091,28.1675525918,26.1859977533,27.8408911921
613.0001,26.1809043884,26.3192132651,28.1633888643,26.181477882,27.8363247904
614.0003,26.1809043884,26.315397059,28.1592314408,26.1769701419,27.8317653024
615.0007,26.2344417572,26.3115911327,28.1550786514,26.1724727025,27.8272108967
615.9999,26.2344417572,26.3078007637,28.1509362924,26.1679918132,27.8226679301
616.9999,26.2344417572,26.304018327,28.1467960619,26.1635184705,27.8181272979
618.0003,26.2140026093,26.3002453235,28.1426596188,26.1590544561,27.8135908193
619.0005,26.2140026093,26.2964839877,28.1385294383,26.1546024231,27.809061209
619.9999,26.2214119173,26.292736528,28.1344079828,26.1501649981,27.8045411674
621.0007,26.2214126587,26.2889946735,28.1302861773,26.1457323953,27.8000207421
622.0001,26.2214126587,26.2852688616,28.1261755467,26.1413169887,27.7955125724
622.9998,26.1762447357,26.2815527055,28.1220690826,26.1369112221,27.7910089721
624.0003,26.1762447357,26.2778443331,28.1179647329,26.1325128829,27.7865076907
625.0007,26.1762447357,26.2741470606,28.1138661884,26.1281259118,27.7820127758
626.0004,26.1855078014,26.2704630614,28.1097758935,26.1237528998,27.7775269085
627.0001,26.185508728,26.266789714,28.1056909715,26.1193907464,27.7730469337
628.0008,26.185508728,26.2631233289,28.1016073373,26.1150350773,27.7685683711
629.0007,26.1734352112,26.2594704736,28.0975323308,26.1106937036,27.7640992707
630.0007,26.1734352112,26.2558278183,28.0934622715,26.1063626796,27.7596355959
631.0003,26.1734352112,26.2521971491,28.0893991849,26.102044139,27.7551795681
632.0005,26.1449479931,26.2485748065,28.0853390009,26.0977337381,27.7507267237
633.0003,26.1449451447,26.244964385,28.0812857735,26.0934357631,27.7462815086
634,26.1449451447,26.241364763,28.0772382754,26.0891488896,27.7418425769
635.0003,26.1182994843,26.2377733978,28.0731936696,26.0848700975,27.7374068172
635.9999,26.1182994843,26.2341949249,28.0691572046,26.0806049195,27.7329799857
637.0003,26.0845336914,26.2306239461,28.0651228173,26.0763469304,27.7285554326
637.9997,26.0845336914,26.2270668535,28.0610977579,26.072103762,27.7241411097
638.9999,26.0845336914,26.2235172076,28.0570747685,26.0678677428,27.719729057
639.9997,26.1402587891,26.2199792435,28.053058672,26.0636439349,27.7153245637
641.0005,26.1402587891,26.2164479866,28.0490438424,26.0594264073,27.7109214599
642.0003,26.1402587891,26.212930464,28.0450382961,26.055223562,27.7065285372
643.0005,26.096935789,26.2094217117,28.0410364126,26.0510294787,27.7021396314
643.9999,26.0969314575,26.2059259038,28.037042983,26.0468491568,27.6977599972
644.9998,26.0969314575,26.202438459,28.0330528036,26.0426771284,27.6933839275
646.0001,26.0622653961,26.1989597106,28.0290662735,26.0385137987,27.68901186
647.0001,26.0622653961,26.1954920652,28.0250861764,26.0343620571,27.6846468476
648.0005,26.0622653961,26.192033068,28.0211097201,26.0302189732,27.6802858282
649.0001,26.0477290392,26.188586833,28.0171416644,26.026089485,27.6759340218
650.0004,26.0477275848,26.1851481584,28.0131760473,26.0219673685,27.6715848898
651.0008,26.0477275848,26.1817190899,28.0092152468,26.0178550832,27.6672410403
651.9997,25.9844995854,26.1783050622,28.0052655799,26.0137591592,27.662909401
653.0004,25.9844932556,26.1748947724,28.0013139938,26.0096660442,27.6585756569
653.9997,25.9844932556,26.1714991031,27.997373121,26.005588808,27.6542536623
655.0009,26.0584909917,26.1681068197,27.9934299446,26.0015139686,27.6499291413
656.0007,26.0584983826,26.1647290822,27.9894974587,25.9974549391,27.6456163445
657.0005,26.0634817861,26.1613611118,27.9855701388,25.9934059896,27.6413092136
658.0007,26.0634822845,26.1580015387,27.9816464102,25.9893654812,27.6370060211
659.0003,26.0634822845,26.1546536908,27.9777301873,25.9853374254,27.6327110603
660.0004,26.0554008484,26.1513138544,27.9738171532,25.9813173633,27.6284195965
661.0003,26.0554008484,26.1479843435,27.9699100422,25.9773080883,27.6241346288
662.0005,26.0554008484,26.1446634666,27.9660068945,25.9733075722,27.6198540076
663.0003,26.0461320612,26.1413535187,27.9621104344,25.9693185886,27.6155807208
664.0001,26.046131134,26.1380531419,27.958219093,25.965339511,27.6113130477
665.0008,26.046131134,26.1347593505,27.9543293677,25.9613667463,27.6070471471
666.0007,26.0328044891,26.1314777139,27.9504478605,25.9574070202,27.6027902592
667.0005,26.0328044891,26.1282058943,27.9465718403,25.953457523,27.5985393891
667.9997,26.0328044891,26.1249454906,27.9427032336,25.949520195,27.5942966493
668.9999,26.0043096421,26.1216912603,27.938835842,25.9455887131,27.5900552422
670.0003,26.0043067932,26.1184457959,27.9349727612,25.941666215,27.5858185628
671.0003,26.0043067932,26.1152110138,27.9311163,25.9377550261,27.5815891432
672.0003,26.016412735,26.1119855875,27.927264906,25.933853552,27.5773652809
673.0003,26.016412735,26.1087694897,27.9234185727,25.9299617685,27.5731469686
674.0005,25.9491606247,26.1055620531,27.9195765255,25.926078876,27.568933357
675.0006,25.9491539001,26.1023642143,27.9157399111,25.9222060167,27.5647257036
676.0005,25.9491539001,26.0991762619,27.9119091041,25.9183435494,27.5605244192
677.0001,25.9420268514,26.0959984812,27.9080844773,25.9144918295,27.5563299126
678.0004,25.9420261383,26.092827672,27.9042622008,25.9106469854,27.5521379837
679.0002,25.9420261383,26.0896676142,27.900446855,25.9068136089,27.5479536558
679.9997,25.9042510637,26.0865176382,27.896637664,25.9029908979,27.5437760779
681.0003,25.9042472839,26.0833733164,27.8928292918,25.8991734856,27.5395993979
682.0003,25.9042472839,26.0802399714,27.8890282057,25.8953678414,27.5354307088
683.0009,25.9596921817,26.0771138168,27.885229838,25.8915693749,27.5312650009
684.0003,25.9596977234,26.074000442,27.8814410106,25.8877848872,27.5271097559
685.0005,25.9596977234,26.070893585,27.8776541317,25.8840067758,27.5229566479
685.9998,25.9023914337,26.067798499,27.8738756304,25.8802414374,27.5188127277
687,25.9023914337,26.0647095828,27.8700986941,25.8764820663,27.5146705238
688.0003,25.9023914337,26.0616292948,27.8663263448,25.8727316603,27.5105333505
688.9999,25.8745212555,26.0585600645,27.8625615883,25.8689931872,27.5064045044
690.0005,25.8745212555,26.0554966504,27.8587980177,25.86526027,27.5022769589
691.0007,25.9280876004,26.0524433209,27.8550408969,25.861538117,27.4981564869
692.0001,25.9280929565,26.0494012557,27.851291713,25.8578281771,27.4940447193
693,25.9280929565,26.0463664681,27.8475455805,25.8541255974,27.4899362982
693.9998,25.881941643,26.0433407591,27.8438047436,25.8504325822,27.485833685
695.0004,25.881937027,26.0403213888,27.8400658337,25.8467457941,27.4817331851
696.0001,25.881937027,26.0373134604,27.836335196,25.8430714725,27.4776417574
697.0002,25.867686743,26.0343130307,27.832607969,25.8394048098,27.4735540701
698.0002,25.867685318,26.0313215784,27.8288860119,25.8357476207,27.4694721625
699.0006,25.867685318,26.0283375866,27.8251674594,25.832098058,27.4653939888
700.0001,25.8531413326,26.0253649015,27.8214571337,25.8284608349,27.4613248375
700.9998,25.8531398773,26.0224002175,27.8177509399,25.8248319164,27.4572602176
701.9999,25.8531398773,26.0194429243,27.8140481345,25.8212105622,27.4531993138
703.0003,25.881300972,26.0164933019,27.8103490863,25.8175971215,27.4491425306
704.0007,25.8813037872,26.0135522138,27.8066549005,25.8139926596,27.4450910801
705.0006,25.8813037872,26.0106210989,27.8029674135,25.8103989488,27.4410469761
706.0005,25.8596308449,26.0076984605,27.7992847711,25.8068141634,27.4370081854
707.0001,25.8596286774,26.0047851473,27.79560807,25.8032393526,27.4329759104
708,25.8115911842,26.0018793861,27.7919350966,25.7996723485,27.4289477237
708.9997,25.81158638,25.9989826068,27.7882676822,25.7961149143,27.4249256336
710.0003,25.81158638,25.9960916066,27.78460179,25.7925631227,27.420905213
711.0007,25.9224739075,25.993209548,27.7809414489,25.7890208657,27.4168908802
712.0008,25.9224739075,25.9903366889,27.7772870148,25.7854884689,27.4128830257
713.0007,25.9224739075,25.9874727115,27.7736381123,25.7819655506,27.4088812378
714.0007,25.8503394736,25.9846167313,27.7699936397,25.7784510307,27.4048843082
715.0007,25.8503322601,25.9817690113,27.7663539558,25.7749452403,27.4008926305
716.0005,25.8503322601,25.9789300945,27.7627197809,25.7714488563,27.3969069944
717.0003,25.8199645855,25.9760993868,27.7590903802,25.7679611549,27.3929265943
718.0003,25.8199615479,25.9732763007,27.7554650228,25.7644814196,27.3889506286
719.0005,25.8199615479,25.9704608174,27.7518437054,25.7610096339,27.3849790936
720.0003,25.7902060706,25.9676545998,27.7482285927,25.7575478566,27.3810143632
721.0007,25.7902030945,25.9648548199,27.7446160639,25.7540926063,27.3770524667
722.0009,25.7902030945,25.9620636982,27.7410090046,25.7506466298,27.3730965686
723.0003,25.7780888282,25.9592828734,27.7374095651,25.7472119602,27.3691490273
723.9997,25.778087616,25.9565100864,27.7338148524,25.7437858167,27.3652066699
725.0001,25.778087616,25.9537425518,27.7302212704,25.7403647626,27.3612655525
725.9998,25.7997929796,25.9509849527,27.7266349216,25.736954594,27.3573323679
727.0001,25.7997951508,25.9482336789,27.7230511356,25.7335508541,27.3534019939
728.0001,25.8038230682,25.9454911863,27.7194731327,25.730156588,27.3494779623
729,25.8038234711,25.9427568987,27.7159001883,25.7267710909,27.3455594783
730.0003,25.8038234711,25.9400294293,27.7123305116,25.7233926526,27.3416445782
731.0003,25.7359877718,25.9373106652,27.7087665952,25.7200236178,27.3377359954
732.0007,25.7359809875,25.9345986815,27.705205939,25.7166616084,27.3338309881
732.9996,25.7359809875,25.9318985932,27.7016552915,25.7133129753,27.3299369574
734.0007,25.8069210052,25.9292003847,27.6981014998,25.7099653028,27.3260394784
735.0001,25.8069210052,25.9265145506,27.6945584056,25.7066316181,27.3221537316
735.9999,25.8069210052,25.9238354095,27.6910185489,25.7033048795,27.3182715353
737.0003,25.7415493507,25.9211624147,27.6874812223,25.6999844132,27.3143921138
738.0006,25.7415428162,25.9184974198,27.6839488985,25.6966725283,27.3105181789
739.0001,25.7415428162,25.9158422571,27.6804240368,25.693371511,27.3066524278
740.0007,25.6953514486,25.9131918604,27.6768999327,25.6900750693,27.3027875076
741.0005,25.6953468323,25.9105512437,27.673383274,25.686789446,27.2989307528
742.0007,25.6953468323,25.9079172107,27.669869831,25.6835106724,27.2950775246
743.0007,25.7415381966,25.9052913219,27.6663617067,25.6802406975,27.2912301295
744.0009,25.7415428162,25.9026725048,27.6628574916,25.6769781932,27.2873870218
745,25.7170524597,25.9000641311,27.6593617282,25.6737273686,27.283553183
745.9997,25.7170524597,25.8974617348,27.6558684587,25.6704826663,27.2797220794
747.0001,25.7170524597,25.8948650487,27.6523773368,25.6672437573,27.275893331
747.9999,25.707112353,25.8922774264,27.6488928935,25.6640148318,27.2720719072
748.9999,25.7071113586,25.8896967712,27.6454123322,25.6607932812,27.2682547407
750.0003,25.7071113586,25.8871225519,27.6419349547,25.6575784486,27.264441066
751.0005,25.6742758205,25.8845562933,27.6384628421,25.6543722446,27.2606331653
751.9999,25.6742725372,25.8819995019,27.6349980642,25.6511765608,27.2568333088
752.9999,25.6742725372,25.8794485726,27.6315357603,25.6479868983,27.2530361653
753.9998,25.6965862844,25.8769052751,27.6280783512,25.6448054762,27.2492443902
755.0005,25.6965885162,25.8743673066,27.6246227238,25.6416294194,27.2454545691
756.0002,25.6965885162,25.8718392088,27.6211750867,25.638464419,27.2416735109
756.9999,25.7542076111,25.8693184206,27.6177319782,25.6353072775,27.2378974193
757.9999,25.7542076111,25.8668041676,27.6142923613,25.6321570316,27.2341251571
759.0003,25.7542076111,25.8642961851,27.6108558909,25.629013355,27.2303563455
760.0005,25.6832651502,25.8617959583,27.6074246233,25.6258781159,27.22659324
761.0003,25.6832580566,25.8593039597,27.6039992347,25.622751915,27.222836582
762.0001,25.729429245,25.8568191671,27.6005783461,25.6196334775,27.2190848592
763.0007,25.729429245,25.8543395799,27.5971592196,25.6165202981,27.215335069
764.0003,25.729429245,25.8518696359,27.5937479988,25.6134179557,27.211593949
765.0005,25.7145343415,25.8494053565,27.5903392149,25.6103214607,27.2078555016
766.0003,25.7145328522,25.846949187,27.5869362716,25.6072338921,27.2041234595
767.0003,25.7145328522,25.8444996306,27.5835371193,25.6041533757,27.2003955751
767.9998,25.6633809722,25.8420583783,27.5801441296,25.6010820452,27.1966744493
769.0003,25.6633758545,25.8396217512,27.5767522079,25.5980152782,27.1929544949
769.9998,25.6633758545,25.8371945998,27.5733681289,25.5949591861,27.1892431416
770.9997,25.6640128452,25.8347734975,27.5699871427,25.5919094625,27.1855351801
772.0005,25.6640129089,25.8323572271,27.5666075612,25.5888645784,27.1818287593
773.0004,25.6640129089,25.8299501142,27.5632354573,25.5858299912,27.1781305391
774.0001,25.6522140503,25.8275504418,27.5598684568,25.5828035455,27.174437916
774.9998,25.6522140503,25.8251577077,27.5565058792,25.5797846146,27.1707501434
776.0001,25.6522140503,25.822770462,27.5531457044,25.5767713749,27.1670650061
777.0007,25.6631134584,25.8203894099,27.5497889403,25.5737647214,27.1633836093
778.0001,25.6631145477,25.8180180916,27.5464406073,25.5707691328,27.1597114589
779.0005,25.6593479107,25.8156512651,27.5430933275,25.567777994,27.1560404637
780.0005,25.6593475342,25.8132922289,27.5397517834,25.5647954793,27.1523757588
781.0009,25.6593475342,25.810939076,27.5364132961,25.561819184,27.1487144063
782.0006,25.6785945892,25.8085943711,27.5330815285,25.558852359,27.1450604235
782.9999,25.6785945892,25.8062573797,27.529755468,25.5558940837,27.1414126996
784.0001,25.6785945892,25.8039250469,27.5264307851,25.5529404966,27.1377664866
785.0007,25.6807365417,25.8015985324,27.5231091446,25.5499930704,27.1341236102
786.0003,25.6807365417,25.7992810657,27.5197951844,25.5470559042,27.1304891568
786.9999,25.6807365417,25.796970299,27.5164855768,25.5441260304,27.1268594771
788.0001,25.631778717,25.7946648318,27.5131783336,25.541201679,27.1232323904
788.9998,25.631778717,25.7923671814,27.5098770869,25.5382860491,27.1196118801
790.0001,25.631778717,25.7900748012,27.5065781993,25.5353759156,27.1159939569
791.0002,25.6131972775,25.7877895094,27.5032843058,25.5324735921,27.1123815109
792.0005,25.6131954193,25.7855103728,27.4999940834,25.5295779,27.1087730911
793.0007,25.6131954193,25.7832380568,27.4967085138,25.5266896909,27.105169774
794.0006,25.5651350408,25.7809729927,27.4934282458,25.5238095201,27.1015722712
795.0005,25.5651302338,25.778714479,27.4901522875,25.5209365024,27.0979794949
796.0007,25.5651302338,25.776461822,27.4868796523,25.5180697613,27.0943903632
796.9999,25.6020050049,25.774217924,27.4836145836,25.5152129976,27.0908095297
798.0003,25.6020050049,25.7719778274,27.4803498883,25.5123599058,27.0872291056
799.0001,25.5487194061,25.76974555,27.4770914385,25.5095156083,27.0836555311
800.0005,25.5487194061,25.7675183937,27.4738353178,25.5066766736,27.0800845109
801.0006,25.5487194061,25.7652983463,27.4705844517,25.5038456412,27.0765192535
801.9999,25.5753604929,25.7630864886,27.4673404529,25.5010238976,27.0729615275
803.0007,25.5753631592,25.7608777178,27.4640958538,25.4982049379,27.0694031432
804.0001,25.5753631592,25.7586784168,27.4608600513,25.4953969144,27.0658544062
805.0007,25.5908435609,25.7564828435,27.4576246203,25.4925925022,27.0623060767
805.9998,25.590845108,25.7542969013,27.4543982838,25.4897992483,27.0587677211
807.0005,25.590845108,25.75211379,27.4511710262,25.4870084695,27.0552283554
808.0004,25.5508710789,25.7499387349,27.447950587,25.4842268502,27.0516964675
809.0003,25.5508670807,25.7477699699,27.444734379,25.4814521392,27.0481692199
810.0009,25.5508670807,25.745605965,27.4415201493,25.4786823842,27.0446441421
811.0001,25.5654201508,25.7434512374,27.438314634,25.4759233739,27.0411286213
812.0003,25.5654201508,25.7413005896,27.4351101255,25.47316846,27.0376142047
813,25.5654201508,25.7391572336,27.4319114272,25.4704217622,27.0341061602
814.0005,25.5406328183,25.737018367,27.4287143759,25.4676796949,27.0305999221
815.0004,25.5406303406,25.7348869667,27.4255234411,25.4649460802,27.027100392
816.001,25.5632724762,25.7327602445,27.4223344692,25.4622173479,27.0236030145
817.0005,25.5632724762,25.7306420049,27.4191531888,25.4594983861,27.0201140725
818.0005,25.5632724762,25.7285288335,27.4159744982,25.4567848192,27.0166279706
819,25.5623131758,25.7264228258,27.4128015704,25.4540793442,27.013148189
820.0007,25.5623130798,25.7243203887,27.4096290078,25.4513773495,27.0096688078
821.0006,25.5623130798,25.7222257099,27.4064631481,25.4486842229,27.0061967777
821.9997,25.5111713409,25.7201387575,27.4033039757,25.4459999316,27.0027320817
823.0009,25.5111713409,25.718053468,27.4001423235,25.4433166806,26.9992646661
824.0005,25.5111713409,25.7159775348,27.3969898731,25.4406443743,26.9958073422
824.9999,25.5183041111,25.7139080169,27.3938421929,25.4379792356,26.9923552498
826.0003,25.5183048248,25.711842419,27.3906955027,25.4353180559,26.9889042432
826.9997,25.5183048248,25.7097848535,27.3875560881,25.432666139,26.9854612158
828.0003,25.4959774017,25.7077307755,27.384417034,25.4300176326,26.9820185837
829.0002,25.4959774017,25.7056840726,27.3812842987,25.4273775546,26.9785828815
830.0007,25.4959774017,25.7036420658,27.3781538031,25.4247424551,26.9751496356
831.0007,25.4907002958,25.701606984,27.3750289844,25.422115216,26.9717226156
832.0001,25.4906997681,25.6995790038,27.3719101427,25.419496073,26.9683021508
833.0004,25.5257247239,25.6975550671,27.3687925936,25.4168810817,26.9648831034
834.0001,25.5257282257,25.6955381945,27.3656810083,25.4142741502,26.9614705966
834.9996,25.5257282257,25.6935275551,27.3625741316,25.4116742116,26.9580632539
835.9999,25.5136070251,25.6915211257,27.3594688534,25.4090786543,26.9546576641
837.0007,25.5136070251,25.6895195025,27.3563661075,25.4064882533,26.9512548516
838.0007,25.5136070251,25.6875252661,27.353269917,25.4039063545,26.9478592286
839.0003,25.4798259735,25.6855375917,27.350179031,25.4013318976,26.9444694229
840.0007,25.4798259735,25.6835540799,27.3470897358,25.3987617799,26.9410813619
841.0006,25.4798259735,25.6815772942,27.3440060424,25.3961993283,26.9376994445
842.0007,25.4426211365,25.6796058315,27.3409257849,25.3936427301,26.9343212953
843.0005,25.4426174164,25.6776406601,27.3378504974,25.3910932467,26.9309485967
844.0001,25.4426174164,25.6756815626,27.3347798639,25.3885506027,26.9275810021
845.0007,25.4878864288,25.6737261776,27.3317101976,25.3860117374,26.9242144684
846.0005,25.4878864288,25.671778008,27.3286470166,25.3834812043,26.9208550471
846.9996,25.4878864288,25.6698368299,27.3255900002,25.3809587205,26.9175023866
848.0005,25.44572258,25.6678977789,27.3225315003,25.3784379688,26.9141480991
849.0005,25.44572258,25.6659660771,27.3194797675,25.3759257421,26.9108012332
849.9998,25.44572258,25.6640413085,27.3164341765,25.3734215074,26.9074611031
851.0002,25.4757908329,25.6621199933,27.3133892387,25.370920742,26.9041216893
851.9997,25.4757938385,25.6602059582,27.3103510374,25.368428432,26.9007896635
853.0005,25.4705472467,25.6582949775,27.3073128824,25.3659390798,26.8974576885
854.001,25.4705467224,25.6563900984,27.3042796315,25.3634566592,26.8941310918
855.0001,25.4705467224,25.6544933854,27.3012546042,25.3609838682,26.8908135142
856.0002,25.464630127,25.6526002629,27.2982305264,25.3585147479,26.8874969777
857.0005,25.464630127,25.6507122394,27.295209819,25.3560512691,26.8841841376
858.0007,25.464630127,25.6488298659,27.2921933832,25.3535941564,26.8808759823
858.9999,25.4779415131,25.6469548116,27.2891839216,25.3511455954,26.8775754757
860.0003,25.4779415131,25.645082934,27.2861748041,25.3487001817,26.8742753464
860.9999,25.4779415131,25.6432179627,27.2831720437,25.3462627926,26.8709821889
861.9997,25.4308166504,25.6413580117,27.2801726275,25.3438309694,26.8676926992
863.0001,25.4308166504,25.6395023277,27.2771753553,25.3414037312,26.8644055607
863.9999,25.4308166504,25.6376531209,27.2741838171,25.3389839746,26.8611247108
865.0001,25.3753356934,25.6358085247,27.2711950143,25.3365692626,26.8578468609
865.9997,25.3753356934,25.6339703664,27.268211929,25.3341619926,26.8545752813
866.9997,25.3753356934,25.6321367898,27.2652315704,25.3317597398,26.8513066922
868.0003,25.4115886688,25.630307421,27.2622533432,25.3293620178,26.8480404406
868.9999,25.4115886688,25.6284851666,27.2592820022,25.3269726422,26.8447817412
870.0004,25.3979587555,25.6266665469,27.2563118939,25.3245870558,26.8415243936
870.9997,25.3979587555,25.6248553615,27.2533492455,25.3222102484,26.8382752275
871.9997,25.3979587555,25.6230481474,27.2503884159,25.3198376816,26.8350280561
873.0009,25.3684902191,25.621244001,27.2474279309,25.3174681715,26.8317812625
874,25.3684902191,25.6194488466,27.2444775378,25.3151095053,26.8285455368
875.0001,25.3684902191,25.6176570905,27.2415280707,25.3127543404,26.8253108267
876.0007,25.3725242615,25.6158696251,27.2385810078,25.3104038528,26.8220787533
876.9999,25.3725242615,25.6140898227,27.2356419349,25.3080624834,26.8188554426
878.0003,25.3725242615,25.6123130355,27.2327031979,25.3057241235,26.8156325004
879.0007,25.388010025,25.6105413892,27.229768324,25.303391574,26.8124137947
880.0001,25.388010025,25.6087766321,27.2268402358,25.3010671434,26.8092025311
881.0003,25.388010025,25.6070155696,27.2239136535,25.298746629,26.805992919
881.9997,25.3746967316,25.6052610039,27.2209932535,25.2964337287,26.8027900871
883.0007,25.3746967316,25.6035087129,27.2180720223,25.2941228808,26.7995863436
884.0003,25.3746967316,25.6017639351,27.215158711,25.2918209982,26.7963912859
885.0003,25.358543396,25.6000235064,27.2122480626,25.2895239132,26.7931991487
886.0001,25.358543396,25.5982884579,27.2093418198,25.2872329914,26.790011843
886.9999,25.3532924652,25.5965584266,27.2064393948,25.2849477587,26.7868287245
887.9999,25.3532924652,25.5948330533,27.2035402034,25.2826677456,26.7836491522
889.0001,25.3532924652,25.5931123266,27.2006442427,25.2803929413,26.7804731231
889.9997,25.3337421902,25.5913976053,27.1977538217,25.2781251479,26.7773031695
891.0007,25.3337402344,25.5896854503,27.1948631569,25.2758598208,26.7741329485
891.9998,25.3337402344,25.5879814878,27.1919817702,25.2736044097,26.7709729028
893.0001,25.3604259491,25.5862804114,27.1891007121,25.2713518968,26.7678132175
893.9998,25.3604259491,25.5845852723,27.1862251655,25.2691063265,26.7646595768
895,25.3604259491,25.5828941903,27.1833519607,25.2668652132,26.7615085043
895.9997,25.3535842896,25.5812088419,27.1804839655,25.2646307837,26.7583631453
896.9999,25.3535842896,25.5795275271,27.177618306,25.2624007891,26.7552203478
898.0007,25.3535842896,25.5778500719,27.174754697,25.2601750018,26.7520797991
899.0001,25.3268947601,25.5761798084,27.1718988516,25.2579578494,26.7489477649
900.0002,25.3268947601,25.574513208,27.1690447602,25.2557446536,26.7458176542
901.0005,25.3268947601,25.5728510964,27.1661938496,25.2535365145,26.7426910321
902.0003,25.3219361496,25.5711946206,27.1633481084,25.2513349614,26.7395700792
902.9997,25.3219356537,25.5695435946,27.160507242,25.249139753,26.7364544725
904,25.3123331133,25.5678958605,27.1576675528,25.2469480243,26.733340157
905.0003,25.3123321533,25.5662528934,27.154831596,25.2447617411,26.7302299348
905.9998,25.3123321533,25.5646159878,27.1520016303,25.2425826319,26.7271262831
907.0005,25.3647499084,25.5629818574,27.1491719903,25.240406326,26.7240229885
908.0009,25.3647499084,25.5613529443,27.1463469176,25.2382360795,26.720924703
909.0005,25.3647499084,25.5597300412,27.1435278131,25.2360729547,26.7178329629
909.9999,25.2980632782,25.5581121533,27.1407129743,25.2339156317,26.7147459009
910.9999,25.2980632782,25.5564979748,27.1379001452,25.2317623736,26.7116610432
912.0005,25.2980632782,25.5548875005,27.1350893278,25.2296131767,26.7085783915
913.0003,25.3042697906,25.5532829688,27.1322844488,25.2274710332,26.7055022526
913.9997,25.3042697906,25.5516837161,27.1294843745,25.2253350631,26.7024313832
914.9998,25.3042697906,25.5500879706,27.1266860199,25.2232029048,26.6993623996
916.0007,25.2726211548,25.54849557,27.1238891086,25.2210743437,26.6962949989
917.0007,25.2726211548,25.5469092046,27.1210983856,25.2189529811,26.6932343851
918.0007,25.2726211548,25.5453274274,27.1183113295,25.2168368877,26.6901777928
919.0007,25.3321762085,25.543750225,27.1155279355,25.2147260503,26.6871252167
920.0003,25.3321762085,25.5421782124,27.11274931,25.212621297,26.6840778703
921.0003,25.3321762085,25.5406101182,27.1099732243,25.2105209304,26.6810333094
921.9999,25.3271865845,25.5390471838,27.1072018946,25.2084266177,26.6779939643
923.0005,25.3271865845,25.5374872111,27.1044314379,25.2063354176,26.6749555767
924.0001,25.2933940887,25.5359333052,27.101667387,25.2042514969,26.6719242144
925.0006,25.2933940887,25.5343824987,27.0989044828,25.2021708809,26.6688941097
926.0005,25.2933940887,25.5328371057,27.0961468644,25.2000966785,26.665869802
927.0001,25.2847480774,25.5312966435,27.0933936948,25.1980282475,26.6628503733
927.9999,25.2847480774,25.529760328,27.0906435916,25.1959645399,26.6598343076
929.0005,25.2847480774,25.528227231,27.087894905,25.1939043119,26.6568197955
929.9999,25.3228664398,25.5267004013,27.0851531222,25.1918516658,26.6538128548
931.0004,25.3228664398,25.5251763117,27.0824119281,25.1898018643,26.6508065598
931.9999,25.3228664398,25.523658149,27.079677072,25.1877591978,26.6478072157
933.0003,25.253068924,25.5221430138,27.0769433499,25.1857197699,26.6448091153
933.9998,25.253068924,25.5206336196,27.0742156757,25.1836872376,26.6418176477
935.0007,25.253068924,25.5191264837,27.0714877708,25.1816569148,26.638825927
936.0003,25.2654857635,25.5176256597,27.0687669895,25.1796342668,26.635842019
937.0007,25.2654857635,25.5161279787,27.0660476086,25.1776150279,26.6328596467
938.0001,25.2654857635,25.5146361217,27.0633345153,25.1756028174,26.6298841701
939.0003,25.2614540317,25.5131473878,27.0606228172,25.1735939971,26.6269102237
940.0005,25.2614536285,25.5116629605,27.057914683,25.1715901674,26.6239401857
940.9997,25.2595653534,25.510184305,27.0552128101,25.1695933119,26.6209770147
942.0001,25.2595653534,25.5087081546,27.0525112461,25.167599023,26.6180141824
943.0007,25.2595653534,25.5072359814,27.0498126942,25.1656092923,26.6150546535
944.0001,25.255531311,25.5057698265,27.0471209203,25.1636268841,26.6121025581
945.0005,25.255531311,25.5043064488,27.044429993,25.1616474207,26.6091513912
946.0006,25.255531311,25.5028477422,27.0417434083,25.1596734673,26.6062049869
946.9999,25.2583503723,25.5013944166,27.0390624989,25.1577059904,26.6032648067
948.0001,25.2583503723,25.4999439882,27.0363826998,25.1557416317,26.6003258442
948.9997,25.2583503723,25.4984986218,27.0337080271,25.153783327,26.5973925038
950.0003,25.225770392,25.4970559945,27.0310341969,25.1518279328,26.5944600875
951.0003,25.2257671356,25.4956184033,27.0283654823,25.1498785664,26.5915332815
952.0003,25.2257671356,25.4941849699,27.0257002743,25.1479340419,26.5886103212
952.9998,25.2409671835,25.4927563959,27.0230398983,25.145995316,26.5856926602
953.9997,25.2409687042,25.4913313824,27.0203819536,25.1440606301,26.5827776656
955.0006,25.2409687042,25.489909071,27.0177248481,25.1421288215,26.5798635914
956.0007,25.2729110718,25.4884920087,27.0150733566,25.1402033538,26.5769556741
957.0003,25.2729110718,25.4870797507,27.0124266725,25.1382836281,26.5740530291
958.0001,25.2660675049,25.4856712943,27.0097829361,25.1363682861,26.5711536169
959.0002,25.2660675049,25.4842664898,27.0071418811,25.134457128,26.5682571455
959.9999,25.2660675049,25.4828663081,27.0045053509,25.1325514789,26.5653656364
961.0001,25.2700977325,25.4814694776,27.001870968,25.1306496121,26.5624764823
962.0001,25.2700977325,25.4800769659,26.9992405729,25.1287528491,26.5595917017
962.9999,25.2700977325,25.478688759,26.9966141592,25.1268611752,26.5567112875
963.9999,25.201253891,25.4773042898,26.9939906715,25.124973822,26.5538340822
965,25.201253891,25.4759236868,26.9913703691,25.1230909686,26.5509603703
965.9999,25.201253891,25.4745473522,26.988754033,25.1212131675,26.5480910083
967.0007,25.2145690918,25.4731737644,26.986138784,25.1193383461,26.5452228386
968,25.2145690918,25.4718062023,26.9835308862,25.1174709848,26.542362731
968.9999,25.2145690918,25.4704417751,26.9809248499,25.1156071414,26.5395046649
969.9997,25.2117843628,25.4690814296,26.9783224977,25.1137481126,26.5366506391
970.9999,25.2117843628,25.4677244758,26.975722525,25.1118929595,26.5337992231
972.0001,25.2117843628,25.4663714474,26.9731259694,25.1100424152,26.5309515545
972.9999,25.2139280082,25.4650228719,26.9705338625,25.1081972055,26.5281087649
973.9998,25.2139282227,25.4636780615,26.9679449022,25.1063563943,26.5252694262
975.0001,25.1965827942,25.4623366047,26.9653583097,25.1045194212,26.5224326844
975.9999,25.1965827942,25.4609996964,26.9627764073,25.1026879269,26.5196010861
976.9999,25.1965827942,25.4596663876,26.9601973813,25.1008606159,26.5167726425
978.0004,25.1541046642,25.4583362714,26.9576204571,25.0990369333,26.5139465039
979.0005,25.1541004181,25.4570105334,26.9550479488,25.0972185092,26.5111252083
979.9999,25.1541004181,25.4556895541,26.952480618,25.0954058701,26.5083095909
980.9998,25.1798375137,25.4543717351,26.9499153767,25.0935968272,26.5054962651
982.0002,25.1798400879,25.4530570709,26.9473522255,25.0917913759,26.5026852315
983.0003,25.1798400879,25.4517466031,26.9447932107,25.0899909502,26.4998787343
983.9999,25.1791992188,25.4504405781,26.9422388355,25.0881958937,26.4970773255
984.9998,25.1791992188,25.4491379387,26.9396870503,25.0864047573,26.494278757
985.9999,25.1791992188,25.4478388069,26.9371381082,25.0846177124,26.4914833068
987.0003,25.2006149292,25.4465430449,26.9345917527,25.0828345726,26.4886906931
988.0001,25.2006149292,25.4452518058,26.9320502684,25.081056929,26.4859034219
989.0007,25.2006149292,25.4439632718,26.9295100934,25.0792822828,26.4831175866
989.9998,25.1658550721,25.44268039,26.9269770586,25.0775146977,26.4803395819
990.9999,25.165851593,25.4413999367,26.9244448187,25.0757497364,26.4775624491
992.0005,25.165851593,25.4401225498,26.921914643,25.0739882803,26.47478758
992.9997,25.1410432848,25.438850639,26.919391327,25.0722336573,26.4720202341
994.0003,25.141040802,25.4375806296,26.9168677954,25.0704809397,26.4692526517
994.9999,25.1863365173,25.4363155593,26.9143500987,25.0687343234,26.4664914685
996.0005,25.1863365173,25.4350528862,26.911833195,25.0669903028,26.4637311551
997.0007,25.1863365173,25.4337943699,26.9093206047,25.0652513112,26.4609755721
998.0005,25.1165269103,25.4325399953,26.9068123194,25.0635173327,26.4582247104
999.0009,25.116519928,25.4312884984,26.9043058268,25.0617866236,26.455475815
1000.0003,25.116519928,25.430041868,26.9018051297,25.0600619385,26.4527332754
1000.9997,25.1689567566,25.4287988411,26.8993077163,25.0583415347,26.4499943372
1002.0006,25.1689567566,25.4275575495,26.8968098416,25.0566228289,26.4472548929
1003.0005,25.1689567566,25.426321086,26.8943177426,25.0549101068,26.444521783
1004.0001,25.1363697052,25.4250885677,26.8918296641,25.0532021502,26.4417930824
1005,25.1363697052,25.4238592443,26.8893441083,25.0514979236,26.4390671484
1006.0005,25.1363697052,25.4226327415,26.8868603295,25.0497969107,26.4363431634
1006.9997,25.1217723197,25.4214113746,26.8843830369,25.0481023269,26.4336262918
1008.0001,25.1217708588,25.4201920769,26.8819060276,25.0464099213,26.4309097308
1009.0007,25.1217708588,25.4189760643,26.87943178,25.0447213839,26.4281961987
1009.9997,25.1391830444,25.4177655068,26.8769647341,25.043039733,26.4254905648
1011.0001,25.1391830444,25.4165567579,26.874497476,25.041359907,26.4227846982
1012.0002,25.1298722995,25.4153518673,26.8720341996,25.039684757,26.4200831982
1013.0004,25.1298713684,25.4141503418,26.8695739143,25.0380136012,26.4173849787
1014.0003,25.1298713684,25.412952651,26.8671175989,25.0363470966,26.4146911131
1015.0005,25.0941772461,25.4117580659,26.8646637752,25.0346842327,26.41199998
1016.0005,25.0941772461,25.4105671744,26.8622136661,25.0330258311,26.4093129208
1017.0005,25.0941772461,25.4093797272,26.8597667763,25.0313715488,26.4066293923
1017.9997,25.0879631042,25.4081966602,26.8573250554,25.0297226939,26.4039515325
1018.9999,25.0879631042,25.4070158333,26.8548841013,25.0280762871,26.4012745137
1020.0008,25.0879631042,25.4058375994,26.8524446503,25.0264328226,26.3985991433
1021.0005,25.0674705505,25.4046641827,26.8500113264,25.0247954069,26.3959304927
1022.0007,25.0674705505,25.4034935745,26.8475799843,25.0231612412,26.3932640155
1023.0007,25.0674705505,25.4023265856,26.8451523227,25.0215314607,26.3906015747
1024.0007,25.1074962616,25.401162972,26.8427278511,25.0199057284,26.3879426323
1025.0003,25.1074962616,25.4000031871,26.8403075329,25.018284682,26.3852882452
1026.0009,25.1074962616,25.3988456001,26.8378879772,25.0166660447,26.3826346942
1027.0001,25.1239490509,25.3976929757,26.8354749813,25.0150536866,26.3799883375
1027.9999,25.1239490509,25.3965429931,26.8330637074,25.0134443655,26.3773438692
1029.0002,25.1056384272,25.3953957632,26.8306543976,25.011838239,26.3747015551
1030.0001,25.1056365967,25.3942523091,26.8282492161,25.010236743,26.3720637684
1030.9997,25.1056365967,25.3931125034,26.8258479149,25.008639703,26.3694302373
1032.0004,25.0603396858,25.3919747441,26.8234471303,25.0070448774,26.3667972728
1033.0005,25.0603351593,25.390840957,26.8210509391,25.0054549685,26.3641693459
1033.9997,25.0603351593,25.3897114652,26.8186600488,25.0038704345,26.3615472326
1035.0001,25.1025314331,25.3885838869,26.8162694319,25.0022879372,26.3589254191
1036.0003,25.1025314331,25.3874597956,26.8138824344,25.0007096873,26.3563075751
1037,25.1025314331,25.3863395155,26.8114997649,24.9991361443,26.3536944776
1038.0009,25.0860767365,25.3852211356,26.8091173708,24.9975646267,26.3510816821
1039.0003,25.0860767365,25.3841076621,26.8067416732,24.9959993624,26.3484762308
1040.0007,25.0860767365,25.3829962976,26.804366723,24.9944364233,26.345871599
1041.0007,25.1056365967,25.3818885913,26.8019958422,24.9928779904,26.3432714304
1042.0005,25.1056365967,25.3807843092,26.79962855,24.9913237389,26.3406751973
1043.0004,25.1056365967,25.3796831103,26.7972641315,24.9897731923,26.3380821158
1044.0003,25.0994548798,25.378585096,26.7949028193,24.9882264965,26.3354924411
1045.0005,25.0994548798,25.3774899291,26.7925439025,24.9866831798,26.3329053934
1045.9997,25.0842189789,25.3763990204,26.7901904397,24.9851452344,26.3303243272
1046.9999,25.0842189789,25.3753101774,26.787837716,24.9836095725,26.3277440716
1048.0001,25.0842189789,25.3742244841,26.7854880844,24.9820777257,26.325167207
1049.0001,25.1047077179,25.3731421476,26.7831420096,24.9805499897,26.3225942433
1050.0001,25.1047077179,25.3720629415,26.7807990175,24.9790260483,26.3200246604
1051.0005,25.1047077179,25.3709864269,26.7784581686,24.9775052848,26.317457428
1052.0002,25.0668354034,25.369913777,26.7761220315,24.9759893603,26.3148953631
1053.0001,25.0668354034,25.3688440149,26.7737884967,24.9744768978,26.312336152
1054.0005,25.0668354034,25.3677768138,26.7714568631,24.9729674381,26.3097790262
1055.0001,25.0677928925,25.3667135503,26.7691301554,24.9714629318,26.3072273025
1055.9997,25.0677928925,25.3656533607,26.7668065036,24.9699621609,26.3046789303
1056.9999,25.0677928925,25.3645956025,26.7644845119,24.9684642187,26.3021323787
1058.0003,25.0305576324,25.3635406937,26.7621651083,24.9669696994,26.2995886656
1059.0001,25.0305576324,25.362489467,26.759850142,24.9654797868,26.2970498189
1060.0005,25.0305576324,25.3614406519,26.7575368303,24.9639926833,26.2945127868
1061.0002,25.0379860123,25.3603956022,26.755228175,24.9625103118,26.2919808613
1062.0001,25.0379867554,25.3593533659,26.7529220912,24.9610313255,26.2894517562
1063.0005,25.0379867554,25.3583136247,26.7506178864,24.9595552757,26.2869247117
1063.9999,25.0758628845,25.3572779268,26.7483190092,24.9580843636,26.2844035101
1065.0003,25.0758628845,25.3562441906,26.7460208552,24.9566156364,26.2818831015
1066.0001,25.046667099,25.3552140627,26.7437270976,24.9551514363,26.2793675147
1066.9998,25.046667099,25.3541870162,26.7414365824,24.9536910183,26.2768554836
1068,25.046667099,25.3531624278,26.7391479325,24.9522334989,26.2743454984
1068.9997,25.0041713715,25.3521413133,26.7368634323,24.9507803263,26.2718400642
1069.9999,25.0041713715,25.3511226426,26.7345807927,24.949330038,26.2693366705
1071.0001,25.0041713715,25.3501069188,26.7323011529,24.9478833527,26.2668365667
1071.9998,25.0485185127,25.3490946388,26.7300256465,24.9464409819,26.264340996
1072.9999,25.0485229492,25.3480848824,26.7277522205,24.9450016177,26.2618477069
1073.9999,25.0485229492,25.3470781472,26.7254820088,24.9435659724,26.259357943
1075.0007,25.0227775574,25.3460735218,26.7232129675,24.9421327487,26.2568694627
1076.0007,25.0227775574,25.3450726039,26.7209487203,24.9407042291,26.2543862401
1077.0005,25.0227775574,25.3440747802,26.7186879001,24.9392795424,26.251906776
1078.0007,25.0416717712,25.3430794443,26.7164291473,24.9378578257,26.2494295792
1078.9998,25.0416736603,25.3420880777,26.7141758423,24.9364411989,26.246958357
1080.0003,25.0416736603,25.3410981925,26.7119223441,24.9350261098,26.244486923
1081.0001,25.0044631958,25.3401118613,26.7096733819,24.9336155237,26.2420204637
1082.0002,25.0044631958,25.3391280876,26.7074267008,24.9322080189,26.2395565059
1082.9997,25.0640220642,25.3381477471,26.7051843172,24.9308048517,26.2370972614
1084.0001,25.0640220642,25.3371693616,26.7029428634,24.9294039092,26.2346390366
1084.9997,25.0640220642,25.3361945859,26.7007061449,24.928007564,26.232186005
1086.0007,25.0168533325,25.335221269,26.6984692377,24.9266127372,26.2297327665
1087.0007,25.0168533325,25.3342517381,26.6962375029,24.9252227667,26.2272852006
1088.0005,25.0168533325,25.3332852044,26.6940091461,24.9238365256,26.2248413393
1088.9997,25.0392341614,25.332322043,26.6917850512,24.9224545558,26.2224021523
1090.0005,25.0392341614,25.3313601295,26.6895603221,24.9210738111,26.2199622695
1090.9999,25.0392341614,25.3304023401,26.6873416245,24.919698423,26.2175290017
1092.0007,25.0103530884,25.3294459832,26.6851227385,24.9183245296,26.2150955272
1093.0006,25.0103530884,25.3284932508,26.6829087619,24.9169552823,26.2126674369
1093.9997,25.0103530884,25.3275440326,26.680699462,24.9155905271,26.2102444755
1094.9997,24.9880046844,25.3265967059,26.6784910761,24.9142279338,26.2078225166
1096.0001,24.9880046844,25.3256517417,26.6762847104,24.912868182,26.2054027733
1096.9999,24.9880046844,25.3247100761,26.6740825657,24.9115126214,26.202987659
1098.0003,24.9805717468,25.3237705707,26.6718819949,24.9101596167,26.2005742711
1099.0007,24.9805717468,25.3228337836,26.6696843168,24.9088099739,26.1981640555
1100.0007,24.9734306335,25.3219000799,26.6674904045,24.9074642224,26.1957579699
1101.0002,24.9734306335,25.3209695416,26.6653004697,24.9061224838,26.1933562465
1101.9997,24.9734306335,25.3200416932,26.663113411,24.9047840763,26.1909576773
1103,25.0649723091,25.3191157876,26.6609274775,24.9034479241,26.1885603422
1104.0001,25.0649814606,25.318192745,26.6587448534,24.9021153579,26.1861666364
1105.0001,25.0649814606,25.3172724642,26.6565653152,24.9007862347,26.183776315
1106.0003,25.0125293732,25.3163546618,26.6543882058,24.8994601479,26.1813886574
1107.0001,25.0125293732,25.3154398798,26.6522148266,24.8981378839,26.1790050906
1107.9999,25.0125293732,25.3145277431,26.6500443026,24.8968189036,26.1766246552
1109.0001,24.9908221013,25.3136178806,26.6478757633,24.8955026729,26.1742463965
1109.9999,24.990819931,25.3127110124,26.6457109395,24.8941902367,26.1718722125
1111.0005,24.990819931,25.3118060441,26.6435472309,24.8928800134,26.1694992516
1112.0007,25.0364189148,25.3109040549,26.6413872303,24.8915735682,26.1671303573
1113.0001,25.0364189148,25.3100053933,26.6392317926,24.8902714097,26.1647664673
1113.9999,25.0364189148,25.3091089711,26.6370783245,24.8889719644,26.1624047372
1115.0005,24.9665845092,25.3082144269,26.6349259656,24.8876747102,26.1600442237
1116.0003,24.9665775299,25.3073231835,26.6327781541,24.8863817133,26.1576886973
1117.0007,24.986114502,25.3064339848,26.6306318777,24.8850911544,26.1553348545
1118.0003,24.986114502,25.3055480668,26.6284901356,24.8838048304,26.1529859844
1119.0005,24.986114502,25.3046641806,26.6263499235,24.882520931,26.1506387924
1120.0007,24.9777851105,25.3037828513,26.6242125241,24.8812402211,26.148294685
1121,24.9777851105,25.3029048611,26.6220798532,24.8799638411,26.1459557636
1122.0002,24.9777851105,25.3020286212,26.6199480657,24.8786894839,26.1436178108
1123.0007,24.9901790619,25.3011546543,26.6178184417,24.8774179118,26.1412822308
1124.0007,24.9901790619,25.3002836513,26.6156926795,24.8761501328,26.1389508862
1125.0001,24.9901790619,25.2994156877,26.6135709834,24.8748862605,26.1366240009
1126.0005,24.9780750275,25.2985493683,26.6114499548,24.8736242657,26.1342978475
1127.0003,24.9780750275,25.2976860727,26.6093329838,24.8723661608,26.1319761442
1128.0005,24.9780750275,25.2968249296,26.6072179486,24.8711106787,26.1296565639
1129.0008,25.0066347181,25.2959661919,26.605105482,24.8698581905,26.1273398007
1130.0005,25.0066375732,25.2951104515,26.6029970565,24.8686095628,26.1250274694
1130.9997,25.0066375732,25.2942576114,26.6008924531,24.8673646576,26.1227193297
1132.0001,24.9516582489,25.2934062161,26.5987880903,24.8661213526,26.1204114539
1132.9997,24.9516582489,25.2925579622,26.5966881732,24.8648821276,26.1181084538
1133.9999,24.9516582489,25.2917116536,26.5945897562,24.8636452382,26.1158070988
1135.0003,24.9554042816,25.2908676248,26.5924936782,24.8624111753,26.1135083092
1135.9997,24.9554042816,25.290026878,26.5904024466,24.8611814078,26.1112148345
1136.9998,24.9492250899,25.2891879751,26.5883124994,24.8599538349,26.1089227685
1137.9999,24.949224472,25.2883514988,26.5862252985,24.8587293113,26.1066337144
1138.9999,24.949224472,25.2875175252,26.5841410487,24.8575079515,26.1043478968
1140.0005,24.9184799194,25.2866854654,26.5820582895,24.8562888953,26.1020637138
1141.0001,24.9184799194,25.2858566415,26.579980346,24.8550740826,26.0997848124
1142.0007,24.9184799194,25.2850293882,26.577903057,24.8538610754,26.0975066288
1142.9999,24.943271637,25.2842056814,26.5758314,24.8526527737,26.0952346218
1144.0005,24.943271637,25.2833832059,26.5737595659,24.8514457841,26.0929624206
1144.9997,24.943271637,25.2825642564,26.5716933489,24.8502434768,26.0906963797
1146.0007,24.956363678,25.2817462047,26.5696261299,24.8490419956,26.0884292399
1147.0001,24.956363678,25.2809318233,26.5675649275,24.8478454149,26.0861686986
1148.0001,24.956363678,25.280119309,26.5655051968,24.8466510889,26.0839097714
1149.0007,24.9156668327,25.2793086592,26.5634469392,24.8454590154,26.0816524596
1150.0002,24.9156627655,25.2785012428,26.561393646,24.8442712102,26.0794005924
1150.9999,24.9156627655,25.2776959995,26.5593426393,24.8430861171,26.0771512328
1152.0001,24.9206581116,25.2768926835,26.5572933029,24.8419033761,26.0749037051
1152.9996,24.9206581116,25.276092251,26.5552480913,24.8407243981,26.072660701
1153.9997,24.8877315521,25.275293654,26.5532043404,24.8395476419,26.0704192989
1155.0005,24.8877315521,25.2744968105,26.5511618475,24.8383729883,26.0681792765
1156.0001,24.8877315521,25.2737032247,26.5491244847,24.8372026579,26.0659448803
1157.0005,24.8989399197,25.2729113008,26.5470881705,24.8360343,26.0637116342
1158.0001,24.89894104,25.2721222988,26.5450561583,24.8348697762,26.061483106
1159.0005,24.89894104,25.2713349491,26.5430251919,24.8337072151,26.0592557249
1160.0007,24.9196947329,25.2705500343,26.5409973004,24.8325477744,26.057031716
1160.9999,24.9196968079,25.2697681714,26.5389740976,24.831392369,26.0548128492
1162.001,24.9196968079,25.2689870877,26.5369497115,24.8302376422,26.0525926847
1163.0007,24.9094467163,25.2682093532,26.5349308137,24.8290873956,26.0503785393
1163.9997,24.9094467163,25.2674344095,26.5329159788,24.8279408076,26.0481688496
1165.0006,24.9094467163,25.2666602375,26.5308999642,24.826794892,26.0459578662
1166.0009,24.9606838226,25.2658887685,26.528887807,24.8256525097,26.0437511133
1167.0003,24.9606838226,25.2651202227,26.5268801015,24.8245139897,26.0415492425
1167.9997,24.9606838226,25.2643538982,26.5248750324,24.8233782959,26.0393502631
1169.0002,24.9197009041,25.2635889491,26.5228703937,24.8222441759,26.0371517559
1169.9997,24.9196968079,25.2628269746,26.5208703901,24.8211140036,26.0349583319
1171.0001,24.9228038788,25.2620665198,26.5188712158,24.8199856231,26.0327658174
1172.0006,24.9228038788,25.2613081895,26.5168744699,24.8188599341,26.0305759662
1173.0005,24.9228038788,25.2605525063,26.5148815441,24.8177377151,26.0283903045
1173.9997,24.9752635956,25.2597995353,26.5128926291,24.816619066,26.0262090415
1175.0003,24.9752635956,25.2590476898,26.5109035442,24.8155016316,26.0240275921
1176.0007,24.9752635956,25.2582981698,26.5089174712,24.8143871969,26.021849446
1177.0006,24.9228038788,25.2575511914,26.5069349996,24.8132760863,26.0196752495
1177.9999,24.9228038788,25.2568068195,26.5049563199,24.8121683995,26.0175052117
1179.0001,24.9228038788,25.2560639315,26.5029784597,24.8110624681,26.0153360726
1180.0003,24.9209480286,25.2553231925,26.5010031989,24.8099592843,26.0131697844
1181.0007,24.9209480286,25.2545844488,26.4990301399,24.8088586213,26.0110059107
1182.0007,24.9209480286,25.2538481367,26.4970604618,24.8077611318,26.008845745
1183.0001,24.9324131012,25.253114394,26.4950945512,24.8066670242,26.0066897113
1183.9998,24.9324131012,25.2523825528,26.4931306333,24.8055753054,26.0045358628
1185.0002,24.9324131012,25.2516523175,26.4911679227,24.8044855359,26.0023833385
1185.9997,24.8610534668,25.2509248491,26.4892095543,24.803399451,26.0002355763
1187.0002,24.8610534668,25.250198759,26.4872518024,24.8023149798,25.9980884901
1188.0007,24.894235611,25.2494747699,26.4852966242,24.8012332035,25.9959442266
1189.0005,24.894235611,25.2487533801,26.4833453816,24.8001548697,25.9938042793
1190.0004,24.894235611,25.2480340045,26.4813965075,24.7990791062,25.9916669296
1191.0005,24.9075622559,25.247316566,26.4794498049,24.7980058001,25.9895319613
1192.0002,24.9075622559,25.2466014885,26.4775064376,24.7969355878,25.9874006509
1193.0009,24.9075622559,25.2458877662,26.4755636828,24.7958669664,25.9852700123
1194.0001,24.8880195618,25.2451771748,26.4736263889,24.794802597,25.9831453627
1195.0007,24.8880195618,25.2444676457,26.4716889295,24.7937393835,25.9810205316
1195.9999,24.8880195618,25.2437611583,26.4697567229,24.7926802944,25.9789014612
1197.0005,24.8811683655,25.243055727,26.4678243512,24.7916223555,25.9767822098
1198.0003,24.8811683655,25.2423528988,26.465896062,24.7905678885,25.9746674357
1198.9996,24.8811683655,25.2416524528,26.4639712684,24.7895165655,25.9725564953
1200.0007,24.8821277618,25.2409527751,26.4620455419,24.7884659653,25.9704445318
1201.0007,24.8821277618,25.2402558886,26.4601244604,24.7874191276,25.9683376625
1201.9999,24.8821277618,25.2395615728,26.458207437,24.7863757244,25.9662352437
1203.0005,24.8737373352,25.2388682949,26.4562902497,24.7853334543,25.9641326453
1204.0004,24.8737373352,25.2381775062,26.4543769217,24.784294501,25.9620342793
1205.0001,24.8737373352,25.2374888528,26.4524664894,24.7832583351,25.959939089
1206.0005,24.9044807217,25.2368017104,26.4505572316,24.7822240192,25.9578451868
1206.9997,24.9044837952,25.2361173768,26.4486527691,24.7811935094,25.9557565438
1207.9999,24.8635196686,25.235434339,26.4467489049,24.7801645298,25.9536685568
1208.9999,24.8635196686,25.234753413,26.4448479226,24.7791383114,25.9515837305
1210.0003,24.8635196686,25.2340741853,26.4429486793,24.778114233,25.9495008114
1211.0007,24.8830546877,25.2333969228,26.4410519326,24.7770926993,25.9474206302
1212.0003,24.8830566406,25.2327221591,26.4391591929,24.7760745178,25.9453448437
1213.0001,24.8830566406,25.2320492117,26.4372685613,24.7750586613,25.943271369
1213.9997,24.8728084564,25.2313783443,26.4353807908,24.7740455299,25.9412010323
1215.0008,24.8728084564,25.2307084141,26.4334926727,24.7730333993,25.9391303142
1215.9997,24.8728084564,25.2300418895,26.4316111793,24.7720260015,25.9370668616
1216.9997,24.8895626068,25.2293765596,26.4297300876,24.7710199978,25.9350038494
1217.9997,24.8895626068,25.228713154,26.4278514675,24.7700164929,25.932943548
1219.0006,24.8895626068,25.2280510727,26.4259736285,24.7690145807,25.9308841031
1220.0003,24.8439464569,25.2273916983,26.4241005061,24.7680163561,25.928829831
1221.0007,24.8439464569,25.2267337707,26.4222285351,24.7670199138,25.9267768217
1221.9999,24.8439464569,25.2260785324,26.4203612659,24.7660271382,25.9247289689
1222.9999,24.8606987,25.2254246655,26.4184949562,24.7650360347,25.9226821684
1224,24.8606987,25.2247726245,26.4166309125,24.7640472942,25.920637853
1224.9997,24.8821277618,25.2241227292,26.4147700624,24.7630614038,25.9185970401
1225.9997,24.8821277618,25.2234745188,26.4129110994,24.7620776666,25.9165582967
1227.0001,24.8821277618,25.222827925,26.4110538369,24.7610959809,25.9145214183
1227.9999,24.8460922241,25.2221835882,26.4092001274,24.7601173211,25.9124884365
1229.0005,24.8460922241,25.2215406012,26.4073473728,24.7591403114,25.910456502
1230.0005,24.8460922241,25.2208998589,26.405498163,24.7581663136,25.9084284551
1230.9997,24.8616279313,25.2202614801,26.4036528594,24.7571955113,25.9064046921
1231.9999,24.8616294861,25.21962431,26.4018081353,24.7562261504,25.9043815648
1232.9999,24.8616294861,25.21898911,26.3999662039,24.7552593909,25.9023615001
1233.9997,24.8361358643,25.2183558737,26.3981270603,24.7542952252,25.9003444929
1235.0001,24.8361358643,25.21772409,26.3962892313,24.7533328775,25.8983289275
1235.9997,24.8361358643,25.2170946373,26.3944552848,24.7523736877,25.8963176201
1237.0002,24.8563727179,25.2164664402,26.3926220993,24.751416019,25.894307147
1238.0001,24.8563747406,25.2158404359,26.3907924208,24.7504613023,25.8923005204
1238.9999,24.8563747406,25.2152163044,26.3889653289,24.7495090519,25.8902967304
1240,24.8439476995,25.2145937911,26.3871400901,24.7485588816,25.8882949727
1241.0003,24.8439464569,25.2139729545,26.3853168855,24.7476108823,25.886295446
1242.0004,24.8287006364,25.2133540376,26.3834964411,24.7466654272,25.8842989464
1242.9999,24.8286991119,25.2127372806,26.3816794789,24.7457228857,25.8823062658
1244.0007,24.8286991119,25.2121215078,26.3798625444,24.7447814629,25.8803136155
1244.9999,24.8771324158,25.2115084976,26.3780508983,24.7438438797,25.878326765
1245.9996,24.8771324158,25.2108969535,26.3762407259,24.742908156,25.8763415309
1247.0003,24.8771324158,25.2102865685,26.3744311242,24.7419738233,25.8743569226
1248.0005,24.7908449612,25.2096782538,26.3726248043,24.7410422781,25.8723759134
1249.0001,24.7908363342,25.2090720621,26.3708219398,24.7401136038,25.8703986938
1249.9997,24.7908363342,25.2084676229,26.3690214432,24.7391872353,25.8684240712
1251.0005,24.8103752136,25.2078642088,26.3672211542,24.7382620589,25.8664496763
1251.9997,24.8103752136,25.2072635017,26.3654261052,24.7373406558,25.864481028
1252.9999,24.8103752136,25.2066639321,26.36363162,24.7364206209,25.8625129981
1254.0003,24.8259124756,25.2060659775,26.361839135,24.7355026883,25.8605471619
1255.0007,24.8259124756,25.205469753,26.3600490062,24.7345870366,25.8585839097
1256.0007,24.8259124756,25.204875491,26.3582619449,24.7336740249,25.8566240217
1257.0003,24.8289909363,25.2042831844,26.3564779452,24.7327636448,25.8546674913
1258.0007,24.8289909363,25.2036921181,26.3546948637,24.7318547991,25.852711968
1259.0007,24.7880172729,25.2031029974,26.3529148375,24.7309485738,25.8507597955
1260.0007,24.7880172729,25.2025155805,26.3511371503,24.7300445994,25.8488101881
1261.0007,24.7880172729,25.2019298626,26.3493617989,24.7291428704,25.8468631424
1262.0005,24.817522049,25.2013459553,26.3475891346,24.7282435607,25.8449190438
1263.0005,24.817522049,25.2007636202,26.3458184452,24.7273463051,25.8429771109
1263.9999,24.817522049,25.2001833172,26.3440511427,24.7264518145,25.8410388926
1265.0003,24.7560768127,25.1996041134,26.3422843961,24.7255586526,25.839101284
1266.0005,24.7560768127,25.1990267007,26.3405203244,24.7246678879,25.8371666089
1267.0001,24.7560768127,25.1984513033,26.3387596273,24.7237798686,25.8352356347
1268.0005,24.8165912628,25.1978771108,26.3369998364,24.722893346,25.8333056544
1269.0001,24.8165912628,25.1973050369,26.3352437632,24.7220097326,25.8313797513
1270.0006,24.8165912628,25.1967341041,26.3334884186,24.7211275204,25.8294546473
1271.0002,24.8404879503,25.1961653347,26.3317369574,24.7202482912,25.8275338023
1272.0003,24.8404903412,25.1955979263,26.3299869224,24.7193708068,25.8256145214
1273.0005,24.8404903412,25.1950321027,26.3282390124,24.7184954148,25.823697571
1273.9999,24.8361358643,25.1944683665,26.3264947949,24.7176228951,25.8217846702
1275.0006,24.8361358643,25.1939055297,26.3247506035,24.7167514105,25.819871798
1276.0008,24.8361358643,25.1933446019,26.3230095753,24.7158825259,25.8179623949
1277.0005,24.8156661987,25.1927855758,26.3212717038,24.7150162327,25.8160564539
1278.0008,24.8156661987,25.1922278321,26.3195350741,24.7141515725,25.8141518747
1279.0005,24.8454532623,25.1916720351,26.3178017667,24.7132895773,25.8122509391
1279.9997,24.8454532623,25.1911181218,26.3160716012,24.712430152,25.8103534493
1281.0007,24.8454532623,25.1905648158,26.3143405967,24.7115713173,25.8084550393
1282.0005,24.8125572205,25.190013772,26.31261394,24.7107156437,25.8065613976
1283.0005,24.8125572205,25.189464212,26.3108892068,24.7098619244,25.8046698655
1284.0001,24.8125572205,25.1889164602,26.3091674285,24.7090106658,25.8027815739
1285.0005,24.7960908185,25.1883698556,26.3074465363,24.708160842,25.8008942543
1286.0003,24.7960891724,25.1878251589,26.3057289364,24.7073136377,25.7990105452
1286.9997,24.7960891724,25.1872822542,26.3040142787,24.706468875,25.7971300629
1288.001,24.7964096069,25.1867398912,26.3022986192,24.7056246092,25.795248482
1289.0001,24.7964096069,25.1862002852,26.3005889791,24.7047842912,25.7933735026
1290.0007,24.7964096069,25.1856614319,26.2988790217,24.7039448016,25.7914981752
1291.0007,24.8187713623,25.1851244598,26.2971723359,24.7031079,25.7896264357
1292.0009,24.8187713623,25.1845889337,26.2954675518,24.7022729103,25.787756782
1292.9999,24.8187713623,25.1840555965,26.2937670496,24.701440993,25.7858918242
1293.9997,24.7873814508,25.1835233751,26.2920674205,24.7006104763,25.7840278239
1294.9999,24.7873783112,25.1829924806,26.2903693455,24.699781691,25.782165528
1296.0007,24.7606906891,25.1824628048,26.2886724855,24.6989544694,25.7803045648
1296.9999,24.7606906891,25.1819355053,26.2869805644,24.6981306216,25.778449018
1297.9999,24.7606906891,25.1814093093,26.2852895128,24.6973081614,25.7765944246
1298.9997,24.7839809011,25.18088474,26.2836010206,24.6964879079,25.7747426384
1300.0009,24.7839832306,25.1803609561,26.2819123869,24.695668547,25.7728906969
1301.0003,24.7839832306,25.1798396266,26.2802290046,24.6948526913,25.7710445147
1302.0009,24.7728042603,25.1793191807,26.2785458156,24.6940378849,25.7691985445
1303.0001,24.7728042603,25.1788009659,26.27686719,24.6932262394,25.767357579
1303.9999,24.7728042603,25.178283939,26.2751897623,24.6924161226,25.7655179272
1305.0003,24.7687664032,25.1777680981,26.2735135336,24.6916075333,25.7636795904
1306.0001,24.7687664032,25.1772540578,26.2718405116,24.6908014363,25.7618447704
1307.0005,24.7687664032,25.1767411968,26.2701686855,24.6899968592,25.7600112619
1308.0003,24.732465744,25.1762301259,26.2685000576,24.6891947621,25.7581812611
1309.0005,24.732465744,25.1757203293,26.2668329556,24.6883943372,25.7563529336
1310.0003,24.732465744,25.1752122104,26.2651687099,24.6875962196,25.7545277387
1311.0001,24.7591533661,25.1747055608,26.2635066506,24.6868000841,25.7527049416
1311.9997,24.7591533661,25.1742004771,26.2618471065,24.6860060843,25.750884903
1313.0002,24.8271263848,25.1736964009,26.2601882509,24.6852133436,25.7490656194
1314.0003,24.8271331787,25.173193984,26.258532238,24.6844228888,25.7472494535
1315.0003,24.8271331787,25.1726930703,26.2568785665,24.6836344762,25.7454358554
1315.9999,24.7746582031,25.1721938049,26.2552277281,24.6828483361,25.7436253644
1317.0003,24.7746582031,25.171695585,26.2535777393,24.682063521,25.7418158052
1318.0003,24.7746582031,25.171199005,26.2519305779,24.6812809686,25.7400093467
1318.9999,24.7492218018,25.170704059,26.2502862384,24.6805006719,25.7382059831
1320.0003,24.7492218018,25.1702101495,26.2486427451,24.6797216903,25.7364035476
1321.0001,24.7492218018,25.169717964,26.2470023961,24.6789451099,25.7346045603
1322.0005,24.8016662598,25.1692269077,26.2453632194,24.6781699936,25.7328068589
1323.0007,24.8016662598,25.1687373699,26.2437265246,24.6773969578,25.7310118793
1324.0005,24.8016662598,25.1682494432,26.2420926339,24.6766261504,25.7292199751
1325.0009,24.7026405334,25.1677626358,26.2404599112,24.6758567963,25.7274293517
1326.0006,24.7026405334,25.1672775761,26.2388304748,24.6750898903,25.7256423325
1326.9999,24.7026405334,25.1667941121,26.2372038295,24.6743251942,25.7238583743
1328.0009,24.7901867192,25.1663112265,26.2355765583,24.6735611002,25.7220737297
1328.9997,24.7901954651,25.1658307956,26.2339549968,24.672800579,25.7202953469
1330.0001,24.7284297943,25.1653509862,26.2323329709,24.6720407308,25.7185164549
1330.9997,24.7284297943,25.1648729472,26.2307143717,24.6712833761,25.7167413209
1331.9999,24.7284297943,25.1643960045,26.2290969288,24.6705274488,25.7149674551
1333.0005,24.7541866302,25.1639202516,26.227480966,24.6697730983,25.7131952125
1334.0005,24.7541866302,25.1634461595,26.2258680949,24.6690210733,25.7114263606
1335.0003,24.7541866302,25.162973533,26.224257665,24.668271066,25.709660186
1336.0003,24.7327578039,25.162502179,26.2226490292,24.6675227718,25.7078959791
1337.0007,24.732755661,25.1620320006,26.2210418649,24.666776038,25.7061333859
1337.9999,24.732755661,25.1615637441,26.2194387373,24.666032052,25.7043752198
1339.0002,24.7613287018,25.1610963276,26.2178359531,24.6652890966,25.7026174302
1339.9999,24.7613315582,25.1606305424,26.2162362349,24.664548431,25.7008630034
1341.0005,24.7613315582,25.1601656866,26.2146371808,24.6638089403,25.6991093047
1341.9998,24.8007392883,25.1597027773,26.2130423025,24.6630722446,25.6973601857
1342.9999,24.8007392883,25.1592408369,26.2114482441,24.6623367899,25.6956119658
1343.9999,24.8007392883,25.1587802787,26.2098564395,24.6616032354,25.6938662178
1345.0006,24.7594413757,25.1583207315,26.2082656144,24.6608709913,25.692121544
1345.9996,24.7594413757,25.1578632917,26.2066795782,24.6601418066,25.6903821222
1347.0003,24.7594413757,25.1574063985,26.2050929303,24.659413195,25.6886420296
1347.9999,24.7212848663,25.1569513277,26.2035101094,24.6586871924,25.686906134
1349.0009,24.7212848663,25.1564969379,26.2019271549,24.6579619792,25.685170092
1349.9999,24.7256088257,25.1560447676,26.2003494389,24.6572400128,25.6834397951
1350.9996,24.7256088257,25.1555935883,26.1987726907,24.6565193338,25.6817105595
1351.9999,24.7256088257,25.1551434439,26.1971970691,24.6558000134,25.6799825595
1353.0005,24.7420787811,25.1546944674,26.1956230469,24.6550822652,25.6782563136
1353.9999,24.7420787811,25.1542473263,26.194052978,24.6543671585,25.6765344034
1355.0008,24.7420787811,25.1538008094,26.1924826191,24.6536527576,25.674812175
1356.0005,24.735830307,25.1533561182,26.1909162045,24.652940986,25.6730942724
1356.9999,24.735830307,25.1529128455,26.1893523166,24.6522311947,25.6713791409
1358.0003,24.735830307,25.1524704126,26.1877889207,24.6515224577,25.6696645489
1359.0001,24.7237186432,25.1520295239,26.1862285156,24.6508159053,25.6679532371
1359.9996,24.7237186432,25.1515900419,26.1846706277,24.6501113187,25.6662446858
1360.9999,24.7237186432,25.15115148,26.1831135414,24.6494079194,25.6645370136
1362.0001,24.7361221313,25.1507142307,26.181558657,24.6487063379,25.6628317563
1363.0003,24.7361221313,25.1502782461,26.180005816,24.6480064993,25.6611287401
1363.9998,24.7361221313,25.1498438266,26.1784561005,24.6473088873,25.6594291516
1365.0007,24.6796283722,25.1494100571,26.1769062538,24.6466120337,25.6577294192
1366.0006,24.6796283722,25.1489779747,26.1753599908,24.6459176061,25.6560336171
1367.0002,24.721540451,25.148547271,26.1738162224,24.6452251108,25.6543405508
1367.9999,24.721540451,25.1481177695,26.1722743275,24.6445342658,25.6526495392
1368.9997,24.721540451,25.1476894671,26.170734304,24.6438450674,25.6509605801
1370.0004,24.7069950104,25.1472620193,26.1691949201,24.6431569624,25.6492723223
1370.9998,24.7069950104,25.1468363616,26.1676595562,24.6424714583,25.6475884733
1372.0003,24.7069950104,25.1464114677,26.1661245219,24.6417869042,25.6459049859
1372.9997,24.7193946838,25.1459882684,26.16459319,24.6411048011,25.6442255588
1373.9999,24.7193946838,25.1455659551,26.1630626456,24.6404238472,25.6425469954
1375.0001,24.7193946838,25.1451448635,26.1615341127,24.639744585,25.6408706381
1376.0008,24.711323591,25.1447247804,26.160006826,24.639066672,25.6391956475
1377.0007,24.7113227844,25.1443062475,26.1584827661,24.6383909839,25.6375241957
1378.0005,24.7113227844,25.1438889666,26.1569608607,24.6377170413,25.6358551068
1379.0001,24.6908170235,25.1434729754,26.1554412585,24.6370449067,25.6341885439
1380.0003,24.6908149719,25.1430579383,26.1539227418,24.6363740389,25.6325231714
1381.0009,24.6908149719,25.1426439366,26.1524056147,24.6357045704,25.630859323
1382.0003,24.7193946838,25.1422316273,26.1508922982,24.6350375657,25.6291996536
1383.0005,24.7193946838,25.1418201812,26.14937976,24.6343716848,25.6275408378
1384.0003,24.7153568268,25.1414100891,26.1478698132,24.6337077234,25.625884864
1384.9999,24.7153568268,25.1410012645,26.1463621516,24.6330455432,25.6242313964
1386.0007,24.7153568268,25.1405931333,26.1448546638,24.6323842152,25.6225781195
1387.0005,24.7473335266,25.1401865894,26.1433506617,24.6317251893,25.6209286653
1388.0005,24.7473335266,25.1397811401,26.1418483351,24.6310676688,25.6192810487
1388.9998,24.7473335266,25.139377146,26.1403490322,24.6304122399,25.6176367482
1390.0003,24.7032190546,25.1389738365,26.138849901,24.6297576538,25.615992636
1391.0007,24.7032146454,25.1385717342,26.1373528901,24.6291047595,25.6143508492
1392.0003,24.7032146454,25.1381711155,26.1358590418,24.6284540077,25.6127125308
1393.0007,24.7218304144,25.1377713357,26.1343659624,24.6278043528,25.6110750557
1394.0003,24.7218322754,25.137373031,26.1328760373,24.6271568297,25.6094410399
1394.9997,24.7218322754,25.1369759572,26.1313883666,24.6265110434,25.6078094965
1396.0001,24.75229531,25.1365796355,26.1299011639,24.6258662163,25.6061784664
1397.0003,24.7522983551,25.1361845394,26.1284162129,24.62522312,25.6045499057
1398.0001,24.7522983551,25.1357907435,26.126933806,24.6245818776,25.6029241353
1399.0001,24.7022857666,25.1353980079,26.1254530507,24.6239420998,25.6013001762
1400.0001,24.7022857666,25.1350064082,26.1239742411,24.6233039111,25.5996783508
1401.0001,24.7162857056,25.1346159411,26.1224973745,24.6226673075,25.5980586565
1402.0001,24.7162857056,25.1342266033,26.1210224485,24.6220322852,25.5964410904
1403.0003,24.7162857056,25.133838314,26.1195491662,24.6213987136,25.5948253268
1403.9997,24.7032146454,25.1334514572,26.1180789961,24.6207672209,25.5932129766
1405.0003,24.7032146454,25.1330652561,26.1166089948,24.6201365403,25.5916008115
1405.9999,24.7032146454,25.1326805569,26.1151423925,24.6195080551,25.589992374
1406.9999,24.6796283722,25.1322968166,26.1136771307,24.6188808798,25.5883854067
1408.0003,24.6796283722,25.1319140334,26.1122132093,24.6182550124,25.5867799094
1409.0005,24.6796283722,25.1315324339,26.1107515043,24.6176308248,25.5851768429
1409.9999,24.6743431091,25.1311522421,26.1092928871,24.6170086852,25.5835771629
1411.0007,24.6743431091,25.1307726191,26.1078341461,24.6163872218,25.581977347
1412.0007,24.6743431091,25.130394397,26.1063784871,24.6157677981,25.5803809112
1412.9999,24.6886310577,25.13001757,26.1049259031,24.6151504066,25.5787878478
1414.0001,24.6886310577,25.1296414566,26.1034737753,24.6145339319,25.5771952847
1415.0003,24.6886310577,25.1292664312,26.1020235559,24.6139189886,25.5756048145
1415.9997,24.6753044128,25.1288927893,26.1005764001,24.6133060631,25.5740177043
1416.9999,24.6753044128,25.1285199296,26.0991299885,24.6126941703,25.5724314103
1418.0002,24.6753044128,25.1281481114,26.0976853336,24.6120837366,25.5708470427
1419.0005,24.7001056671,25.1277773689,26.0962425774,24.6114748197,25.5692647576
1420.0005,24.7001056671,25.1274078097,26.0948021494,24.6108675975,25.5676850257
1420.9999,24.6989213221,25.1270395401,26.0933644766,24.6102622466,25.5661083156
1422.0003,24.6989212036,25.1266719681,26.0919272561,24.6096577949,25.5645321014
1423.0002,24.6989212036,25.1263056425,26.0904926416,24.6090551462,25.5629587454
1424.0005,24.6693782806,25.1259402304,26.0890593393,24.608453754,25.5613868283
1424.9997,24.6693782806,25.1255762756,26.0876294938,24.6078545148,25.5598187025
1426.0007,24.6693782806,25.1252127197,26.086198955,24.6072556874,25.5582498162
1426.9999,24.6333599091,25.1248508673,26.084772865,24.6066594217,25.5566858091
1428.0003,24.6333599091,25.124489628,26.083346938,24.6060639224,25.5551219807
1428.9998,24.6333599091,25.1241297574,26.0819241658,24.6054704365,25.5535616121
1430.0007,24.6324291229,25.1237704252,26.0805012731,24.6048775958,25.5520011115
1431.0003,24.6324291229,25.1234125979,26.0790820962,24.6042869961,25.5504446859
1432.0005,24.6324291229,25.1230555912,26.0776639331,24.6036975096,25.5488893723
1432.9997,24.6784114838,25.1226999727,26.0762490489,24.6031100747,25.5473376546
1434.0001,24.6784114838,25.1223449567,26.0748343264,24.6025233949,25.5457861143
1435.0007,24.6784114838,25.1219908972,26.0734211814,24.601938056,25.544236304
1435.9997,24.7423686981,25.121638426,26.0720121495,24.6013551043,25.5426910046
1437.0005,24.7423686981,25.1212863408,26.0706024333,24.6007725528,25.5411449548
1438.0007,24.7165756226,25.120935485,26.0691954145,24.6001917972,25.5396018631
1438.9999,24.7165756226,25.1205859934,26.0677916488,24.599613063,25.5380623392
1439.9997,24.7165756226,25.1202373028,26.0663888848,24.5990354188,25.5365239139
1440.9999,24.6920623779,25.1198894816,26.0649874035,24.5984589789,25.5349868954
1442.0005,24.6920623779,25.1195425281,26.0635872048,24.5978837414,25.5334512834
1443.0003,24.6920623779,25.1191968549,26.0621899642,24.5973103917,25.5319189156
1444.0007,24.6867738289,25.1188519746,26.0607937223,24.596738123,25.5303876432
1444.9999,24.6867733002,25.1185085041,26.0594009873,24.5961679603,25.5288602168
1446.0002,24.6867733002,25.1181656498,26.0580085507,24.5955985872,25.5273331176
1447.0005,24.6581983525,25.1178237873,26.0566179442,24.5950306288,25.5258080255
1448.0001,24.6581954956,25.1174831521,26.0552301366,24.5944644775,25.5242860031
1449.0004,24.6581954956,25.1171432642,26.053843182,24.5938993368,25.522764916
1450.0006,24.6622310418,25.1168043934,26.0524581887,24.5933356566,25.52124598
1450.9999,24.6622314453,25.1164668065,26.0510762594,24.5927738821,25.5197304042
1452.0006,24.6622314453,25.1161297243,26.0496942123,24.5922127178,25.5182146994
1453.0003,24.6715240479,25.1157939532,26.0483153609,24.591653507,25.5167024993
1454.0004,24.6715240479,25.1154590191,26.0469377701,24.5910954619,25.5151916816
1455.0006,24.6873534587,25.1151250205,26.0455618521,24.5905387474,25.5136826986
1455.9997,24.6873550415,25.1147923538,26.0441892526,24.589984026,25.5121773549
1457.0005,24.6873550415,25.1144600848,26.0428161241,24.5894297407,25.5106714312
1458.0002,24.6572322845,25.1141291412,26.0414463075,24.5888774403,25.5091691396
1458.9999,24.6572322845,25.1137991544,26.0400782903,24.5883265113,25.5076688215
1460.0003,24.6572322845,25.1134698917,26.0387111141,24.587776566,25.5061694256
1461.0003,24.6541538239,25.1131417128,26.0373462806,24.5872282063,25.5046725991
1462.0005,24.6541538239,25.1128144176,26.035982968,24.5866810993,25.5031774405
1463.0001,24.6541538239,25.1124882648,26.0346222634,24.5861356785,25.5016851421
1463.9997,24.6662661833,25.1121630548,26.0332633459,24.5855916119,25.5001948037
1465.0001,24.666267395,25.1118385259,26.0319051279,24.5850484623,25.4987052324
1466.0001,24.666267395,25.1115150653,26.0305492373,24.5845068787,25.4972182136
1467.0003,24.670627594,25.1111924757,26.0291948576,24.5839665324,25.4957328518
1468.0001,24.670627594,25.1108709477,26.0278427984,24.5834277437,25.494250035
1469.0005,24.670627594,25.1105501574,26.0264917057,24.582889971,25.4927682781
1470.0001,24.670627594,25.1102305506,26.0251434673,24.5823539629,25.4912896515
1471.0005,24.670627594,25.1099116132,26.0237959228,24.5818188583,25.489811786
1471.9999,24.6799192668,25.109593916,26.022451494,24.5812856162,25.4883373374
1472.9997,24.6799201965,25.1092770105,26.0211082936,24.5807534852,25.4868642362
1474.0001,24.6799201965,25.108960832,26.0197660534,24.5802223575,25.4853921878
1475.0001,24.6324291229,25.1086456942,26.0184261131,24.5796927611,25.4839226619
1476.0003,24.6324291229,25.1083314051,26.017087666,24.5791643746,25.4824547735
1476.9996,24.6324291229,25.1080183067,26.0157521799,24.5786377745,25.4809901326
1478.0007,24.6336479187,25.1077055518,26.0144160465,24.5781115364,25.4795247817
1479.0001,24.6336479187,25.1073942311,26.0130839352,24.5775874972,25.4780638419
1479.9998,24.6336479187,25.1070837173,26.0117531741,24.5770646021,25.4766043829
1480.9999,24.6563335624,25.1067739776,26.0104236296,24.5765427969,25.4751462581
1481.9996,24.6563358307,25.1064652572,26.009096363,24.5760224958,25.4736906316
1483.0003,24.6563358307,25.1061571219,26.0077695148,24.5755029682,25.4722354639
1484.0007,24.6305415188,25.1058499704,26.0064448083,24.5749848871,25.470782645
1485.0007,24.6305389404,25.1055438298,26.0051223717,24.5744682997,25.4693323155
1485.9999,24.6305389404,25.1052388186,26.0038027286,24.5739534071,25.4678850497
1487.0006,24.6296101545,25.1049342329,26.002482841,24.5734390224,25.4664375157
1487.9999,24.6296100616,25.104630953,26.0011665317,24.5729266331,25.4649939062
1489.0007,24.6296100616,25.1043280964,25.9998499789,24.5724147494,25.4635500295
1490,24.6476516724,25.1040265684,25.9985371268,24.5719049024,25.4621102114
1491.0001,24.6476516724,25.1037256714,25.9972249495,24.5713959143,25.4606711335
1492.0001,24.6870651245,25.1034256748,25.9959146275,24.5708882413,25.4592340902
1492.9997,24.6870651245,25.1031266654,25.9946065503,24.5703820316,25.4577995089
1494.0007,24.6870651245,25.1028281034,25.9932983628,24.5698763724,25.4563648066
1494.9997,24.6047827116,25.1025309997,25.9919945046,24.5693729769,25.4549348521
1496.0001,24.6047744751,25.1022343399,25.9906905342,24.5688701277,25.4535047747
1497.0001,24.6047744751,25.1019386565,25.9893887982,24.5683687283,25.4520771479
1498.0001,24.6438999176,25.1016438284,25.9880887727,24.5678685743,25.4506513968
1499.0006,24.6438999176,25.1013497061,25.9867898066,24.5673694134,25.4492268077
1500.0007,24.6438999176,25.101056552,25.9854930665,24.5668716918,25.4478046599
1501.0004,24.6646669593,25.1007643627,25.984198548,24.566375405,25.4463849485
1502.0008,24.6646690369,25.1004728144,25.9829048254,24.5658800042,25.4449661099
1502.9997,24.6646690369,25.1001825449,25.9816147393,24.5653865744,25.4435512596
1503.9999,24.640794754,25.0998927379,25.9803246708,24.5648937292,25.4421364286
1504.9999,24.640794754,25.099603827,25.9790365553,24.5644022064,25.4407237394
1505.9997,24.640794754,25.0993158091,25.9777503894,24.5639120025,25.4393131884
1506.9999,24.656334277,25.0990285094,25.9764653996,24.5634228206,25.4379039272
1508.0006,24.6563358307,25.0987418978,25.9751814574,24.5629346103,25.436495815
1509.0001,24.6510467529,25.0984564579,25.9739007401,24.5624481967,25.4350912395
1509.9998,24.6510467529,25.0981717863,25.9726214491,24.5619628937,25.4336882282
1511.0006,24.6510467529,25.0978876259,25.9713424336,24.5614782638,25.4322855191
1512.0007,24.6572316661,25.0976044859,25.9700659929,24.5609951763,25.4308856338
1513,24.6572322845,25.0973223904,25.9687922485,24.5605136738,25.4294887056
1514.0008,24.6572322845,25.0970406885,25.9675182685,24.5600326463,25.428091519
1515.0006,24.6631902457,25.0967600824,25.9662472342,24.5595532935,25.426697563
1516.0008,24.6631908417,25.0964801758,25.9649773622,24.55907494,25.4253048816
1517.0003,24.6631908417,25.0962012741,25.9637100461,24.5585981084,25.4239150033
1518.0005,24.6755943298,25.095922984,25.9624435086,24.5581221278,25.4225259789
1518.9997,24.6755943298,25.0956457761,25.9611798993,24.5576478039,25.421140166
1519.9997,24.6755943298,25.0953691482,25.9599169394,24.5571742788,25.4197550652
1521.0002,24.6982456453,25.0950931828,25.9586550087,24.556701694,25.4183710932
1522.0001,24.6982479095,25.0948181806,25.9573954923,24.556230566,25.4169897689
1523.0003,24.6982479095,25.0945438916,25.9561372535,24.5557604672,25.4156098458
1523.9997,24.6324291229,25.0942706145,25.9548816727,24.5552919109,25.4142328378
1524.9999,24.6324291229,25.0939979094,25.9536267377,24.554824144,25.412856538
1526.0005,24.6660118103,25.0937258847,25.9523729511,24.5543573529,25.4114814976
1526.9997,24.6660118103,25.0934550261,25.9511225636,24.5538923726,25.4101101852
1528.0001,24.6660118103,25.0931846264,25.9498723191,24.5534279899,25.4087390296
1529.0003,24.7227879026,25.092915063,25.9486239676,24.5529648536,25.4073699499
1530.0003,24.7227935791,25.0926463329,25.9473775057,24.5525029602,25.4060029427
1531.0005,24.7227935791,25.0923783266,25.9461324329,24.552042122,25.4046374589
1532.0003,24.6712665558,25.0921112023,25.9448894933,24.5515826122,25.4032743146
1533.0003,24.6712665558,25.0918447972,25.9436479385,24.5511241521,25.401912689
1534.0003,24.6712665558,25.0915791626,25.942408015,24.5506668306,25.4005528524
1534.9997,24.7075424194,25.0913144549,25.9411704632,24.5502109185,25.399195617
1535.9997,24.7075424194,25.0910503542,25.939933795,24.5497558653,25.3978393506
1537.0003,24.7075424194,25.0907868595,25.9386980112,24.5493016704,25.3964840542
1538.0007,24.6550865173,25.0905241798,25.9374640988,24.5488486948,25.39513081
1539.0003,24.6550865173,25.0902624693,25.936232793,24.5483972057,25.3937804247
1539.9996,24.6550865173,25.0900015936,25.9350034734,24.5479469725,25.3924322175
1540.9998,24.6970268279,25.089741238,25.9337746629,24.5474974528,25.3910845687
1541.9997,24.6970310211,25.0894817132,25.9325478352,24.5470491843,25.3897390945
1542.9997,24.7072505951,25.0892229131,25.9313224968,24.5466019843,25.3883952537
1543.9999,24.7072505951,25.0889648101,25.930098524,24.5461558061,25.3870529104
1545.0005,24.7072505951,25.0887073508,25.9288756712,24.5457105585,25.3857117956
1545.9999,24.6762332916,25.0884509441,25.9276558898,24.5452669495,25.3843740491
1547.0007,24.6762332916,25.0881949209,25.9264360049,24.5448238225,25.3830361891
1548.0006,24.6762332916,25.087939868,25.925218819,24.5443821941,25.3817012891
1549.0007,24.6877048466,25.0876855019,25.9240029893,24.5439415745,25.3803678765
1550.0001,24.6877059937,25.0874320488,25.9227896066,24.5435023567,25.3790371476
1551.0007,24.6877059937,25.0871790253,25.9215763633,24.5430637038,25.3777065715
1551.9998,24.7404732341,25.0869271117,25.9203665303,24.5426267962,25.3763797355
1552.9999,24.7404785156,25.0866756749,25.919157077,24.5421905372,25.3750533159
1553.9997,24.7404785156,25.0864250406,25.9179495751,24.5417554922,25.3737290365
1554.9997,24.6883506775,25.0861750811,25.9167434184,24.5413214409,25.3724062324
1556.0005,24.6883506775,25.0859256454,25.9155378836,24.5408881218,25.3710841103
1557.0001,24.6883506775,25.0856772295,25.9143353767,24.5404563974,25.3697653089
1557.9999,24.6721935272,25.0854294823,25.9131342091,24.5400256589,25.3684479764
1559.0003,24.6721935272,25.0851823035,25.9119339001,24.5395957325,25.3671315855
1560.0001,24.6721935272,25.0849359874,25.9107358873,24.5391671313,25.3658177129
1560.9999,24.7380038235,25.0846903836,25.9095394484,24.5387395945,25.3645055663
1562.0005,24.7380104065,25.0844452943,25.9083436258,24.5383127785,25.3631940957
1563.0003,24.6771640778,25.0842011094,25.9071503296,24.5378873633,25.3618853958
1563.9998,24.6771640778,25.0839577036,25.9059589584,24.5374631317,25.3605788071
1565.0005,24.6771640778,25.0837147104,25.9047677243,24.5370394459,25.3592723687
1566.0001,24.7227935791,25.0834726864,25.9035793634,24.5366172772,25.3579690814
1567.0005,24.7227935791,25.0832311693,25.9023916141,24.53619582,25.3566664649
1568.0003,24.7227935791,25.0829904952,25.9012061371,24.5357756619,25.3553663404
1569.0006,24.6852684021,25.0827503972,25.9000216258,24.5353563379,25.354067275
1570.0005,24.6852684021,25.0825110895,25.8988391441,24.5349382227,25.3527704354
1571.0007,24.6852684021,25.0822724023,25.8976578618,24.534521021,25.3514749114
1571.9997,24.6855583191,25.0820346907,25.8964795466,24.5341053545,25.3501826412
1573.0003,24.6855583191,25.0817972868,25.8953008946,24.5336900561,25.3488900018
1573.9998,24.6855583191,25.0815608299,25.8941250854,24.5332762447,25.34760048
1574.9999,24.6771649171,25.0813249151,25.8929501159,24.5328632131,25.3463118793
1576.0007,24.6771640778,25.0810895184,25.8917758697,24.5324509195,25.3450240717
1577.0003,24.6771640778,25.080855084,25.8906045729,24.5320401434,25.3437394988
1577.9999,24.6833763123,25.0806213274,25.8894348145,24.5316303871,25.342456613
1578.9997,24.6833763123,25.0803882,25.8882663589,24.5312215665,25.3411751561
1579.9997,24.7234287262,25.0801557003,25.887099205,24.5308136796,25.3398951267
1581.0001,24.7234287262,25.0799237804,25.8859331188,24.5304066433,25.3386162683
1581.9997,24.7234287262,25.0796927163,25.8847694961,24.5300009428,25.3373401116
1582.9999,24.7119598389,25.079462182,25.8836067047,24.5295960069,25.3360648666
1584.0005,24.7119598389,25.0792322229,25.8824449773,24.5291919156,25.3347907886
1585.0003,24.7119598389,25.0790031123,25.8812857043,24.5287891506,25.3335194023
1586.0005,24.6905252906,25.0787745729,25.8801274914,24.5283872251,25.3322491786
1587.0007,24.6905231476,25.0785466947,25.8789708006,24.5279862982,25.3309806242
1587.9997,24.6905231476,25.0783197478,25.877817015,24.5275868466,25.329715256
1589.0003,24.7110328674,25.0780930948,25.8766628996,24.5271877488,25.3284495261
1590.0006,24.7110328674,25.0778671654,25.875510647,24.526789762,25.3271858391
1590.9999,24.7110328674,25.0776421145,25.8743610585,24.5263931605,25.3259250739
1591.9999,24.7256088257,25.0774175571,25.8732121758,24.5259972666,25.3246650827
1593.0007,24.7256088257,25.0771934702,25.8720638854,24.5256020404,25.3234057411
1594.0005,24.7256088257,25.076970255,25.8709182501,24.5252081902,25.3221493114
1594.9997,24.67316008,25.0767478185,25.869774806,24.5248155535,25.3208952848
1595.9997,24.6731548309,25.0765258476,25.8686319494,24.5244235781,25.3196419026
1596.9997,24.6628733426,25.0763045186,25.8674905946,24.5240325763,25.3183901673
1598.0005,24.6628723145,25.0760836535,25.8663498281,24.523642234,25.3171390773
1599.0003,24.6628723145,25.0758636474,25.8652116994,24.5232532507,25.3158908802
1599.9997,24.6833763123,25.0756443651,25.8640755203,24.5228653883,25.3146448212
1601.0007,24.6833763123,25.0754253671,25.8629390178,24.5224778701,25.3133984075
1602,24.6833763123,25.0752073735,25.8618059365,24.5220919711,25.3121557459
1603.0001,24.689881628,25.0749898361,25.8606734376,24.5217067221,25.310913723
1603.9997,24.6898822784,25.0747730363,25.8595429921,24.521322622,25.3096739521
1605.0003,24.6898822784,25.0745566473,25.8584129026,24.5209390928,25.3084345716
1605.9999,24.6833763123,25.0743410998,25.8572854261,24.5205568986,25.3071980569
1607.0007,24.6833763123,25.0741259178,25.8561580797,24.5201751962,25.3059616847
1607.9998,24.6833763123,25.0739117226,25.8550341269,24.5197950886,25.3047290345
1608.9997,24.6827374144,25.0736979756,25.8539107514,24.5194156211,25.3034970173
1610.0001,24.6827373505,25.0734847403,25.8527882912,24.5190369069,25.302266004
1610.9999,24.6827373505,25.0732722494,25.8516679784,24.5186593601,25.3010373457
1611.9999,24.6833762484,25.0730603305,25.8505489137,24.5182826756,25.2998100562
1613.0003,24.6833763123,25.0728489402,25.8494308726,24.5179067767,25.2985838893
1614.0001,24.6426811218,25.0726382877,25.8483149704,24.5175320363,25.2973600683
1615.0005,24.6426811218,25.0724281184,25.8471998659,24.5171580026,25.2961371219
1616,24.6426811218,25.0722187456,25.8460872283,24.5167852334,25.2949168812
1616.9999,24.6221753601,25.0720098945,25.8449756076,24.5164132411,25.2936977556
1618.0005,24.6221733093,25.0718015019,25.8438646707,24.5160419132,25.29247938
1619.0007,24.6221733093,25.0715937953,25.8427556376,24.5156716561,25.2912630923
1620.0001,24.6445732117,25.0713868549,25.8416489474,24.5153026138,25.2900493741
1621,24.6445732117,25.0711804096,25.8405431579,24.5149343037,25.2888366436
1621.9997,24.6445732117,25.0709746025,25.8394390419,24.5145669817,25.2876257486
1622.9999,24.6147422791,25.0707692879,25.8383358251,24.5142003888,25.2864158397
1624.0001,24.6147422791,25.0705645673,25.8372340583,24.5138347066,25.2852075209
1625.0005,24.6147422791,25.0703603981,25.8361335195,24.51346986,25.284000549
1625.9997,24.6047744751,25.0701570635,25.8350357449,24.513106356,25.2827966086
1626.9999,24.6047744751,25.0699541139,25.8339383151,24.5127433917,25.2815930464
1628.0002,24.6047744751,25.0697517312,25.832842218,24.512381293,25.2803909458
1629.0009,24.6209583282,25.0695498534,25.8317471242,24.5120199498,25.2791899454
1629.9997,24.6209583282,25.0693489415,25.8306555454,24.5116601881,25.2779928001
1631.0005,24.6209583282,25.0691482095,25.8295632178,24.5113006013,25.2767948334
1631.9999,24.651720047,25.068948338,25.8284738516,24.5109424095,25.2756001146
1633.0001,24.651720047,25.068748885,25.8273850456,24.5105848212,25.2744060101
1634.0003,24.6057098613,25.068550009,25.8262976706,24.5102281212,25.2732134751
1635.0005,24.6057052612,25.0683517082,25.8252117246,24.5098723074,25.2720225073
1635.9998,24.6057052612,25.0681541588,25.8241281811,24.5095176965,25.2708341742
1637.0003,24.6153135232,25.0679569441,25.8230447617,24.5091635416,25.2696459773
1638.0007,24.6153144836,25.0677603197,25.8219628746,24.508810302,25.2684594609
1639.0007,24.6153144836,25.0675643425,25.8208828415,24.5084580809,25.2672749777
1640.0001,24.6174659729,25.0673690492,25.8198048742,24.5081069452,25.2660927602
1640.9999,24.6174659729,25.0671742426,25.8187278918,24.5077565411,25.2649116229
1641.9999,24.6174659729,25.0669799605,25.8176521093,24.5074069374,25.2637318014
1643.0007,24.5914096832,25.0667860855,25.8165768814,24.5070579233,25.2625525882
1644.0005,24.5914096832,25.0665929646,25.8155041397,24.5067101243,25.2613761017
1645.0007,24.5914096832,25.0664003251,25.814432379,24.5063630503,25.2602006909
1646.0003,24.6293163521,25.066208358,25.8133626684,24.5060170461,25.2590275286
1646.9999,24.6293201447,25.0660169459,25.8122943628,24.5056719008,25.2578559072
1648.0006,24.6293201447,25.0658258775,25.8112262871,24.5053272342,25.2566845379
1649.0008,24.603843689,25.0656354571,25.8101601484,24.5049835958,25.2555152929
1649.9998,24.603843689,25.065445815,25.8090966875,24.5046412218,25.2543489847
1650.9997,24.5644341786,25.0652565508,25.8080336663,24.5042993901,25.2531831587
1652.0001,24.5644302368,25.0650677396,25.8069715113,24.5039582371,25.2520182826
1652.9997,24.5644302368,25.0648796251,25.8059116001,24.5036182036,25.2508558674
1654.0007,24.596698761,25.0646917921,25.8048515996,24.5032785398,25.2496933542
1655.0007,24.596698761,25.0645046898,25.8037940501,24.5029400587,25.2485335291
1656.0005,24.596698761,25.0643181658,25.8027381013,24.5026024857,25.2473754594
1656.9997,24.5933017731,25.0641322926,25.8016841721,24.5022659528,25.2462196048
1658.0003,24.5933017731,25.0639466973,25.8006301529,24.5019297854,25.2450636513
1658.9999,24.5933017731,25.0637618238,25.7995785707,24.5015947882,25.2439103707
1659.9997,24.575258255,25.063577448,25.7985281598,24.5012605559,25.2427583745
1661.0007,24.575258255,25.0633933849,25.7974778706,24.500926754,25.2416065118
1662.0003,24.575258255,25.063210111,25.7964304288,24.5005942472,25.2404577719
1663.0007,24.5780754089,25.063027221,25.7953835261,24.5002623008,25.2393096232
1664.0005,24.5780754089,25.0628449693,25.7943386262,24.4999313775,25.2381636711
1665.0005,24.5780754089,25.0626632084,25.7932948904,24.4996012101,25.2370189956
1665.9997,24.5985584259,25.0624821179,25.7922533594,24.499272126,25.2358767381
1667.0005,24.5985584259,25.062301262,25.7912115314,24.4989433335,25.2347341548
1668.0007,24.548247599,25.0621210376,25.7901716967,24.4986155548,25.2335937577
1669.0005,24.548242569,25.0619414063,25.7891336436,24.498288721,25.2324553146
1670.0007,24.548242569,25.0617622228,25.7880965398,24.4979625685,25.2313179124
1670.9997,24.5811576843,25.0615837718,25.7870620408,24.4976376162,25.2301833669
1672.0007,24.5811576843,25.0614054806,25.7860268327,24.4973128221,25.2290480439
1673.0004,24.5811576843,25.0612279362,25.784994328,24.4969892557,25.2279156856
1673.9999,24.5733642578,25.0610509404,25.7839633857,24.4966665572,25.2267850409
1675,24.5733642578,25.0608743506,25.7829331797,24.4963444669,25.2256552036
1675.9997,24.5733642578,25.0606983418,25.7819047387,24.4960233051,25.2245273021
1677.0009,24.5451660156,25.060522579,25.7808761086,24.4957024606,25.2233991932
1678.0005,24.5451660156,25.0603476048,25.7798504723,24.4953829248,25.2222743676
1679.0003,24.5451660156,25.0601731016,25.7788259783,24.4950641187,25.2211507947
1679.9997,24.5308704376,25.0599991725,25.7778032392,24.4947462313,25.2200291466
1681.0007,24.5308704376,25.0598254689,25.7767802091,24.494428626,25.2189071792
1682.0009,24.5308704376,25.0596524064,25.7757593405,24.4941120633,25.2177875824
1683.0001,24.539232254,25.0594800169,25.7747408322,24.4937966023,25.2166705741
1684.0005,24.539232254,25.0593079193,25.7737224404,24.4934815468,25.2155536936
1684.9998,24.5649998628,25.0591365082,25.7727065048,24.4931676193,25.2144395069
1686.0005,24.5650024414,25.0589653533,25.7716904827,24.4928540329,25.2133252252
1687.0001,24.5650024414,25.0587948812,25.7706769112,24.4925415693,25.2122136312
1687.9999,24.5516681671,25.0586248679,25.7696644685,24.4922298192,25.2111032752
1688.9997,24.5516681671,25.0584553462,25.7686533559,24.4919188433,25.2099943779
1690.0003,24.5516681671,25.0582861797,25.7676427642,24.4916083917,25.2088860518
1691.0005,24.5709285553,25.05811757,25.7666339043,24.4912988353,25.2077796251
1691.9999,24.570930481,25.0579495824,25.7656271756,24.4909902947,25.2066755357
1693.0003,24.570930481,25.057781913,25.7646207636,24.4906822124,25.2055717936
1694.0005,24.516828537,25.0576147621,25.7636158754,24.490374957,25.2044697226
1694.9997,24.516828537,25.0574482611,25.7626133105,24.4900687709,25.2033701996
1695.9999,24.516828537,25.0572820754,25.7616110605,24.4897630395,25.202271022
1697.0003,24.5597190857,25.0571163374,25.7606099276,24.4894580067,25.2011730696
1698.0007,24.5597190857,25.0569510788,25.7596101108,24.4891537318,25.2000765604
1698.9999,24.5597190857,25.0567864958,25.7586128051,24.4888505767,25.1989828053
1700.0007,24.5096797943,25.0566221261,25.757615215,24.4885476902,25.1978887383
1700.9999,24.5096797943,25.0564584937,25.7566205285,24.4882460392,25.1967978556
1702.0001,24.5096797943,25.0562951712,25.7556261544,24.487944836,25.1957073155
1702.9997,24.5149650574,25.0561324187,25.7546336824,24.4876445611,25.1946188616
1704.0003,24.5149650574,25.0559699746,25.7536415231,24.4873447325,25.1935307506
1705.0005,24.5783653259,25.0558080652,25.7526510641,24.4870457685,25.1924445043
1705.9997,24.5783653259,25.0556467854,25.7516628951,24.4867478449,25.1913607694
1707.0005,24.5783653259,25.0554857146,25.7506744443,24.4864501855,25.1902767255
1708.0002,24.5096866642,25.0553252862,25.7496883776,24.486153592,25.1891952963
1709.0007,24.5096797943,25.0551651939,25.7487028186,24.4858574985,25.1881144239
1710.0003,24.5096797943,25.0550057082,25.7477194401,24.4855624061,25.1870359428
1711.0009,24.523979187,25.0548465247,25.7467363713,24.4852677523,25.1859578014
1712.0001,24.523979187,25.0546880237,25.7457559678,24.4849742415,25.1848825831
1712.9996,24.523979187,25.0545299333,25.7447765577,24.4846813714,25.1838084542
1713.9997,24.5283355713,25.0543722054,25.7437978471,24.4843890532,25.1827350925
1714.9997,24.5283355713,25.0542149495,25.7428205203,24.4840974903,25.1816632484
1716.0003,24.5283355713,25.0540580544,25.7418438924,24.4838064772,25.1805921709
1717.0005,24.5289782835,25.0539016759,25.7408689383,24.4835163034,25.1795229288
1717.9997,24.5289783478,25.0537459053,25.7398962382,24.4832271394,25.178456159
1719.0008,24.5289783478,25.0535902901,25.7389229693,24.4829381453,25.1773887652
1720.0003,24.5330162048,25.053435373,25.7379525331,24.48265033,25.176324478
1720.9997,24.5330162048,25.0532809192,25.7369834682,24.4823632579,25.1752616949
1722.0003,24.5457077026,25.0531267271,25.7360145146,24.482076555,25.1741990338
1723.0004,24.5457077026,25.052973058,25.7350473182,24.4817907073,25.1731382999
1723.9999,24.5457077026,25.0528199252,25.7340819719,24.4815057406,25.1720795949
1725.0004,24.5125059888,25.0526670826,25.7331169295,24.4812211973,25.1710212232
1726.0002,24.5125026703,25.0525147886,25.7321538296,24.4809375595,25.169964982
1727.0004,24.5125026703,25.0523628744,25.7311916104,24.4806545129,25.1689097065
1728.0007,24.5177898407,25.0522113845,25.7302305598,24.4803721414,25.1678557126
1728.9999,24.5177898407,25.0520604988,25.7292718271,24.4800907807,25.1668042609
1730.0003,24.5177898407,25.0519098686,25.7283132039,24.4798097818,25.1657529293
1731.0002,24.5022789255,25.0517597493,25.7273563191,24.4795296209,25.1647035041
1731.9998,24.5022773743,25.0516101089,25.726400978,24.4792502396,25.1636557719
1733.0009,24.5022773743,25.0514606776,25.7254454609,24.4789711343,25.1626078468
1734.0005,24.4857997894,25.0513119019,25.7244926296,24.4786931397,25.1615628671
1735.0003,24.4857997894,25.0511635266,25.7235408595,24.4784157798,25.1605190513
1735.9999,24.4857997894,25.05101561,25.7225905297,24.478139164,25.1594768152
1736.9997,24.5556735992,25.0508680915,25.7216412584,24.4778631799,25.1584357398
1738.0001,24.5556735992,25.0507209115,25.7206926657,24.4775877161,25.1573954086
1739.0001,24.533946991,25.0505742159,25.7197456983,24.4773130465,25.1563568601
1740.0003,24.533946991,25.0504279153,25.7187997863,24.4770390044,25.1553194689
1741.0003,24.533946991,25.0502820671,25.7178553061,24.4767656978,25.154283648
1741.9997,24.5442028046,25.0501367278,25.7169126326,24.4764932333,25.1532498085
1743.0007,24.5442028046,25.049991577,25.7159696907,24.4762210106,25.1522156747
1744.0001,24.5442028046,25.0498470774,25.7150294933,24.4759498983,25.1511845508
1745.0001,24.5588150024,25.0497029091,25.7140899672,24.4756792967,25.1501541631
1746.0007,24.5588150024,25.0495590716,25.713151113,24.4754092056,25.1491245123
1747.0009,24.5588150024,25.0494157077,25.7122138677,24.4751398933,25.1480966261
1748.0004,24.5380212607,25.0492728584,25.7112785089,24.4748714378,25.1470708086
1748.9999,24.5380191803,25.049130422,25.7103443784,24.4746036488,25.1460463384
1749.9999,24.5380191803,25.0489883264,25.7094110084,24.4743363911,25.1450227022
1750.9997,24.5553876669,25.0488466701,25.7084790512,24.4740698505,25.1440006153
1752.0009,24.5553894043,25.0487052259,25.7075470158,24.4738036,25.1429784428
1752.9998,24.5553894043,25.0485645148,25.7066183434,24.4735386209,25.1419599585
1753.9997,24.5811576843,25.0484240699,25.7056899621,24.473274035,25.1409417934
1755.0005,24.5811576843,25.0482839054,25.7047619665,24.473009869,25.1399240513
1756.0005,24.5504238345,25.0481442581,25.7038359316,24.47274657,25.1389084596
1757.0004,24.5504207611,25.0480050286,25.7029112059,24.4724839512,25.1378943037
1758.0001,24.5504207611,25.0478662295,25.7019878798,24.472222037,25.1368816826
1759.0003,24.5901947021,25.0477277626,25.7010653056,24.4719606426,25.1358698863
1760.0001,24.5901947021,25.0475897514,25.7001443121,24.4717000018,25.1348598235
1761.0003,24.5901947021,25.0474520842,25.6992241608,24.4714399043,25.1338506843
1762.0005,24.6025981903,25.0473148154,25.6983052187,24.471180453,25.1328428714
1763.0005,24.6025981903,25.0471779709,25.6973876678,24.470921698,25.1318365841
1764.0001,24.6025981903,25.0470415767,25.6964716888,24.4706636888,25.1308320208
1765.0007,24.589263916,25.046905441,25.6955559983,24.470406063,25.1298277739
1766.0003,24.589263916,25.0467698347,25.6946424251,24.470149334,25.128825849
1767.0007,24.589263916,25.0466345124,25.6937293221,24.4698930377,25.1278244398
1768.0008,24.6054191589,25.0464996221,25.6928176927,24.4696374549,25.1268246467
1769.0003,24.6054191589,25.0463652025,25.6919078071,24.4693826597,25.125826766
1769.9999,24.6054191589,25.046231158,25.6909990256,24.4691284716,25.1248300962
1771.0004,24.6135226733,25.046097381,25.690090621,24.4688746867,25.1238338399
1771.9997,24.6135234833,25.0459641508,25.6891844981,24.4686218357,25.1228400858
1773.0007,24.6135234833,25.04583108,25.6882780266,24.4683691837,25.1218459494
1773.9998,24.5858716031,25.0456986459,25.6873744645,24.4681176377,25.1208550037
1774.9997,24.5858688354,25.045566489,25.6864713665,24.4678665152,25.1198645671
1776.0007,24.6122772535,25.0454345694,25.6855684634,24.4676157412,25.1188743443
1776.9997,24.612279892,25.0453032943,25.6846685484,24.4673660899,25.1178873985
1778.0007,24.612279892,25.0451721367,25.6837680166,24.4671165601,25.1168997762
1778.9999,24.6216011047,25.0450415937,25.6828702854,24.4668680978,25.1159152254
1779.9997,24.6216011047,25.0449113499,25.6819731948,24.4666201034,25.1149313772
1781.0005,24.6216011047,25.044781353,25.6810763872,24.4663724778,25.1139478393
1781.9997,24.6532904381,25.0446519393,25.6801821899,24.4661258622,25.1129671642
1782.9999,24.6532936096,25.0445227706,25.6792882734,24.4658796127,25.111986797
1784.0001,24.6532936096,25.0443939756,25.6783955317,24.465633975,25.1110077183
1785.0001,24.6570468964,25.0442655789,25.6775041415,24.4653889964,25.1100301217
1786.0001,24.6570472717,25.0441375534,25.6766139225,24.4651446263,25.1090538096
1787.0002,24.6570472717,25.0440098855,25.6757247844,24.4649008389,25.108078683
1788.0001,24.6573314667,25.0438826123,25.6748369922,24.4646577056,25.1071050323
1788.9997,24.6573314667,25.0437557452,25.6739506322,24.4644152489,25.1061329525
1790.0007,24.6573314667,25.043629068,25.6730641975,24.4641730558,25.1051607906
1790.9997,24.6682300568,25.0435030095,25.6721806962,24.463931947,25.104191846
1792.0002,24.6682300568,25.0433771267,25.6712970308,24.4636910757,25.1032227212
1792.9997,24.7119598389,25.0432517335,25.6704154085,24.463451043,25.1022558372
1794.0005,24.7119598389,25.0431265404,25.6695337996,24.463211295,25.101288968
1795.0003,24.7119598389,25.0430018343,25.6686542293,24.4629723817,25.1003243343
1796.0005,24.6713371277,25.042877439,25.6677754632,24.4627339665,25.0993605828
1796.9999,24.6713371277,25.0427535027,25.6668985535,24.4624963336,25.0983988671
1797.9997,24.6713371277,25.0426298752,25.6660224451,24.4622591958,25.0974380303
1799.0001,24.6939922573,25.0425065313,25.6651469628,24.4620225051,25.0964778801
1799.9997,24.6939945221,25.0423836425,25.6642733302,24.4617865911,25.0955197584
1801.0005,24.6939945221,25.0422609622,25.6633997983,24.4615509807,25.0945617472
1802.0001,24.6996397093,25.0421387833,25.6625284604,24.4613162374,25.0936061423
1803.0003,24.699640274,25.0420168847,25.661657745,24.4610819366,25.09265122
1803.9996,24.699640274,25.0418954479,25.6607889559,24.4608484279,25.0916984102
1804.9999,24.7542572021,25.0417742411,25.6599204398,24.460615266,25.0907459
1806.0003,24.7542572021,25.0416533729,25.6590529786,24.4603826602,25.0897945466
1807.0001,24.7542572021,25.0415329266,25.658187177,24.4601507713,25.0888450133
1808.0005,24.7564334869,25.0414127566,25.6573219942,24.4599193197,25.0878961586
1809.0005,24.7564334869,25.0412929821,25.6564582939,24.4596885353,25.0869489299
1810,24.7899727644,25.0411736137,25.6555961595,24.4594584392,25.0860034185
1810.9997,24.78997612,25.0410545666,25.6547349852,24.4592288684,25.08505896
1811.9999,24.78997612,25.0409358044,25.6538745122,24.4589997533,25.0841152706
1813.0007,24.7887573242,25.0408173148,25.6530146549,24.4587710705,25.0831722565
1813.9998,24.7887573242,25.0406993685,25.6521573861,24.4585433431,25.0822320812
1814.9997,24.7887573242,25.0405816691,25.6513005576,24.4583159992,25.0812923888
1816.0003,24.7890434265,25.040464228,25.6504442561,24.4580890613,25.0803532745
1816.9997,24.7890434265,25.040347267,25.6495901055,24.4578629586,25.0794165189
1818.0007,24.7890434265,25.0402304576,25.6487357117,24.4576370565,25.0784794966
1818.9997,24.8114051819,25.0401142188,25.6478841453,24.4574121658,25.0775455753
1820.0004,24.8114051819,25.0399981189,25.6470322506,24.4571874518,25.0766112938
1820.9997,24.8114051819,25.0398825168,25.6461826654,24.4569636096,25.0756795453
1821.9997,24.7971224762,25.0397671681,25.6453336019,24.4567401667,25.0747483688
1823.0007,24.797121048,25.0396520382,25.6444848066,24.4565170563,25.0738174865
1824.0002,24.797121048,25.0395374133,25.6436383971,24.4562948336,25.0728892207
1824.9999,24.8204402924,25.039423097,25.6427929302,24.4560731183,25.0719619887
1825.9997,24.8204402924,25.0393090998,25.6419484895,24.4558519315,25.0710358821
1827.0007,24.7980499268,25.0391952961,25.6411041466,24.4556310295,25.0701098827
1828.0007,24.7980499268,25.039081935,25.640261756,24.4554108965,25.0691860246
1828.9997,24.7980499268,25.0389690146,25.6394213131,24.4551915296,25.0682643024
1829.9999,24.8054790497,25.0388562855,25.6385809658,24.4549724446,25.0673426852
1831.0007,24.8054790497,25.0387438151,25.6377412198,24.4547537729,25.0664217273
1832.0005,24.8054790497,25.0386317821,25.6369034156,24.4545358624,25.065502899
1832.9999,24.8368759155,25.0385201178,25.6360670464,24.45431858,25.0645856446
1833.9999,24.8368759155,25.0384087095,25.6352312745,24.4541017069,25.0636690452
1834.9998,24.8368759155,25.0382976344,25.6343966841,24.4538853941,25.0627537416
1836.0007,24.7437210083,25.03818677,25.6335623573,24.4536694031,25.0618387269
1837.0007,24.7437210083,25.0380763258,25.6327298764,24.4534541425,25.0609257368
1838.0008,24.7437210083,25.03796619,25.6318984063,24.4532393951,25.0600138552
1839.0005,24.7427883148,25.0378564166,25.6310683608,24.4530252667,25.059103536
1840.0005,24.7427883148,25.0377469279,25.6302391569,24.452811606,25.0581941398
1841.0007,24.7427883148,25.0376377339,25.6294108771,24.4525984335,25.0572857571
1842.0005,24.7816162109,25.0375288994,25.6285840165,24.4523858754,25.0563789307
1842.9999,24.7816162109,25.0374204229,25.6277585722,24.45217393,25.0554736577
1844.0003,24.7816162109,25.0373121519,25.6269333876,24.4519622994,25.0545686695
1844.9999,24.7222940669,25.0372042803,25.6261099463,24.4517513632,25.0536655932
1846.0007,24.7222881317,25.0370965917,25.6252866,24.4515406985,25.052762621
1847.0005,24.7635746002,25.036989322,25.6244651574,24.4513307672,25.0518617367
1848.0001,24.7635746002,25.0368823837,25.6236449579,24.451121399,25.0509622158
1848.9998,24.7635746002,25.036775744,25.6228257539,24.4509125298,25.0500637865
1849.9999,24.7316055298,25.0366693702,25.6220072988,24.450704096,25.0491661786
1851.0007,24.7316055298,25.0365632299,25.6211893475,24.4504960346,25.0482691232
1851.9999,24.7316055298,25.0364575657,25.620373777,24.4502888218,25.0473746788
1853.0003,24.7645072937,25.0363520806,25.6195582996,24.4500818753,25.0464803367
1854.0001,24.7645072937,25.0362469637,25.6187443823,24.4498755667,25.0455877054
1855.0003,24.7645072937,25.0361421089,25.6179312093,24.4496696883,25.0446958905
1856.0003,24.7499347001,25.0360375782,25.6171192673,24.4494643623,25.0438054255
1857.0001,24.7499332428,25.0359333708,25.6163085542,24.4492595872,25.0429163083
1858.0006,24.7499332428,25.035829392,25.6154983397,24.4490551777,25.0420277379
1859.0005,24.7356433868,25.0357257761,25.6146896752,24.4488513984,25.0411408675
1860.0001,24.7356433868,25.0356224909,25.6138823153,24.4486481861,25.0402554278
1860.9999,24.7356433868,25.0355194837,25.6130758546,24.4484454379,25.0393709743
1861.9996,24.7222881317,25.0354167846,25.6122705338,24.4482432133,25.0384877709
1863.0005,24.7222881317,25.0353142597,25.6114653062,24.4480412491,25.0376046697
1863.9997,24.7408981323,25.0352122049,25.6106625025,24.4478401286,25.0367242268
1865.0005,24.7408981323,25.0351102824,25.6098594698,24.4476391865,25.0358435329
1866.0005,24.7408981323,25.0350087361,25.6090581338,24.4474389039,25.0349646996
1867.0003,24.688451767,25.0349075036,25.6082580106,24.4472391587,25.0340871966
1868.0003,24.688451767,25.0348065437,25.6074587789,24.4470398698,25.0332106711
1869.0001,24.688451767,25.0347058959,25.6066607568,24.4468411155,25.0323354723
1869.9997,24.7142105103,25.0346055592,25.6058639424,24.4466428944,25.031461598
1871.0001,24.7142105103,25.0345054326,25.6050675382,24.4464450074,25.0305881735
1872.0003,24.7142105103,25.0344056157,25.6042723397,24.4462476515,25.0297160714
1872.9999,24.6949539185,25.0343061471,25.6034786624,24.4460509039,25.0288456375
1874.0002,24.6949539185,25.0342068968,25.6026854728,24.4458545075,25.0279757386
1874.9999,24.6949539185,25.0341079928,25.6018938006,24.4456587165,25.0271075037
1876.0007,24.7179641724,25.0340092665,25.601102299,24.4454631969,25.0262394559
1877.0005,24.7179641724,25.0339109241,25.6003126274,24.445268358,25.0253734153
1878.0007,24.7179641724,25.0338128269,25.599523678,24.4450739254,25.0245081665
1879.0005,24.7008514404,25.0337150526,25.5987360804,24.4448800532,25.0236444003
1880,24.7008514404,25.0336175902,25.5979497532,24.4446867204,25.0227820274
1880.9997,24.7079963684,25.0335203902,25.5971643017,24.444493829,25.0219206149
1882.0003,24.7079963684,25.033423384,25.5963791763,24.4443012436,25.02105956
1883.0005,24.7079963684,25.0333266972,25.5955953963,24.4441092136,25.0201999806
1884,24.7216382683,25.0332303575,25.5948131939,24.4439177945,25.0193421314
1885.0001,24.7216396332,25.0331342386,25.5940315501,24.4437267361,25.0184848948
1886.0007,24.7216396332,25.03303835,25.5932505434,24.4435360572,25.017628357
1887.0007,24.719463566,25.0329427961,25.592471031,24.4433459661,25.0167734579
1888.0004,24.7194633484,25.0328475471,25.5916927762,24.4431564039,25.0159199381
1889.0007,24.7194633484,25.0327525166,25.5909150776,24.4429671991,25.0150670282
1890.0001,24.6831989288,25.0326578461,25.5901390995,24.442778634,25.0142160052
1891.0006,24.6831989288,25.0325633455,25.5893632879,24.4425903302,25.013365165
1892.0005,24.6831989288,25.0324691749,25.5885889606,24.4424026069,25.0125159525
1892.9997,24.7294311523,25.0323753422,25.5878161917,24.4422154807,25.011668449
1894.0007,24.7294311523,25.0322816123,25.587043048,24.4420284831,25.0108205346
1895.0001,24.7294311523,25.032188303,25.5862721545,24.4418422482,25.009975088
1896.0005,24.7344284058,25.0320951704,25.5855015035,24.44165629,25.0091299074
1897.0001,24.7344284058,25.0320023815,25.5847324806,24.4414709419,25.0082865122
1898.0001,24.744682312,25.0319098238,25.5839641607,24.4412859802,25.0074438881
1899.0007,24.744682312,25.0318174785,25.5831963902,24.4411013673,25.0066018665
1900.0001,24.744682312,25.0317255108,25.5824305481,24.4409174339,25.0057619598
1901.0003,24.7549304962,25.0316337356,25.5816650998,24.4407338103,25.004922485
1902.0007,24.7549304962,25.0315422076,25.5809005048,24.4405506063,25.004083946
1902.9997,24.7549304962,25.0314510719,25.5801379827,24.440368113,25.0032476804
1904.0005,24.7018127441,25.0313600361,25.5793750904,24.4401857449,25.0024110087
1905.0001,24.7018127441,25.0312693725,25.5786141142,24.440004048,25.0015764385
1906.0003,24.7018127441,25.0311789167,25.5778536816,24.4398226936,25.0007424645
1906.9999,24.7005653381,25.0310887767,25.5770947037,24.4396418981,24.9999100858
1907.9999,24.7005653381,25.0309988614,25.5763364195,24.4394614794,24.999078468
1908.9999,24.7005653381,25.0309092061,25.5755791318,24.4392815088,24.9982479429
1910.0006,24.6924923381,25.0308197477,25.57482231,24.4391018597,24.9974179288
1911.0001,24.6924915314,25.030730655,25.574067389,24.4389228718,24.9965899995
1912.0003,24.6924915314,25.0306417576,25.5733129319,24.4387442034,24.9957625788
1913.0001,24.6574420929,25.0305531529,25.5725597675,24.43856605,24.9949365758
1914.0007,24.6574420929,25.0304647338,25.571806991,24.438388197,24.9941109983
1915,24.6574420929,25.0303766849,25.5710561803,24.4382110163,24.9932875767
1916.0003,24.6934204102,25.0302888028,25.5703056056,24.4380340986,24.9924644139
1917.0006,24.6934204102,25.0302011749,25.5695560174,24.4378576206,24.9916423331
1917.9997,24.6946678162,25.0301139052,25.568808312,24.4376817919,24.990822317
1918.9997,24.6946678162,25.0300268094,25.5680609159,24.4375062418,24.9900026402
1919.9999,24.6946678162,25.0299399482,25.5673143526,24.4373310927,24.9891838769
1921.0006,24.6875236021,25.029853295,25.5665683981,24.4371562915,24.988365781
1922.0002,24.6875228882,25.0297669874,25.5658242428,24.4369821163,24.9875496584
1922.9999,24.6875228882,25.0296809208,25.5650809905,24.4368083561,24.9867345263
1924.0006,24.6853468208,25.0295950173,25.5643379726,24.4366348542,24.9859196511
1925.0001,24.6853466034,25.0295094649,25.5635968209,24.4364619909,24.9851068226
1925.9999,24.6853466034,25.0294241344,25.5628564206,24.436289505,24.9842948181
1927.0002,24.66147995,25.029339008,25.5621166233,24.4361173615,24.9834834751
1928.0003,24.66147995,25.0292541449,25.5613779461,24.43594568,24.9826733603
1929.0008,24.66147995,25.0291694935,25.5606399447,24.4357743565,24.9818639868
1930.0007,24.6822374563,25.0290851376,25.5599033552,24.4356035612,24.9810561617
1930.9999,24.6822395325,25.0290010844,25.5591682481,24.4354333092,24.9802499624
1931.9996,24.6822395325,25.0289172323,25.558433739,24.4352633948,24.9794444189
1932.9998,24.6732320255,25.0288335808,25.5576998281,24.4350938177,24.9786395315
1934.0009,24.6732311249,25.0287500964,25.5569662226,24.4349245099,24.977834979
1935.0001,24.6958786233,25.0286670114,25.5562349717,24.4347559432,24.9770330089
1935.9999,24.6958808899,25.0285841169,25.5555042427,24.434587694,24.976231611
1937.0001,24.6958808899,25.0285014291,25.5547741818,24.4344197955,24.9754309459
1937.9997,24.662694931,25.0284190299,25.5540455175,24.4342524145,24.9746318125
1939.0001,24.662694931,25.0283368032,25.5533172283,24.4340853156,24.9738330904
1939.9997,24.662694931,25.0282548799,25.5525904776,24.4339187651,24.9730360556
1941.0003,24.6474742889,25.0281731118,25.5518639558,24.4337524621,24.9722392719
1942.0003,24.6474742889,25.0280916292,25.5511388241,24.4335866717,24.9714440127
1943.0009,24.6474742889,25.0280103336,25.5504142109,24.4334211941,24.9706493222
1944.0007,24.658938215,25.027929338,25.5496911286,24.4332562595,24.9698563106
1945.0001,24.6589393616,25.0278486088,25.548969285,24.4330918002,24.9690646574
1946.0005,24.6589393616,25.0277680326,25.5482476684,24.4329275853,24.9682732533
1947,24.6465123212,25.0276877616,25.5475276483,24.4327639256,24.9674836
1948.0009,24.6465110779,25.0276076108,25.5468075672,24.4326004437,24.9666938799
1949.0007,24.6465110779,25.0275277797,25.546089223,24.4324375474,24.9659060646
1950.0003,24.6455802917,25.0274481953,25.5453719659,24.432275088,24.9651194416
1950.9997,24.6455802917,25.0273688569,25.5446557941,24.4321130643,24.9643340088
1952.0003,24.6278972626,25.0272896529,25.5439397045,24.431951249,24.9635486662
1952.9997,24.6278972626,25.0272107728,25.5432254135,24.4317900292,24.9627652961
1954.0003,24.6278972626,25.0271320263,25.5425112046,24.4316290168,24.961982016
1955.0002,24.6117420197,25.0270535626,25.5417984333,24.4314685168,24.9612003126
1956.0007,24.6117420197,25.0269752789,25.5410861716,24.4313083194,24.960419168
1957.0003,24.6117420197,25.0268972918,25.5403754857,24.4311486637,24.9596397517
1957.9999,24.5921649933,25.0268195302,25.5396657332,24.4309894044,24.9588613591
1959.0005,24.5921649933,25.026741916,25.5389562044,24.4308303817,24.9580832117
1960.0001,24.5921649933,25.0266646036,25.5382483161,24.4306719127,24.9573068635
1961.0001,24.6300735474,25.0265874839,25.5375410749,24.4305137739,24.956531225
1962.0005,24.6300735474,25.0265105566,25.5368344806,24.4303559649,24.9557562959
1962.9999,24.6300735474,25.0264339284,25.53612952,24.4301987051,24.9549831586
1963.9999,24.5838050842,25.0263574759,25.5354250628,24.4300417417,24.9542105734
1965.0009,24.5838050842,25.0262811683,25.5347208282,24.4298850118,24.9534382322
1965.9998,24.5838050842,25.0262052411,25.5340189943,24.4297289991,24.952668524
1966.9996,24.6191656981,25.0261294651,25.5333174505,24.4295732334,24.9518991339
1968.0005,24.6191692352,25.0260538253,25.532616058,24.4294176839,24.9511299097
1968.9999,24.6005286749,25.0259785173,25.531916637,24.4292627533,24.9503628477
1969.9997,24.6005268097,25.0259033969,25.5312178551,24.4291081455,24.9495964865
1971.0005,24.6005268097,25.0258284189,25.5305192936,24.4289537676,24.9488303672
1972.0009,24.5757274628,25.0257536878,25.5298219294,24.4287998349,24.9480655609
1973.0001,24.5757274628,25.0256792622,25.5291263168,24.4286464686,24.9473026755
1973.9996,24.5757274628,25.0256050294,25.528431409,24.4284934372,24.9465405632
1975.0006,24.6284584773,25.0255309003,25.527736373,24.4283405568,24.9457783102
1976.0002,24.6284637451,25.025457089,25.5270432213,24.4281882695,24.9450181238
1976.9997,24.6284637451,25.0253834985,25.5263510492,24.4280363756,24.9442590118
1978.0003,24.5862312317,25.0253100401,25.5256590259,24.4278846922,24.9435000629
1979.0007,24.5862312317,25.0252368088,25.5249680505,24.4277334159,24.9427422632
1980.0005,24.5862312317,25.0251638332,25.524278397,24.427582606,24.9419859133
1981.0003,24.608915329,25.0250910686,25.5235896495,24.4274321706,24.941230557
1982.0003,24.608915329,25.0250184999,25.5229016693,24.4272820787,24.9404760422
1983.0003,24.608915329,25.0249461411,25.522214593,24.4271323597,24.9397225189
1984.0001,24.6191682097,25.024874006,25.5215285567,24.4269830424,24.938970136
1985.0001,24.6191692352,25.0248020651,25.5208432847,24.4268340661,24.9382185913
1986.0001,24.6191692352,25.0247303323,25.5201589132,24.4266854599,24.9374680342
1987.0005,24.585018158,25.0246587784,25.5194751676,24.4265371635,24.9367181636
1987.9999,24.585018158,25.0245875027,25.518793003,24.4263893833,24.9359700268
1988.9999,24.6055259705,25.0245163904,25.5181113254,24.4262418816,24.9352224242
1990.0009,24.6055259705,25.0244454131,25.5174298632,24.4260945993,24.9344750578
1990.9997,24.6055259705,25.0243747965,25.5167507921,24.4259480057,24.9337303137
1992.0009,24.5695095062,25.0243042149,25.5160709837,24.4258014248,24.932984761
1993.0001,24.5695095062,25.0242339781,25.5153934249,24.4256555001,24.9322416754
1993.9997,24.5695095062,25.0241639163,25.514716485,24.4255098794,24.9314992687
1994.9999,24.6098439898,25.0240940152,25.5140400286,24.4253645332,24.9307573922
1995.9997,24.6098480225,25.0240243441,25.5133647313,24.425219606,24.9300167869
1997.0005,24.6098480225,25.0239548051,25.512689647,24.4250748943,24.9292764152
1998.0005,24.571937561,25.0238855228,25.5120159891,24.4249306575,24.9285376078
1999.0007,24.571937561,25.023816427,25.5113430818,24.4247867503,24.9277996237
2000.0003,24.571937561,25.0237475723,25.5106714618,24.4246432865,24.9270630513
2001.0007,24.5542850494,25.0236788619,25.5100001875,24.4245000646,24.926326858
2001.9999,24.5542850494,25.0236104323,25.5093305991,24.4243573697,24.9255925137
2003.0003,24.5542850494,25.0235421187,25.5086610873,24.4242148583,24.9248582534
2004.0007,24.6179275513,25.0234740027,25.5079924556,24.4240727009,24.9241249583
2005.0005,24.6179275513,25.0234061245,25.507325103,24.4239309818,24.9233930661
2006.0009,24.6024188995,25.023338402,25.5066582274,24.4237895298,24.9226616969
2007.0005,24.6024188995,25.0232709293,25.5059927607,24.423648542,24.9219318729
2008.0006,24.6024188995,25.0232036182,25.5053278358,24.423507834,24.9212026431
2008.9996,24.6005268097,25.0231365754,25.5046645146,24.4233676297,24.9204751721
2010.0003,24.6005268097,25.0230696127,25.5040009375,24.4232275356,24.9197474205
2010.9999,24.6005268097,25.0230029172,25.503338961,24.4230879432,24.9190214242
2012.0007,24.6036319733,25.0229363347,25.5026770608,24.4229485304,24.9182955116
2013.0001,24.6036319733,25.0228700377,25.5020169551,24.4228096584,24.9175715671
2013.9999,24.6036319733,25.022803906,25.5013574526,24.4226710758,24.9168482841
2015.0005,24.5542899807,25.0227379127,25.5006982898,24.4225327268,24.9161253736
2016.0007,24.5542850494,25.0226721367,25.5000402566,24.4223947768,24.915403702
2017.0007,24.5542850494,25.0226065641,25.4993832195,24.422257197,24.9146831229
2018.0005,24.606092453,25.0225411942,25.4987271769,24.4221199863,24.9139636344
2019.0006,24.606092453,25.0224759938,25.4980717997,24.4219830754,24.9132448757
2019.9999,24.606092453,25.0224110339,25.497417807,24.4218466136,24.9125276353
2021.0003,24.5471382141,25.0223461905,25.4967639545,24.4217103409,24.9118105487
2021.9997,24.5471382141,25.0222815993,25.4961116138,24.4215745426,24.9110951201
2023.0007,24.5834388733,25.0222170919,25.4954590874,24.4214388647,24.9103794879
2024.0001,24.5834388733,25.0221528739,25.4948084602,24.4213037402,24.9096659385
2025.0002,24.5834388733,25.0220887967,25.4941582326,24.4211688569,24.9089528274
2026.0001,24.5657539368,25.0220249176,25.4935089892,24.4210343355,24.9082407957
2027.0007,24.5657539368,25.0219611787,25.4928601452,24.4209000544,24.907529202
2028.0007,24.5657539368,25.0218976623,25.4922125426,24.4207661872,24.9068189697
2029.0007,24.5101528168,25.0218343296,25.4915657909,24.4206326525,24.9061096707
2029.9997,24.5101528168,25.0217712432,25.4909205345,24.4204995826,24.9054020115
2030.9997,24.5101528168,25.0217082761,25.4902754805,24.4203667101,24.9046945743
2032.0007,24.5769386292,25.0216454285,25.4896306302,24.4202340353,24.9039873606
2033.0004,24.5769386292,25.0215828441,25.488987464,24.420101862,24.9032819937
2034.0005,24.5769386292,25.0215204157,25.4883448857,24.4199699642,24.9025772717
2035.0007,24.5986614227,25.0214581617,25.4877030878,24.4198383809,24.9018734055
2036.0001,24.5986614227,25.0213961373,25.4870626456,24.4197072294,24.9011710261
2036.9997,24.5986614227,25.0213342799,25.4864229166,24.4195763773,24.9004694289
2037.9997,24.5499629974,25.0212725766,25.4857837723,24.4194457979,24.8997684729
2038.9996,24.5499629974,25.021211058,25.4851455316,24.4193155559,24.899068508
2039.9998,24.5728988647,25.0211496988,25.4845079383,24.4191855984,24.898369253
2041.0001,24.5728988647,25.0210885111,25.4838711194,24.4190559508,24.8976708473
2042.0007,24.5728988647,25.0210274821,25.4832349468,24.4189265865,24.8969731505
2043.0005,24.5862298983,25.0209666783,25.4826001183,24.4187976469,24.8962769278
2044.0003,24.5862312317,25.0209060504,25.4819661238,24.4186690274,24.8955816196
2044.9999,24.5862312317,25.0208456098,25.4813330887,24.418540753,24.8948873637
2046.0005,24.5542850494,25.0207852838,25.4807002531,24.4184126692,24.8941933265
2047.0001,24.5542850494,25.0207251923,25.4800688806,24.4182850313,24.8935008941
2048.0007,24.5542850494,25.0206652148,25.4794377071,24.418157583,24.8928086797
2048.9997,24.585018158,25.0206055063,25.4788083707,24.4180306546,24.8921184802
2050,24.585018158,25.0205458929,25.4781790431,24.4179038765,24.8914282903
2050.9999,24.585018158,25.0204864758,25.4775507937,24.417777464,24.8907392829
2051.9999,24.5831565857,25.0204272246,25.4769233071,24.4176513528,24.8900511121
2053.0002,24.5831565857,25.020368127,25.4762964571,24.4175255171,24.8893636394
2053.9997,24.5831565857,25.0203092475,25.4756709314,24.4174000944,24.8886776191
2054.9999,24.5738315582,25.0202504971,25.4750457899,24.4172748955,24.8879920202
2056.0003,24.5738315582,25.020191905,25.4744213453,24.4171499827,24.8873071855
2057.0005,24.5738315582,25.0201334941,25.4737978461,24.4170254052,24.8866233877
2058.0007,24.5390300751,25.0200752521,25.4731751663,24.4169011371,24.8859404885
2058.9999,24.5390300751,25.0200172366,25.4725539262,24.4167773016,24.8852591683
2060.0005,24.5719342726,25.0199593078,25.471932633,24.4166536006,24.8845777898
2061.0001,24.571937561,25.0199016044,25.4713127764,24.4165303301,24.8838979868
2061.9999,24.571937561,25.0198440562,25.4706936101,24.4164073411,24.8832189409
2062.9997,24.5008621216,25.0197866745,25.4700752572,24.4162846576,24.8825407872
2063.9999,24.5008621216,25.0197294358,25.4694574698,24.4161622298,24.8818632535
2064.9996,24.5008621216,25.0196723912,25.4688408025,24.4160401672,24.8811869483
2065.9997,24.5604705811,25.0196154888,25.4682246989,24.415918359,24.8805112614
2066.9999,24.5604705811,25.0195587453,25.4676093435,24.4157968412,24.8798363949
2068.0001,24.5604705811,25.0195021659,25.4669947969,24.4156756253,24.8791624155
2069.0007,24.5393104553,25.0194457278,25.4663808126,24.4155546623,24.8784890527
2069.9997,24.5393104553,25.0193895428,25.4657686154,24.4154341926,24.8778176499
2071.0005,24.5393104553,25.0193334193,25.4651561209,24.4153138055,24.8771459211
2072.0007,24.5244522095,25.0192774918,25.4645447983,24.4151937897,24.8764754775
2073,24.5244522095,25.0192217762,25.4639348282,24.4150741796,24.8758065171
2074.0007,24.5244522095,25.0191661439,25.4633248061,24.4149546994,24.8751374998
2075.0001,24.476026535,25.0191107445,25.462716377,24.4148356708,24.8744702295
2076.0007,24.476026535,25.0190554391,25.4621080178,24.4147167953,24.8738030359
2077.0004,24.5542850494,25.0190003432,25.4615010045,24.4145983218,24.8731373184
2078.0006,24.5542850494,25.0189453793,25.4608944856,24.4144800834,24.872472143
2078.9996,24.5542850494,25.0188906399,25.4602894901,24.4143622801,24.8718086383
2080.0003,24.5554980019,25.018835966,25.4596842612,24.4142445694,24.8711448778
2081.0002,24.5554981232,25.0187814938,25.459080311,24.414127245,24.8704825195
2082.0007,24.5554981232,25.0187271467,25.4584767926,24.4140101419,24.8698206349
2082.9999,24.5747642517,25.0186730271,25.4578748502,24.4138934814,24.8691604787
2084.0001,24.5747642517,25.0186190099,25.4572730969,24.4137769941,24.8685005298
2085.0007,24.5747642517,25.0185651275,25.4566718943,24.4136607497,24.8678411848
2086.0004,24.5387513898,25.0185114493,25.4560720218,24.4135448985,24.8671832987
2086.9997,24.5387477875,25.0184579477,25.4554731768,24.413429381,24.8665265394
2088.0007,24.5387477875,25.0184045101,25.4548741014,24.4133139546,24.8658695274
2089.0005,24.5390300751,25.018351291,25.4542765307,24.4131989529,24.8652141656
2090.0006,24.5390300751,25.0182982099,25.4536795661,24.4130842025,24.8645594685
2091.0003,24.5390300751,25.0182453035,25.4530836242,24.4129697828,24.8639058931
2092.0005,24.5331249237,25.0181925236,25.4524881677,24.4128555903,24.86325285
2093.0007,24.5331249237,25.0181398965,25.4518934938,24.4127416814,24.8626006651
2093.9999,24.5614318848,25.018087474,25.4513001948,24.412628169,24.8619499882
2094.9996,24.5614318848,25.0180351769,25.4507073784,24.4125148817,24.8612998405
2095.9998,24.5614318848,25.0179830049,25.4501150448,24.4124018193,24.8606502223
2097.0005,24.521654129,25.0179309579,25.4495231942,24.4122889815,24.8600011338
2098.0007,24.521654129,25.0178790874,25.4489324169,24.4121764802,24.8593532224
2099.0001,24.521654129,25.0178274083,25.4483428876,24.4120643481,24.8587066798
2100.0007,24.5020752447,25.0177758167,25.447753426,24.4119523603,24.8580602114
2101.0001,24.502073288,25.0177244361,25.447165445,24.4118407845,24.8574153667
2102.0001,24.502073288,25.0176731733,25.4465778837,24.411729419,24.8567709824
2103.0001,24.477519989,25.0176220587,25.4459910945,24.4116183301,24.8561274448
2104.0003,24.477519989,25.0175710818,25.4454049593,24.411507495,24.8554846243
2105.0003,24.477519989,25.0175202625,25.4448197112,24.4113969573,24.854842777
2106.0006,24.5225823176,25.0174695751,25.444235057,24.4112866612,24.8542015808
2106.9997,24.5225868225,25.0174190948,25.4436518712,24.4111767709,24.8535619951
2108.0007,24.5225868225,25.0173686647,25.4430683442,24.4110669451,24.8529220352
2109.0007,24.5216542223,25.0173184309,25.4424861664,24.4109575017,24.852283555
2110.0001,24.521654129,25.0172683723,25.4419051022,24.4108483955,24.8516462961
2111.0007,24.542137146,25.0172183986,25.4413241047,24.4107394297,24.8510091103
2112.0005,24.542137146,25.0171686093,25.4407443347,24.4106308214,24.8503732708
2112.9997,24.542137146,25.0171189937,25.4401656736,24.4105225478,24.8497386474
2114.0009,24.479133606,25.0170694226,25.4395866163,24.4104143271,24.8491035894
2114.9997,24.479133606,25.0170201134,25.4390097061,24.4103066339,24.8484708862
2116.0001,24.479133606,25.016970868,25.4384326307,24.4101990359,24.8478380018
2116.9997,24.4955768585,25.0169218042,25.4378567744,24.4100917911,24.8472064544
2118.0007,24.4955768585,25.0168728139,25.4372808695,24.4099846629,24.8465748537
2119.0005,24.4955768585,25.0168240239,25.4367064111,24.409877929,24.8459448395
2120.0001,24.5002098083,25.0167753847,25.4361328221,24.4097714815,24.8453157787
2121.0001,24.5002098083,25.0167268667,25.4355597574,24.4096652557,24.8446872929
2122.0001,24.5002098083,25.0166784891,25.4349874457,24.4095592939,24.8440596329
2123.0005,24.5163672509,25.0166302321,25.4344156575,24.409453553,24.843432547
2124.0007,24.516368866,25.0165821244,25.433844735,24.4093480959,24.8428064106
2125.0007,24.516368866,25.0165341653,25.4332746767,24.4092429218,24.842181222
2125.9999,24.4846687317,25.0164863832,25.4327058227,24.4091380927,24.8415573541
2127.0003,24.4846687317,25.0164386821,25.4321370337,24.4090333984,24.8409335575
2128.0002,24.4846687317,25.0163911427,25.431569276,24.4089290164,24.840310892
2128.9997,24.5306598421,25.0163437597,25.431002491,24.4088249352,24.8396892932
2130.0007,24.530664444,25.0162964429,25.4304356015,24.4087209568,24.8390675798
2131.0007,24.4741306305,25.0162493101,25.4298700227,24.4086173404,24.8384473039
2132.0001,24.4741306305,25.0162023418,25.4293055258,24.4085140433,24.8378282145
2133.0001,24.4741306305,25.0161554812,25.428741432,24.4084109409,24.8372095671
2134.0001,24.5387477875,25.0161087561,25.4281780793,24.4083080945,24.8365917326
2135.0002,24.5387477875,25.0160621616,25.4276154106,24.4082054934,24.8359746482
2135.9997,24.5387477875,25.0160157296,25.4270538183,24.4081032084,24.8353587443
2136.9997,24.5247325897,25.0159694087,25.4264926831,24.4080011264,24.8347433417
2138.0003,24.5247325897,25.0159231941,25.4259319492,24.4078992369,24.8341283792
2138.9997,24.5247325897,25.0158771685,25.4253726237,24.4077977224,24.8335149613
2140.0003,24.5113983154,25.0158312208,25.4248133624,24.4076963384,24.8329016139
2140.9999,24.5113983154,25.0157854519,25.4242553943,24.4075953074,24.8322896846
2142.0001,24.5113983154,25.0157397879,25.4236978247,24.4074944668,24.8316781925
2143.0001,24.4924983978,25.0156942651,25.4231410992,24.4073938968,24.831067626
2143.9999,24.4924983978,25.015648883,25.4225852163,24.4072935966,24.8304579837
2144.9999,24.4924983978,25.0156036231,25.4220299527,24.4071935255,24.8298490206
2146.0002,24.5552095663,25.0155584806,25.4214752525,24.4070936731,24.8292406753
2147.0007,24.5552158356,25.0155134597,25.4209211706,24.4069940489,24.8286330082
2147.9997,24.5402732549,25.0154686363,25.4203686463,24.406894821,24.8280270492
2148.9996,24.540271759,25.0154239022,25.4198163504,24.4067957503,24.8274213407
2150.0005,24.540271759,25.0153792529,25.4192642289,24.406696827,24.8268158235
2151.0007,24.5123310089,25.015334764,25.4187132188,24.4065982185,24.8262115253
2152.0005,24.5123310089,25.0152904215,25.4181631529,24.4064998943,24.8256082625
2153.0003,24.5123310089,25.0152462072,25.4176138096,24.4064018142,24.8250057922
2154.0005,24.4937133789,25.0152021031,25.4170649686,24.4063039386,24.8244038728
2155.0006,24.4937133789,25.015158131,25.4165169037,24.4062063159,24.8238028045
2156.0003,24.4937133789,25.0151143036,25.4159697777,24.4061089746,24.823202766
2156.9997,24.5082893372,25.015070616,25.4154235343,24.4060119042,24.8226036954
2158.0007,24.5082893372,25.0150269851,25.4148771355,24.4059149198,24.8220044543
2159.0004,24.5082893372,25.0149835369,25.4143321635,24.4058183021,24.8214067781
2160,24.5058310107,25.0149402187,25.4137879618,24.4057219339,24.8208099466
2161.0007,24.5058307648,25.0148969782,25.4132438772,24.4056256994,24.8202132436
2161.9999,24.5058307648,25.0148539274,25.4127013219,24.4055298477,24.8196182178
2163.0005,24.4815635681,25.0148109409,25.4121587203,24.4054341001,24.8190231412
2163.9997,24.4815635681,25.0147681388,25.4116175898,24.405338724,24.8184296779
2165.0005,24.4598372236,25.0147253921,25.4110763049,24.4052434324,24.8178360454
2165.9998,24.4598350525,25.0146828329,25.4105365415,24.40514852,24.8172440815
2167,24.4598350525,25.0146403585,25.4099970017,24.405053758,24.8166523627
2167.9999,24.5452442169,25.0145980198,25.4094583325,24.4049592597,24.8160615988
2168.9997,24.5452442169,25.0145558076,25.4089204247,24.4048650056,24.81547167
2170.0003,24.5452442169,25.0145136839,25.4083827941,24.4047709103,24.814882045
2171.0001,24.5399894714,25.0144717157,25.4078462993,24.4046771239,24.8142936658
2172.0009,24.5399894714,25.014429827,25.4073099737,24.4045834769,24.8137054722
2172.9999,24.5399894714,25.0143881345,25.4067753162,24.4044902306,24.8131191079
2174.0002,24.5132625596,25.0143465085,25.406240666,24.4043970947,24.8125327518
2175.0003,24.5132598877,25.0143050112,25.4057068253,24.4043042087,24.8119472833
2176.0007,24.5132598877,25.0142636216,25.4051735263,24.4042115258,24.811362409
2176.9996,24.4834575653,25.0142224135,25.4046417264,24.4041192116,24.8107791787
2178,24.4834575653,25.0141812628,25.4041098274,24.4040269883,24.8101958398
2178.9999,24.4834575653,25.0141402517,25.403578893,24.4039350401,24.8096135586
2179.9997,24.5309486389,25.0140993633,25.4030487091,24.4038433294,24.8090321007
2181.0001,24.5309486389,25.0140585686,25.4025189042,24.4037517916,24.8084510583
2182.0001,24.504901886,25.0140179083,25.4019900071,24.4036605178,24.8078710115
2182.9999,24.504901886,25.0139773736,25.4014619105,24.4035694889,24.8072918428
2184.0004,24.504901886,25.0139369279,25.4009341387,24.4034786225,24.8067130301
2184.9999,24.5225868225,25.0138966395,25.4004075872,24.4033880724,24.8061355558
2185.9997,24.5225868225,25.0138564555,25.3998815695,24.40329772,24.8055586669
2186.9999,24.5225868225,25.0138163717,25.3993560327,24.403207556,24.8049823055
2188.0001,24.486284256,25.0137764038,25.3988311867,24.403117616,24.8044067016
2188.9997,24.486284256,25.0137365755,25.3983073446,24.4030279531,24.8038321987
2190.0001,24.486284256,25.0136968305,25.3977837722,24.4029384415,24.8032579916
2191.0005,24.491815567,25.0136572006,25.397260888,24.4028491522,24.8026845393
2192,24.491815567,25.0136177208,25.3967391606,24.4027601648,24.8021123556
2193.0007,24.491815567,25.0135783079,25.3962174932,24.4026712919,24.8015402378
2194.0003,24.502073288,25.0135390523,25.3956970841,24.4025827372,24.8009694999
2195.0003,24.502073288,25.0134998945,25.3951771507,24.4024943671,24.8003992837
2196.0003,24.502073288,25.0134608499,25.3946579004,24.4024062165,24.7998298167
2197.0001,24.5328426361,25.013421926,25.3941394361,24.4023183024,24.7992612117
2197.9999,24.5328426361,25.0133831147,25.3936216528,24.4022306066,24.7986933537
2198.9999,24.5328426361,25.0133444079,25.3931044465,24.4021431111,24.7981261282
2200.0005,24.485352494,25.01330579,25.39258761,24.4020557807,24.7975593085
2201.0003,24.4853477478,25.0132673145,25.3920718654,24.4019687368,24.7969936862
2202.0001,24.4893913269,25.0132289503,25.3915567983,24.4018819091,24.796428807
2203.0003,24.4893913269,25.0131906817,25.3910422023,24.4017952625,24.7958644444
2203.9998,24.4893913269,25.0131525505,25.390528642,24.4017088914,24.7953012176
2205.0007,24.520690918,25.0131144764,25.3900150382,24.4016226143,24.7947379432
2205.9997,24.520690918,25.0130765844,25.3895030829,24.4015367149,24.7941764768
2207.0007,24.520690918,25.0130387264,25.3889907767,24.4014508572,24.7936146254
2207.9997,24.4526863098,25.0130010533,25.388480166,24.401365384,24.7930546335
2209,24.4526863098,25.0129634402,25.3879695623,24.401280012,24.7924946493
2209.9997,24.4526863098,25.0129259584,25.3874599354,24.4011949031,24.7919357364
2211.0006,24.501788002,25.0128885402,25.3869503674,24.4011099038,24.7913768881
2212.0007,24.5017929077,25.0128512601,25.3864418761,24.4010251835,24.7908192206
2213.0001,24.5017929077,25.0128141138,25.3859344082,24.4009407327,24.7902626755
2214.0001,24.4896717072,25.0127770527,25.3854273026,24.4008564411,24.7897065277
2214.9999,24.4896717072,25.0127401061,25.3849209646,24.4007723756,24.7891512217
2216.0005,24.4896717072,25.012703237,25.3844148873,24.4006884519,24.7885962017
2217.0005,24.4722671509,25.0126664965,25.3839097784,24.4006047868,24.7880422437
2217.9997,24.4722671509,25.0126298916,25.3834057364,24.4005213963,24.7874894557
2218.9999,24.5194712174,25.012593356,25.3829018527,24.4004381296,24.7869368415
2220.0001,24.5194759369,25.012556926,25.3823986312,24.4003550697,24.7863849535
2221.0005,24.5194759369,25.0125205943,25.3818959707,24.4002721996,24.7858336806
2222.0001,24.4915351868,25.0124843965,25.3813943721,24.4001896015,24.7852835724
2223.0005,24.4915351868,25.0124482746,25.3808930316,24.4001071426,24.7847337473
2224.0005,24.4915351868,25.0124122715,25.3803925502,24.4000249214,24.7841848644
2225.0005,24.5390253261,25.0123763726,25.3798927265,24.3999429045,24.7836367026
2225.9999,24.5390300751,25.012340599,25.3793938588,24.3998611403,24.7830895894
2227.0003,24.5390300751,25.0123048931,25.378895148,24.3997794976,24.7825426483
2228.0001,24.491815567,25.0122693118,25.3783973913,24.3996981065,24.7819967535
2228.9997,24.491815567,25.0122338406,25.3779003878,24.3996169337,24.7814516849
2229.9999,24.491815567,25.0121984506,25.3774037395,24.399535914,24.7809070057
2231.0007,24.5154361725,25.0121631419,25.3769074465,24.3994550471,24.7803627161
2232.0003,24.5154361725,25.0121279776,25.3764124,24.3993744778,24.7798197937
2233.0005,24.5154361725,25.0120928939,25.3759177072,24.3992940604,24.7792772591
2234.0001,24.5011405945,25.0120579327,25.3754239606,24.3992138909,24.7787357624
2234.9999,24.5011405945,25.0120230656,25.3749307641,24.3991339044,24.7781948687
2235.9999,24.4999275208,25.0119882923,25.3744381169,24.3990541006,24.7776545777
2237.0007,24.4999275208,25.0119535919,25.3739457237,24.3989744314,24.7771145652
2238.0001,24.4999275208,25.0119190403,25.3734546655,24.3988950713,24.7765760167
2239.0001,24.4753742218,25.0118845679,25.3729639579,24.3988158607,24.7760378528
2239.9997,24.4753742218,25.011850209,25.372474091,24.3987368784,24.7755006108
2241,24.4753742218,25.0118159254,25.3719845251,24.3986580371,24.774963699
2242.0007,24.5095009076,25.0117817274,25.3714954073,24.3985793603,24.7744272786
2243.0001,24.5095043182,25.0117476725,25.3710075668,24.3985009809,24.773892259
2243.9999,24.5095043182,25.0117137026,25.3705201721,24.3984227648,24.7733577283
2244.9999,24.5051822662,25.011679824,25.3700333203,24.3983447274,24.7728237931
2246.0006,24.5051822662,25.0116460199,25.3695467681,24.3982668293,24.7722901865
2247.0001,24.5051822662,25.011612354,25.369061438,24.398189218,24.7717579201
2248.0007,24.4949245453,25.0115787485,25.3685762122,24.3981117142,24.7712257681
2249.0005,24.4949245453,25.011545267,25.3680920115,24.3980344648,24.7706947404
2250.0001,24.4949245453,25.0115118889,25.3676085436,24.3979574226,24.7701645163
2250.9999,24.5213718414,25.0114786008,25.3671256142,24.3978805563,24.7696348827
2252.0001,24.5213718414,25.0114453956,25.3666431263,24.3978038503,24.7691057335
2253.0005,24.5051822662,25.0114122799,25.3661611763,24.3977273195,24.768577174
2254.0001,24.5051822662,25.0113792863,25.3656802444,24.3976510399,24.7680497313
2255.0003,24.5051822662,25.0113463684,25.3651996562,24.3975749041,24.7675226653
2256.0007,24.494644165,25.0113135392,25.3647196036,24.3974989423,24.7669961868
2257.0001,24.494644165,25.0112808377,25.3642406609,24.3974232448,24.7664709256
2258.0002,24.494644165,25.0112482079,25.3637620124,24.3973476824,24.765945987
2259.0005,24.4896717072,25.0112156659,25.3632838973,24.3972722927,24.7654216334
2259.9997,24.4896717072,25.0111832537,25.3628069354,24.3971971729,24.7648985445
2261.0001,24.4896717072,25.0111508965,25.362330028,24.3971221497,24.7643755154
2262.0003,24.4834575653,25.0111186393,25.3618538427,24.3970473278,24.7638532782
2263.0003,24.4834575653,25.0110864818,25.3613783782,24.3969727067,24.7633318315
2264.0004,24.4834575653,25.0110544142,25.360903491,24.3968982635,24.762811018
2265.0007,24.4856319427,25.0110224329,25.3604291331,24.3968239904,24.7622907849
2266.0003,24.4856319427,25.0109905664,25.35995573,24.3967499536,24.7617715989
2266.9998,24.4856319427,25.0109587952,25.3594829959,24.396676108,24.7612531467
2268.0003,24.4784832001,25.0109270843,25.3590104106,24.3966023721,24.7607348577
2268.9997,24.4784832001,25.0108954998,25.3585389651,24.3965289003,24.7602178187
2270.0003,24.4784832001,25.0108639688,25.3580675738,24.3964555229,24.7597008391
2271.0004,24.4576913643,25.0108325447,25.3575970373,24.3963823644,24.7591847971
2271.9999,24.4576892853,25.0108012304,25.3571274009,24.3963094314,24.7586697421
2273.0009,24.4753742218,25.0107699597,25.3566576779,24.3962365704,24.7581545922
2274.0005,24.4753742218,25.0107388232,25.3561892283,24.3961639921,24.7576408389
2275.0007,24.4753742218,25.010707758,25.3557211134,24.3960915506,24.7571274526
2275.9999,24.4874973297,25.0106768137,25.3552540808,24.3960193612,24.7566152532
2277.0005,24.4874973297,25.0106459155,25.3547870084,24.3959472502,24.7561030102
2278.0005,24.4874973297,25.0106151253,25.3543208295,24.3958753615,24.7555917471
2278.9999,24.4660511017,25.0105844425,25.3538555423,24.3958036943,24.755081462
2280.0001,24.4660511017,25.0105538239,25.3533904944,24.3957321479,24.7545714393
2281.0001,24.4660511017,25.0105233001,25.3529261505,24.3956607935,24.7540621887
2282.0005,24.433134079,25.0104928523,25.3524622313,24.3955895878,24.7535534039
2283,24.433134079,25.0104625199,25.3519993385,24.395518623,24.7530457447
2284.0002,24.433134079,25.010432254,25.3515367301,24.3954477847,24.7525383974
2285.0003,24.4703712463,25.0104020787,25.3510747758,24.3953771296,24.7520317675
2286.0003,24.4703712463,25.0103719937,25.3506134747,24.395306657,24.751525854
2287.0007,24.4703712463,25.0103419837,25.3501525955,24.3952363313,24.7510204032
2287.9997,24.5132598877,25.0103121024,25.3496929659,24.3951662784,24.7505163228
2288.9999,24.5132598877,25.0102822716,25.3492333886,24.3950963155,24.7500122997
2290.0001,24.4906044006,25.0102525272,25.3487744153,24.3950265265,24.7495089391
2290.9999,24.4906044006,25.0102228806,25.3483162283,24.3949569386,24.7490064409
2291.9998,24.4906044006,25.0101933169,25.3478585976,24.3948875166,24.7485045527
2293.0003,24.5123310089,25.0101638209,25.347401294,24.3948182255,24.7480030233
2293.9999,24.5123310089,25.0101344367,25.3469450022,24.3947491687,24.7475026035
2294.9997,24.5123310089,25.0101051316,25.3464892185,24.3946802696,24.747002741
2296.0007,24.4443264008,25.0100758763,25.3460334877,24.3946114592,24.7465029364
2296.9997,24.4443264008,25.0100467638,25.3455792651,24.3945429569,24.7460047859
2297.9999,24.4443264008,25.0100177006,25.3451250941,24.3944745425,24.745506692
2299.0006,24.4383875106,25.0099887071,25.3446712934,24.3944062641,24.7450090043
2300.0007,24.4383869171,25.0099598147,25.344218361,24.3943381961,24.7445122688
2301.0009,24.4383869171,25.0099310031,25.3437659786,24.3942702905,24.7440161365
2302.0003,24.4784832001,25.0099022977,25.3433145518,24.3942026076,24.7435210522
2302.9999,24.4784832001,25.0098736696,25.3428636277,24.3941350793,24.7430265192
2304.0007,24.4784832001,25.0098450901,25.3424127556,24.3940676379,24.7425320432
2305.0005,24.4412174225,25.0098166217,25.341962926,24.3940004312,24.7420387106
2306.0007,24.4412174225,25.0097882243,25.3415135077,24.3939333647,24.7415458291
2306.9999,24.4784832001,25.0097599373,25.3410651286,24.3938665316,24.7410540872
2308.0007,24.4784832001,25.0097316869,25.3406166215,24.3937997577,24.740562205
2309.0003,24.4784832001,25.009703552,25.340169241,24.3937332296,24.7400715583
2310.0007,24.4486446381,25.0096754761,25.3397220907,24.3936668136,24.7395811641
2311.0003,24.4486446381,25.0096475038,25.3392758851,24.3936006156,24.7390918059
2312.0001,24.4486446381,25.0096196067,25.3388301764,24.3935345687,24.7386029928
2313.0001,24.4557926659,25.0095917848,25.3383849643,24.3934686727,24.7381147242
2314.0009,24.4557933807,25.0095640211,25.3379399817,24.3934028878,24.7376267073
2315.0003,24.4557933807,25.0095363765,25.3374962055,24.3933373582,24.7371400135
2315.9997,24.4865646362,25.0095088118,25.3370530121,24.3932719912,24.7366539589
2317.0001,24.4865646362,25.0094812994,25.3366099581,24.3932067213,24.7361680571
2318.0005,24.4865646362,25.0094538665,25.3361674865,24.3931416136,24.735682794
2318.9999,24.4493293762,25.0094265403,25.3357260379,24.3930767325,24.735198653
2319.9999,24.4493293762,25.0093992767,25.3352849045,24.3930119737,24.7347148576
2321.0001,24.4493293762,25.0093720866,25.3348442627,24.3929473628,24.7342316013
2321.9997,24.5185451508,25.0093449914,25.3344044638,24.3928829511,24.7337492695
2323.0005,24.5185451508,25.0093179421,25.3339647157,24.3928186222,24.7332669933
2324.0001,24.5017945834,25.0092910034,25.333526072,24.3927545301,24.7327859284
2325.0005,24.5017929077,25.0092641211,25.3330876542,24.392690546,24.7323051111
2326.0003,24.5017929077,25.0092373327,25.332650075,24.3926267591,24.7318252137
2327.0007,24.504901886,25.0092106057,25.3322128086,24.3925630925,24.7313456593
2328.0008,24.504901886,25.009183964,25.3317762479,24.3924996032,24.7308668787
2328.9999,24.504901886,25.0091574259,25.3313406965,24.3924363347,24.7303892052
2330.0003,24.4831752777,25.0091309301,25.3309051513,24.3923731413,24.7299115384
2330.9997,24.4831752777,25.0091045373,25.3304706131,24.3923101678,24.729434976
2332.0003,24.4831752777,25.0090781893,25.3300361248,24.3922472754,24.7289584684
2333.0005,24.4893907055,25.009051928,25.3296023812,24.3921845642,24.7284827773
2334.0007,24.4893913269,25.0090257427,25.3291692075,24.3921220089,24.7280077114
2335.0001,24.4893913269,25.008999654,25.3287369489,24.3920596588,24.7275336491
2336.0007,24.4669818878,25.0089736095,25.32830474,24.3919973889,24.7270596413
2337.0007,24.4669818878,25.0089476559,25.327873358,24.391935311,24.7265865403
2338.0007,24.4669818878,25.0089217774,25.3274425428,24.3918733873,24.7261140609
2339.0005,24.490322113,25.0088959789,25.3270123796,24.3918116297,24.7256422967
2340.0001,24.490322113,25.0088702601,25.3265828675,24.3917500378,24.7251712465
2341.0006,24.490322113,25.0088445926,25.3261535335,24.3916885435,24.7247003916
2342.0003,24.4443264008,25.0088190198,25.3257251066,24.3916272511,24.7242305315
2343.0005,24.4443264008,25.0087935083,25.3252970286,24.3915660803,24.7237610541
2343.9999,24.476026535,25.0087680908,25.3248698549,24.3915051102,24.7232925684
2345.0005,24.476026535,25.0087427165,25.3244427303,24.3914442186,24.7228241365
2346.0001,24.476026535,25.0087174408,25.3240165932,24.3913835389,24.7223567877
2347.0001,24.5387477875,25.0086922281,25.3235908457,24.3913229857,24.7218898661
2348.0003,24.5387477875,25.0086670833,25.3231655726,24.3912625708,24.7214234649
2349.0001,24.5387477875,25.0086420213,25.3227410281,24.39120233,24.7209578627
2349.9997,24.5011405945,25.0086170367,25.3223171261,24.3911422509,24.7204929652
2350.9999,24.5011405945,25.0085921094,25.321893527,24.391082285,24.7200283998
2352.0007,24.5011405945,25.0085672394,25.321470231,24.3910224323,24.7195641668
2353.0005,24.475376799,25.008542466,25.3210479137,24.3909627879,24.7191010072
2354.0002,24.4753742218,25.0085177668,25.3206261934,24.3909032976,24.7186385023
2355.0003,24.4753742218,25.0084931292,25.3202048586,24.3908439313,24.7181764202
2356.0003,24.46916008,25.0084685653,25.3197841196,24.3907847183,24.7177149915
2357.0001,24.46916008,25.0084440773,25.3193640173,24.3907256643,24.7172542612
2358.0005,24.46916008,25.0084196454,25.3189442154,24.3906667215,24.7167938602
2359.0007,24.4610748291,25.0083952892,25.318525049,24.390607937,24.7163341563
2360.0006,24.4610748291,25.0083710107,25.318106559,24.3905493161,24.7158751941
2361.0002,24.4856294861,25.0083468096,25.3176887442,24.3904908583,24.7154169724
2362.0004,24.4856319427,25.008322664,25.3172712278,24.3904325107,24.714959078
2363.0001,24.4856319427,25.0082986003,25.3168544685,24.3903743371,24.7145020138
2364.0001,24.447435384,25.008274599,25.3164381317,24.3903162905,24.7140454131
2364.9999,24.4474315643,25.0082506719,25.3160224251,24.3902583997,24.7135895036
2366.0007,24.4474315643,25.0082267902,25.3156068497,24.390200595,24.7131337378
2367.0005,24.4524383545,25.0082030013,25.3151922352,24.3901429915,24.7126790259
2368.0003,24.4524383545,25.0081792812,25.3147781654,24.3900855311,24.7122249114
2369.0003,24.4524383545,25.008155625,25.3143645568,24.3900282019,24.7117713028
2369.9997,24.5030009222,25.0081320513,25.3139517394,24.3899710494,24.7113185618
2371.0001,24.5030059814,25.0081085223,25.3135390519,24.3899139817,24.7108659633
2371.9999,24.5030059814,25.0080850754,25.3131271539,24.38985709,24.7104142306
2372.9999,24.4846687317,25.0080616917,25.3127157147,24.3898003282,24.7099630011
2374.0001,24.4846687317,25.0080383709,25.312304734,24.3897436961,24.7095122745
2375.0001,24.4846687317,25.0080151223,25.3118943755,24.3896872159,24.7090622302
2375.9998,24.4564828457,25.0079919478,25.311484679,24.389630893,24.708612912
2377.0007,24.4564800262,25.0079688126,25.3110750299,24.3895746425,24.7081636457
2377.9997,24.5160865784,25.0079457881,25.3106666957,24.3895186382,24.7077158214
2378.9999,24.5160865784,25.0079228026,25.3102584079,24.3894627059,24.7072680481
2380.0004,24.5160865784,25.0078998768,25.3098505345,24.3894068959,24.7068207293
2381.0007,24.4806289673,25.0078770218,25.3094432786,24.3893512356,24.7063740877
2382.0007,24.4806289673,25.0078542398,25.30903668,24.3892957303,24.7059281669
2383.0007,24.4806289673,25.0078315237,25.3086306156,24.3892403628,24.705482832
2384.0007,24.4707756042,25.0078088732,25.3082250847,24.3891851328,24.7050380822
2384.9997,24.4707756042,25.0077863109,25.3078204914,24.3891300951,24.7045943607
2386.0007,24.4707756042,25.0077637687,25.3074156209,24.3890750842,24.7041503351
2386.9997,24.4290924072,25.0077413367,25.3070120902,24.3890203195,24.703707779
2387.9999,24.4290924072,25.0077189426,25.3066086054,24.3889656252,24.7032652732
2389.0005,24.4290924072,25.0076966044,25.3062054898,24.3889110449,24.7028231723
2389.9998,24.4908785979,25.0076743598,25.3058034269,24.388856671,24.7023822259
2391,24.4908847809,25.0076521595,25.3054015306,24.3888023832,24.7019414622
2392.0009,24.4908847809,25.0076300079,25.3049998818,24.3887481925,24.7015009699
2393.0007,24.4567565918,25.0076079447,25.3045992017,24.3886941958,24.70106154
2394.0007,24.4567565918,25.0075859409,25.304198968,24.3886403224,24.7006225997
2394.9997,24.476026535,25.0075640227,25.3037996596,24.3885866365,24.7001846742
2396.0003,24.476026535,25.0075421328,25.3034002371,24.3885329982,24.6997466236
2397.0004,24.476026535,25.0075203172,25.303001539,24.3884795199,24.6993093674
2398.0003,24.451751709,25.007498569,25.3026034444,24.3884261851,24.698872773
2398.9999,24.451751709,25.0074768903,25.302205992,24.3883729987,24.698436883
2400.0005,24.451751709,25.0074552525,25.3018086648,24.3883198913,24.6980011302
2401.0007,24.4371772079,25.0074336861,25.3014120185,24.3882669371,24.6975661243
2402.0001,24.4371757507,25.0074121992,25.3010162101,24.3882141566,24.6971320373
2403.0007,24.4371757507,25.0073907487,25.3006204472,24.388161444,24.6966980001
2404.0003,24.439043045,25.0073693816,25.3002255994,24.3881089149,24.6962649665
2405.0003,24.439043045,25.0073480678,25.2998311124,24.3880564953,24.6958323288
2406.0001,24.439043045,25.0073268199,25.2994372226,24.3880042163,24.6954003458
2407.0004,24.4822406769,25.0073056228,25.2990436536,24.3879520411,24.6949687148
2408.0001,24.4822406769,25.0072844997,25.2986508375,24.3879000267,24.6945379095
2409.0007,24.4822406769,25.0072634188,25.2982581845,24.3878480948,24.694107283
2410.0001,24.4853477478,25.007242424,25.2978665177,24.387796354,24.693677738
2411.0007,24.4853477478,25.0072214648,25.2974748958,24.3877446798,24.6932482424
2412.0003,24.4853477478,25.0072005872,25.2970841795,24.3876931855,24.6928197399
2412.9996,24.4414978027,25.0071797761,25.2966940934,24.3876418344,24.6923919285
2414.0005,24.4414978027,25.007158992,25.2963038961,24.3875905288,24.6919639953
2415.0007,24.4672641754,25.0071382826,25.2959144843,24.3875393866,24.6915369235
2416.0005,24.4672641754,25.0071176413,25.2955257398,24.3874883917,24.6911105835
2417.0001,24.4672641754,25.0070970638,25.2951375836,24.3874375337,24.6906848887
2418.0006,24.4865627073,25.0070765273,25.2947495884,24.3873867563,24.6902593704
2419,24.4865646362,25.0070560727,25.294362529,24.3873361608,24.6898348785
2420.0002,24.4865646362,25.007035661,25.2939756686,24.3872856504,24.6894106049
2421.0006,24.4741306305,25.0070153043,25.2935892395,24.3872352555,24.6889868042
2422.0001,24.4741306305,25.0069950247,25.2932036653,24.387185031,24.6885639411
2422.9997,24.4741306305,25.0069748016,25.292818559,24.3871349262,24.6881415912
2424.0006,24.4679457169,25.0069546109,25.2924334586,24.3870848808,24.6877192477
2425.0004,24.4679450989,25.0069345007,25.2920492871,24.3870350147,24.687297923
2425.9999,24.4679450989,25.0069144547,25.2916657353,24.3869852873,24.686877278
2427.0005,24.4691599585,25.0068944446,25.291282266,24.3869356288,24.6864567233
2428.0001,24.46916008,25.0068745124,25.2908996833,24.3868861432,24.686037141
2429.0001,24.46916008,25.0068546299,25.2905174504,24.3868367608,24.6856179423
2430.0001,24.458902359,25.0068348048,25.2901357196,24.386787501,24.6851992944
2431.0001,24.458902359,25.0068150371,25.2897544905,24.3867383635,24.6847811966
2432.0007,24.4405632019,25.0067953148,25.289373534,24.3866893187,24.6843633978
2433.0008,24.4405632019,25.0067756593,25.2889932683,24.3866404202,24.6839463566
2434.0007,24.4405632019,25.0067560646,25.2886135783,24.386591653,24.6835299468
2435.0001,24.4539299011,25.0067365364,25.2882345766,24.3865430311,24.6831142918
2436.001,24.4539299011,25.0067170354,25.2878555048,24.3864944573,24.68269856
2436.9999,24.4539299011,25.0066976296,25.2874776876,24.3864461008,24.6822842041
2438,24.4576889094,25.0066782567,25.2870999133,24.3863978065,24.6818698952
2438.9997,24.4576892853,25.0066589476,25.2867227862,24.3863496514,24.6814562961
2440.0005,24.4576892853,25.0066396731,25.2863457403,24.3863015631,24.6810427862
2441.0007,24.4083003998,25.0066204659,25.2859694159,24.3862536231,24.6806300674
2442,24.4083003998,25.0066013315,25.285593924,24.3862058451,24.6802182617
2443.0004,24.4083003998,25.0065822315,25.2852185126,24.3861581333,24.6798065443
2444,24.4691539916,25.0065632019,25.2848438944,24.3861105781,24.6793956966
2444.9997,24.46916008,25.0065442254,25.2844697307,24.3860631362,24.6789853476
2446.0003,24.46916008,25.0065252868,25.2840957224,24.3860157696,24.6785751689
2447.0008,24.4874973297,25.0065064048,25.2837222431,24.3859685254,24.6781655704
2448.0001,24.4874973297,25.0064876001,25.2833497018,24.3859214551,24.6777570007
2449.0007,24.4393501282,25.0064688253,25.2829771661,24.3858744406,24.677348437
2450.0003,24.4393501282,25.0064501236,25.2826054917,24.3858275897,24.676940818
2451.0007,24.4393501282,25.006431461,25.2822340086,24.3857808178,24.6765334087
2451.9999,24.451751709,25.0064128747,25.2818634585,24.3857342181,24.6761270228
2453.0005,24.451751709,25.0063943162,25.2814928768,24.3856876689,24.6757206021
2454.0009,24.451751709,25.0063758151,25.2811228562,24.3856412447,24.6753147968
2455.0007,24.4443271434,25.0063573786,25.2807535435,24.3855949636,24.6749097679
2456.0006,24.4443264008,25.0063389935,25.2803846791,24.3855487928,24.6745052306
2457.0004,24.4443264008,25.0063206635,25.2800163362,24.3855027413,24.6741012652
2457.9997,24.4446029663,25.0063023956,25.2796486609,24.3854568271,24.6736980321
2459.0006,24.4446029663,25.0062841513,25.279280881,24.3854109536,24.6732946842
2460.0003,24.4446029663,25.0062659817,25.2789140248,24.3853652489,24.6728923493
2461.0007,24.458902359,25.0062478519,25.2785473941,24.3853196259,24.6724902617
2462,24.458902359,25.0062297944,25.2781816477,24.3852741662,24.672089144
2462.9999,24.458902359,25.0062117783,25.2778161623,24.3852287921,24.6716883125
2463.9997,24.4607963562,25.0061938161,25.2774511936,24.3851835352,24.6712880477
2465.0007,24.4607963562,25.0061758844,25.2770862672,24.3851383367,24.6708878293
2466.0001,24.4598350525,25.0061580332,25.276722403,24.3850933224,24.6704887757
2467.0003,24.4598350525,25.0061402193,25.2763587258,24.385048384,24.6700899273
2468.0007,24.4598350525,25.0061224534,25.2759954541,24.3850035483,24.6696915236
2469,24.4741306305,25.0061047583,25.2756330585,24.3849588732,24.6692940807
2470.0003,24.4741306305,25.0060870968,25.2752707768,24.3849142643,24.6688967627
2471.0001,24.4741306305,25.0060694951,25.274909152,24.3848697886,24.6685001652
2472.0007,24.4290924072,25.0060519303,25.2745477135,24.3848253878,24.668103772
2472.9998,24.4290924072,25.0060344426,25.2741872909,24.3847811637,24.667708493
2474.0008,24.4290924072,25.0060169723,25.2738266575,24.3847369655,24.6673129827
2475.0007,24.4576892853,25.0059995716,25.2734668939,24.3846929256,24.6669184263
2476.0006,24.4576892853,25.0059822213,25.273107603,24.3846489951,24.6665243884
2477.0007,24.4576892853,25.0059649178,25.2727487124,24.384605165,24.6661307894
2477.9997,24.4660502647,25.0059476832,25.2723906874,24.3845614917,24.6657381398
2479.0007,24.4660511017,25.0059304641,25.2720324169,24.3845178397,24.6653452211
2480.0001,24.4660511017,25.0059133222,25.2716751893,24.3844743658,24.6649534459
2481.0003,24.4477138519,25.0058962162,25.2713181454,24.3844309651,24.6645618723
2482.0008,24.4477138519,25.0058791546,25.2709614638,24.3843876592,24.664170696
2483.0005,24.4477138519,25.0058621559,25.2706055357,24.3843444955,24.6637803462
2484.0003,24.4309937988,25.0058452047,25.2702500397,24.3843014346,24.6633904701
2485.0005,24.4309921265,25.0058282957,25.2698948687,24.3842584636,24.6630009505
2485.9999,24.4763069153,25.0058114492,25.2695404481,24.3842156335,24.6626122539
2487.0003,24.4763069153,25.0057946345,25.2691861389,24.384172867,24.6622236794
2487.9997,24.4763069153,25.0057778852,25.2688326489,24.3841302494,24.6618360034
2489.0007,24.4639034271,25.0057611577,25.2684790583,24.3840876696,24.6614482171
2490.0007,24.4639034271,25.0057444952,25.2681262853,24.3840452381,24.6610613274
2490.9999,24.4639034271,25.0057278942,25.2677742576,24.3840029457,24.660675255
2492.0007,24.4772415161,25.0057113147,25.2674221294,24.3839606909,24.6602890725
2493.0001,24.4772415161,25.0056948062,25.2670709559,24.3839186,24.659903937
2494.0007,24.4772415161,25.0056783258,25.2667198227,24.3838765632,24.6595188457
2495.0005,24.4464988708,25.0056619061,25.2663694313,24.3838346644,24.659134568
2495.9999,24.4464988708,25.0056455405,25.2660196402,24.3837928863,24.6587509486
2497.0009,24.4464988708,25.0056291961,25.2656697495,24.3837511453,24.65836722
2498.0003,24.4514746455,25.005612925,25.2653208772,24.3837095746,24.6579846082
2499.0005,24.4514751434,25.005596688,25.2649721843,24.3836680739,24.6576021932
2499.9998,24.4514751434,25.0055805125,25.2646242628,24.3836267135,24.6572206242
2500.9999,24.4474319686,25.0055643709,25.2642765201,24.3835854227,24.6568392514
2502.0003,24.4474315643,25.0055482711,25.2639291304,24.3835442222,24.6564582655
2503.0001,24.4322013855,25.0055322276,25.2635824051,24.3835031487,24.6560780085
2504.0005,24.4322013855,25.0055162208,25.2632359278,24.3834621527,24.6556980233
2505,24.4322013855,25.0055002747,25.2628902169,24.3834212952,24.6553188788
2506.0001,24.4657673652,25.0054843651,25.262544753,24.3833805147,24.654940005
2507.0001,24.4657707214,25.0054685032,25.2621997775,24.3833398397,24.6545616669
2508.0003,24.4657707214,25.005452684,25.2618551865,24.3832992575,24.6541837505
2509.0007,24.4278831482,25.0054369074,25.2615109795,24.3832587681,24.6538062553
2510.0009,24.4278831482,25.0054211795,25.2611672937,24.3832183873,24.6534293316
2511.0005,24.4278831482,25.0054055066,25.2608242653,24.383178131,24.6530531289
2511.9999,24.4278831482,25.0053898821,25.260481756,24.3831379827,24.6526774955
2513.0004,24.4278831482,25.0053742856,25.2601393202,24.38309789,24.6523019428
2514.0007,24.4278831482,25.0053587374,25.2597974029,24.3830579049,24.6519269586
2515.0007,24.4893913269,25.0053432388,25.2594560373,24.3830180311,24.6515525796
2516.0006,24.4893913269,25.0053277866,25.2591151544,24.3829782603,24.6511787299
2517.0008,24.4893913269,25.0053123744,25.2587746172,24.3829385764,24.6508052594
2518.0005,24.4607963562,25.0052970145,25.2584346975,24.3828990109,24.650432466
2519.0005,24.4607963562,25.0052816944,25.2580951225,24.3828595318,24.6500600507
2520.0001,24.4455390935,25.0052664247,25.2577561293,24.3828201665,24.6496882734
2520.9997,24.4455375671,25.0052511992,25.2574175813,24.3827808989,24.6493169844
2522.0007,24.4455375671,25.0052359964,25.2570790047,24.382741674,24.6489456641
2523.0005,24.4175949097,25.0052208559,25.2567412785,24.3827025935,24.6485752765
2524.0009,24.4175949097,25.00520575,25.2564037938,24.3826635866,24.6482051535
2524.9999,24.4175949097,25.0051907089,25.256067224,24.3826247311,24.6478360341
2526.0006,24.4536478255,25.0051756858,25.2557305244,24.3825859061,24.6474667723
2526.9997,24.4536514282,25.0051607301,25.2553948048,24.3825472395,24.6470985853
2528.0005,24.4536514282,25.0051457922,25.2550589559,24.3825086033,24.6467302563
2529.0003,24.4598350525,25.0051309125,25.2547238835,24.3824701016,24.6463627791
2529.9998,24.4598350525,25.0051160802,25.2543893516,24.382431707,24.6459958946
2531.0003,24.4598350525,25.005101276,25.254054925,24.3823933694,24.6456291257
2532.0007,24.4688787957,25.0050865161,25.2537209715,24.3823551309,24.6452628754
2532.9997,24.4688796997,25.0050718196,25.2533879233,24.3823170408,24.6448976182
2534.0005,24.4688796997,25.0050571391,25.2530547134,24.3822789768,24.6445321836
2535.0006,24.4300270081,25.0050425113,25.2527221743,24.382241034,24.6441674846
2536.0003,24.4300270081,25.0050279316,25.2523902049,24.3822032005,24.6438034105
2537.0003,24.434720993,25.0050133898,25.2520585722,24.3821654496,24.6434397055
2538.0003,24.434720993,25.00499889,25.2517273752,24.3821277926,24.6430764785
2539.0004,24.434720993,25.0049844307,25.2513965804,24.3820902253,24.6427136925
2539.9999,24.414516449,25.0049700219,25.2510664183,24.3820527737,24.6423516004
2541.0001,24.414516449,25.0049556447,25.250736459,24.3820153891,24.6419897308
2542.0005,24.414516449,25.0049413062,25.2504068676,24.3819780898,24.6416282645
2542.9999,24.4340686798,25.0049270234,25.2500780382,24.3819409204,24.641267634
2544.0001,24.4340686798,25.0049127706,25.2497493779,24.3819038136,24.640907189
2544.9999,24.4340686798,25.0048985646,25.2494212807,24.3818668138,24.6405473615
2546.0002,24.4414970601,25.0048843927,25.2490934508,24.3818298874,24.6401878272
2546.9997,24.4414978027,25.0048702731,25.2487663134,24.3817930822,24.6398290524
2548.0003,24.4414978027,25.0048561788,25.2484392464,24.381756328,24.6394703546
2548.9997,24.4051933289,25.0048421421,25.2481130008,24.381719709,24.6391125579
2549.9999,24.4051933289,25.0048281348,25.247786923,24.3816831518,24.6387549451
2550.9999,24.4051933289,25.0048141708,25.2474613389,24.3816466927,24.6383978737
2551.9997,24.4032974243,25.00480025,25.2471362475,24.3816103313,24.6380413427
2553.0007,24.4032974243,25.0047863528,25.2468111938,24.3815740169,24.6376848531
2554.0006,24.4032974243,25.004772511,25.2464869241,24.3815378324,24.6373292233
2554.9997,24.4054737091,25.0047587203,25.2461633394,24.3815017667,24.6369743447
2556.0005,24.4054737091,25.0047449461,25.24583963,24.3814657293,24.6366193293
2557.0003,24.4474273681,25.0047312254,25.245516669,24.3814298174,24.6362651348
2557.9999,24.4474315643,25.0047175472,25.2451941969,24.3813940018,24.6359114764
2558.9997,24.4474315643,25.0047039058,25.2448720839,24.381358268,24.6355582118
2559.9998,24.4586227671,25.0046902997,25.2445502975,24.3813226123,24.6352053055
2560.9999,24.4586238861,25.004676733,25.2442289341,24.3812870451,24.634852863
2562.0001,24.4586238861,25.0046632042,25.2439079609,24.3812515627,24.6345008485
2563.0007,24.4188346863,25.0046497092,25.2435872814,24.3812161544,24.634149156
2564.0003,24.4188346863,25.0046362666,25.2432673433,24.3811808693,24.6337982768
2564.9997,24.4188346863,25.0046228656,25.2429478894,24.3811456788,24.6334479285
2565.9997,24.4210109711,25.0046094953,25.2426286636,24.3811105547,24.6330978303
2566.9999,24.4210109711,25.004596161,25.2423097935,24.3810755108,24.6327481223
2568.0005,24.4210109711,25.0045828599,25.2419912152,24.38104054,24.6323987343
2569.0005,24.4188346863,25.0045696053,25.2416732464,24.381005677,24.6320500147
2570.0005,24.4188346863,25.0045563891,25.2413556954,24.3809709006,24.6317017534
2570.9996,24.4188346863,25.0045432229,25.2410388469,24.3809362417,24.6313542625
2572.0004,24.4638989239,25.0045300724,25.2407218763,24.3809016102,24.6310066376
2572.9997,24.4639034271,25.0045169796,25.2404057966,24.3808671164,24.6306599899
2574.0003,24.4219436646,25.0045039078,25.2400897216,24.3808326635,24.6303133473
2574.9997,24.4219436646,25.0044908893,25.2397744405,24.3807983374,24.6299675753
2576.0005,24.4219436646,25.0044778903,25.2394591326,24.3807640486,24.629621774
2577.0007,24.4539299011,25.0044649367,25.239144428,24.3807298656,24.6292766343
2578.0002,24.4539299011,25.0044520296,25.2388303568,24.3806957912,24.6289321893
2579.0006,24.4539299011,25.0044391483,25.2385164159,24.380661771,24.6285878871
2580.0007,24.4436702728,25.004426308,25.2382029815,24.3806278454,24.6282441405
2581.0007,24.4436702728,25.0044135062,25.2378899904,24.3805940074,24.6279008799
2582.0007,24.4436702728,25.0044007414,25.2375774104,24.3805602535,24.6275580704
2582.9997,24.4210109711,25.0043880263,25.2372655532,24.3805266171,24.6272160535
2584.0005,24.4210109711,25.004375325,25.2369535446,24.3804930038,24.6268738704
2584.9999,24.4210109711,25.0043626782,25.2366423818,24.3804595209,24.6265326151
2586.0001,24.4567530183,25.0043500579,25.2363313791,24.3804260943,24.6261915353
2586.9997,24.4567565918,25.0043374817,25.2360209712,24.3803927708,24.6258511079
2587.9999,24.4567565918,25.0043249342,25.2357107852,24.3803595101,24.6255109238
2588.9997,24.3961467743,25.0043124281,25.2354011306,24.3803263453,24.6251713225
2590.0002,24.3961467743,25.0042999494,25.2350916664,24.3802932397,24.62483193
2591.0006,24.4381389618,25.0042875081,25.2347826399,24.3802602197,24.6244930176
2592.0001,24.4381389618,25.0042751139,25.2344742971,24.3802273114,24.6241548549
2592.9999,24.4381389618,25.0042627518,25.2341662669,24.3801944748,24.6238170351
2594.0006,24.4620070448,25.0042504144,25.2338583646,24.3801616904,24.6234793556
2595.0007,24.4620094299,25.0042381201,25.2335510514,24.3801290071,24.6231423221
2595.9997,24.4620094299,25.0042258748,25.2332444794,24.3800964407,24.6228061015
2597.0001,24.4083003998,25.0042136478,25.232937881,24.3800639097,24.622469852
2598.0005,24.4083003998,25.0042014562,25.2326316857,24.3800314595,24.6221340445
2599.0005,24.4083003998,25.0041893047,25.232326015,24.3799991029,24.6217988125
2600.0006,24.495848484,25.0041771871,25.2320207155,24.3799668234,24.6214639874
2601,24.4958572388,25.004165113,25.2317160304,24.3799346467,24.6211298363
2602.0005,24.4958572388,25.0041530606,25.2314114108,24.3799025145,24.6207957568
2603.0003,24.4126186371,25.0041410515,25.2311074043,24.3798704845,24.6204623499
2604.0005,24.4126186371,25.0041290723,25.2308036758,24.3798385214,24.6201292478
2605.0006,24.4126186371,25.004117129,25.2305003768,24.3798066408,24.6197966167
2606.0005,24.4412145626,25.0041052226,25.2301975368,24.3797748458,24.6194644891
2607.0001,24.4412174225,25.0040933541,25.2298951855,24.3797431392,24.6191328974
2607.9999,24.4412174225,25.0040815176,25.2295931709,24.3797115051,24.6188016749
2609.0007,24.433134079,25.0040697036,25.2292912515,24.3796799179,24.6184705569
2609.9997,24.433134079,25.0040579449,25.2289902712,24.3796484659,24.6181404688
2611.0004,24.4322014787,25.0040462003,25.2286891747,24.3796170387,24.6178102533
2611.9997,24.4322013855,25.004034506,25.2283888946,24.3795857333,24.6174809331
2613.0003,24.4322013855,25.0040228303,25.2280886189,24.3795544651,24.6171516177
2613.9996,24.460793495,25.0040112036,25.2277891273,24.379523315,24.6168231623
2615.0001,24.4607963562,25.0039995966,25.2274896701,24.379492205,24.6164947445
2616.0005,24.4607963562,25.0039880243,25.2271906364,24.3794611754,24.6161667913
2616.9997,24.4362411499,25.0039764993,25.2268923537,24.37943026,24.6158396617
2618.0001,24.4362411499,25.0039649938,25.2265941052,24.3793993843,24.6155125696
2619.0001,24.4362411499,25.0039535262,25.2262963677,24.3793685977,24.6151860379
2620.0005,24.4570348935,25.0039420872,25.2259989026,24.3793378752,24.6148598049
2620.9996,24.457036972,25.0039306961,25.2257022143,24.3793072689,24.6145344239
2621.9999,24.457036972,25.0039193243,25.2254055598,24.3792767019,24.6142090799
2622.9999,24.4455375671,25.0039079888,25.225109384,24.37924622,24.613884261
2624.0001,24.4455375671,25.0038966838,25.2248135383,24.3792158077,24.613559804
2624.9999,24.4455375671,25.003885416,25.2245181995,24.3791854831,24.613235903
2626.0003,24.4545774959,25.003874174,25.2242230718,24.3791552156,24.6129122335
2626.9999,24.4545783997,25.0038629736,25.2239285675,24.3791250475,24.6125892477
2627.9997,24.4483642578,25.0038518033,25.2236343913,24.3790949483,24.6122666217
2629.0005,24.4483642578,25.0038406542,25.2233403079,24.3790648938,24.6119440975
2630.0007,24.4483642578,25.003829544,25.2230467871,24.379034932,24.6116221903
2630.9999,24.4166927338,25.0038184769,25.222753945,24.3790050745,24.6113010274
2632.0004,24.4166927338,25.0038074276,25.2224611071,24.3789752523,24.6109798692
2633.0004,24.4166927338,25.0037964157,25.2221688003,24.3789455191,24.6106592934
2634.0007,24.4588981393,25.0037854324,25.22187679,24.3789158509,24.6103390428
2634.9999,24.458902359,25.0037744929,25.221585484,24.3788862889,24.6100195646
2636.0005,24.458902359,25.0037635697,25.2212941531,24.378856759,24.6097000591
2636.9997,24.3815975189,25.0037526933,25.2210036121,24.3788273437,24.6093814198
2637.9997,24.3815975189,25.0037418398,25.2207132204,24.3787979779,24.6090629443
2639.0005,24.3815975189,25.0037310089,25.2204229783,24.3787686616,24.6087446329
2639.9997,24.3871320908,25.0037202267,25.2201335811,24.3787394649,24.608427248
2640.9997,24.3871326447,25.003709467,25.2198443325,24.3787103174,24.6081100263
2641.9998,24.3871326447,25.0036987373,25.2195554352,24.3786812394,24.6077931896
2642.9999,24.3964538574,25.0036880387,25.2192669174,24.3786522336,24.6074767694
2643.9997,24.3964538574,25.0036773743,25.2189788652,24.3786233085,24.6071608596
2645.0005,24.4175949097,25.00366673,25.2186909039,24.3785944264,24.6068450496
2646.0004,24.4175949097,25.0036561261,25.2184035797,24.3785656421,24.6065299382
2647.0003,24.4175949097,25.0036455529,25.218116633,24.3785369291,24.6062152409
2648.0001,24.4350337982,25.0036350113,25.2178300919,24.3785082904,24.6059009885
2649.0001,24.4350337982,25.0036244981,25.2175438701,24.3784797171,24.6055870861
2650,24.4350337982,25.0036140163,25.2172580529,24.3784512176,24.6052736275
2651.0005,24.4219436646,25.0036035586,25.2169724401,24.3784227718,24.6049603931
2652.0003,24.4219436646,25.0035931384,25.2166874021,24.3783944166,24.6046477891
2652.9999,24.4219436646,25.0035827505,25.2164027956,24.3783661374,24.6043356582
2654.0007,24.3973865509,25.0035723801,25.2161182218,24.3783378946,24.6040235634
2654.9999,24.3973865509,25.0035620563,25.2158344764,24.378309767,24.6037123769
2656.0006,24.3973865509,25.0035517469,25.2155506783,24.3782816671,24.6034011327
2657.0007,24.411687851,25.0035414734,25.2152674232,24.3782536539,24.603090484
2658.0001,24.411687851,25.0035312369,25.2149847383,24.3782257298,24.6027804606
2659.0005,24.411687851,25.0035210197,25.2147021422,24.3781978472,24.6024705347
2660.0005,24.3992862701,25.0035108362,25.2144200304,24.3781700449,24.6021611398
2661.0007,24.3992862701,25.0035006801,25.214138233,24.3781423062,24.6018520898
2662,24.4051927378,25.0034905624,25.2138570589,24.3781146613,24.6015437234
2663.0001,24.4051933289,25.003480466,25.2135760295,24.3780870629,24.6012355155
2664.0005,24.4051933289,25.0034703957,25.2132952851,24.3780595248,24.6009276204
2665.0003,24.4197692871,25.0034603606,25.2130150779,24.3780320717,24.6006203144
2666.0005,24.4197692871,25.0034503505,25.2127351269,24.3780046757,24.6003132893
2667.0001,24.4197692871,25.0034403753,25.2124557114,24.3779773642,24.6000068515
2667.9998,24.4700877401,25.003430428,25.2121766351,24.3779501178,24.5997007857
2669.0009,24.4700927734,25.0034204956,25.2118975352,24.377922901,24.5993946941
2670.0001,24.4700927734,25.0034106107,25.2116193312,24.3778958033,24.5990895849
2671.0003,24.4353122711,25.0034007445,25.2113412145,24.3778687459,24.5987845716
2671.9997,24.4353122711,25.0033909148,25.2110636853,24.3778417773,24.5984802026
2673.0005,24.4353122711,25.0033810997,25.2107861326,24.3778148379,24.5981758077
2673.9996,24.4483642578,25.0033713296,25.2105094154,24.3777880112,24.5978723292
2675,24.4483642578,25.0033615751,25.2102327021,24.3777612162,24.597568855
2675.9999,24.4483642578,25.0033518537,25.2099564906,24.3777345011,24.5972659311
2676.9997,24.4322013855,25.0033421614,25.2096806696,24.3777078551,24.5969634354
2678.0007,24.4322013855,25.0033324855,25.2094048805,24.3776812434,24.5966609747
2679.0009,24.4322013855,25.0033228453,25.2091296741,24.377654719,24.5963591531
2680.0003,24.4471554098,25.0033132407,25.2088550491,24.3776282816,24.5960579692
2680.9996,24.4471569061,25.0033036648,25.2085808122,24.3776019125,24.5957572108
2682.0001,24.4526863098,25.0032941051,25.2083066067,24.3775755774,24.5954564868
2682.9999,24.4526863098,25.0032845798,25.2080329531,24.377549326,24.5951563682
2683.9997,24.4526863098,25.003275082,25.207759659,24.3775231398,24.5948566438
2685.0005,24.4340686798,25.0032656022,25.2074864512,24.3774969925,24.5945570141
2686.0009,24.4340686798,25.0032561536,25.2072137116,24.3774709207,24.5942578978
2687.0007,24.4340686798,25.003246738,25.2069414937,24.3774449292,24.5939593538
2687.9999,24.4412174225,25.0032373552,25.2066697966,24.3774190178,24.5936613808
2689.0003,24.4412174225,25.0032279884,25.2063981304,24.3773931397,24.5933634418
2690.0003,24.4412174225,25.0032186523,25.2061269298,24.3773673362,24.5930660134
2691.0001,24.4247436523,25.0032093452,25.2058561397,24.377341602,24.5927690351
2692.0006,24.4247436523,25.0032000584,25.2055855161,24.3773159137,24.5924722395
2693.0003,24.4247436523,25.003190806,25.2053154642,24.3772903097,24.5921760709
2694.0007,24.3889961243,25.0031815738,25.2050455784,24.3772647514,24.5918800844
2694.9999,24.3889961243,25.0031723794,25.2047763704,24.3772392872,24.5915848413
2696.0001,24.3889961243,25.0031632023,25.2045072469,24.3772138608,24.5912896909
2697,24.4269123304,25.0031540546,25.2042385578,24.3771885051,24.5909950168
2698.0003,24.4269161224,25.0031449297,25.2039701143,24.3771632023,24.5907006122
2698.9997,24.410447815,25.0031358393,25.2037022647,24.3771379851,24.5904068589
2699.9999,24.410446167,25.003126768,25.2034345529,24.3771128104,24.5901132567
2701.0007,24.410446167,25.0031177175,25.2031670327,24.3770876831,24.5898198645
2702.0003,24.4297485352,25.003108704,25.2029001843,24.3770626483,24.5895272093
2703.0003,24.4297485352,25.003099713,25.2026335799,24.3770376657,24.5892348216
2704.0005,24.4297485352,25.0030907462,25.2023672726,24.3770127402,24.5889427596
2705.0003,24.4362411499,25.0030818088,25.2021014216,24.3769878865,24.5886511982
2706.0003,24.4362411499,25.0030728956,25.2018358667,24.3769630896,24.5883599615
2706.9999,24.4362411499,25.0030640117,25.2015707668,24.3769383642,24.5880692237
2707.9997,24.4135837555,25.0030551517,25.2013059621,24.3769136952,24.5877788098
2709.0005,24.4135837555,25.0030463085,25.201041241,24.3768890629,24.5874884875
2710.0007,24.4135837555,25.0030374962,25.2007770264,24.3768645066,24.5871987207
2711.0007,24.4157295227,25.0030287111,25.2005132117,24.3768400161,24.5869093925
2712.0001,24.4157295227,25.0030199566,25.2002499017,24.3768156012,24.5866206178
2713.0007,24.4157295227,25.0030112171,25.1999866219,24.3767912176,24.5863318762
2714.0005,24.4350337982,25.0030025097,25.1997238983,24.376766914,24.5860437446
2715.0006,24.4350337982,25.002993825,25.1994614412,24.3767426636,24.5857559053
2716.0005,24.4147949219,25.0029851671,25.1991993814,24.3767184782,24.5854685016
2716.9999,24.4147949219,25.0029765385,25.1989377967,24.3766943649,24.585181619
2718.0007,24.4147949219,25.0029679228,25.1986761897,24.3766702778,24.5848947121
2719.0001,24.4421825409,25.0029593441,25.198415292,24.3766462842,24.584608583
2720.0009,24.4421825409,25.0029507782,25.1981543722,24.3766223166,24.5843224296
2720.9997,24.4421825409,25.0029422542,25.1978943159,24.3765984564,24.5840372232
2721.9997,24.4383869171,25.0029337446,25.197634289,24.3765746267,24.5837520491
2723.0005,24.4383869171,25.0029252528,25.1973743962,24.3765508373,24.5834670221
2723.9997,24.4383869171,25.0029167991,25.1971152598,24.3765271449,24.5831828247
2725.0007,24.4061260223,25.0029083547,25.1968559978,24.3765034688,24.5828984894
2726.0003,24.4061260223,25.0028999464,25.1965974386,24.3764798845,24.582614925
2727.0005,24.4061260223,25.0028915575,25.1963390642,24.3764563447,24.5823315631
2728.0007,24.4197679232,25.0028831928,25.1960810293,24.3764328634,24.5820485737
2728.9999,24.4197692871,25.0028748607,25.1958235911,24.3764094638,24.5817662386
2729.9997,24.4197692871,25.0028665476,25.1955663365,24.3763861082,24.5814841049
2731.0007,24.414516449,25.0028582487,25.1953091117,24.3763627828,24.5812020039
2731.9999,24.414516449,25.0028499886,25.1950526869,24.3763395571,24.5809207803
2732.9999,24.3672981262,25.0028417459,25.1947963939,24.3763163705,24.5806397011
2734.0007,24.3672981262,25.0028335204,25.1945402329,24.3762932231,24.5803587669
2735.0005,24.3672981262,25.0028253269,25.1942846643,24.3762701562,24.5800784822
2736.0005,24.4340620034,25.0028171554,25.1940293804,24.376247142,24.5797985098
2737.0007,24.4340686798,25.002809006,25.193774381,24.3762241804,24.5795188494
2738.0005,24.4340686798,25.0028008834,25.1935198185,24.376201285,24.5792396681
2739.0007,24.4002170563,25.002792781,25.1932654888,24.3761784373,24.5789607422
2739.9997,24.4002170563,25.0027847118,25.1930117978,24.3761556737,24.5786825168
2741.0005,24.4002170563,25.0027766514,25.1927579837,24.3761329257,24.5784041563
2742.0005,24.4505405426,25.0027686207,25.1925047058,24.3761102524,24.5781263839
2743.0007,24.4505405426,25.0027606117,25.1922517102,24.3760876309,24.577848921
2744.0007,24.4505405426,25.0027526274,25.1919990975,24.37606507,24.5775718782
2745.0006,24.4318942598,25.002744667,25.191746842,24.3760425675,24.577295227
2746,24.431892395,25.0027367336,25.1914950438,24.3760201321,24.5770190774
2747.0005,24.431892395,25.0027288144,25.1912432996,24.3759977277,24.5767429871
2748.0001,24.4259853363,25.0027209253,25.1909921124,24.3759753991,24.5764675076
2748.9999,24.4259853363,25.0027130573,25.190741205,24.3759531215,24.5761923349
2749.9999,24.4259853363,25.0027052106,25.1904905771,24.3759308948,24.5759174688
2751.0007,24.397108078,25.0026973803,25.1902400784,24.3759087055,24.5756427444
2752.0003,24.397108078,25.002689582,25.1899902089,24.375886598,24.57536871
2753.0003,24.4433898926,25.0026818032,25.1897405678,24.3758645365,24.575094926
2753.9997,24.4433898926,25.0026740515,25.1894914042,24.375842543,24.5748216658
2755.0007,24.4433898926,25.0026663099,25.1892421697,24.375820569,24.5745483278
2756.0001,24.4228782654,25.0026586029,25.1889936605,24.3757986846,24.5742757854
2756.9999,24.4228782654,25.0026509152,25.1887453785,24.3757768459,24.574003492
2757.9999,24.4228782654,25.0026432482,25.188497373,24.375755057,24.5737315019
2759.0005,24.4126186371,25.0026355988,25.188249545,24.3757333092,24.5734597064
2760.0007,24.4126186371,25.0026279746,25.1880021416,24.3757116241,24.5731883766
2761.0003,24.4126186371,25.002620377,25.1877552115,24.3756900058,24.5729175659
2762.0001,24.4269161224,25.0026127998,25.1875085564,24.375668437,24.5726470568
2763.0003,24.4269161224,25.0026052415,25.1872621268,24.3756469131,24.572376795
2763.9999,24.4269161224,25.0025977096,25.1870161687,24.3756254555,24.5721070503
2765.0001,24.3880958557,25.002590195,25.1867703863,24.3756040383,24.5718374982
2766,24.3880958557,25.0025827043,25.1865250004,24.3755826808,24.5715683811
2767.0005,24.3880958557,25.0025752309,25.18627979,24.3755613636,24.5712994564
2768.0009,24.4085788727,25.0025677798,25.1860349264,24.3755401014,24.5710309121
2769.0007,24.4085788727,25.0025603547,25.1857905313,24.3755189048,24.5707628815
2769.9997,24.4039840698,25.002552957,25.1855466524,24.3754977777,24.570495417
2771.0007,24.4039840698,25.002545566,25.1853026063,24.3754766609,24.5702277692
2772.0007,24.4039840698,25.0025382036,25.1850591246,24.3754556176,24.5699607404
2772.9998,24.3651295455,25.0025308692,25.1848161814,24.3754346455,24.5696943022
2774.0005,24.3651256561,25.0025235443,25.1845731689,24.3754136919,24.569427788
2775.0001,24.3651256561,25.0025162486,25.1843307426,24.3753928134,24.5691619166
2775.9999,24.4393501282,25.0025089725,25.1840885862,24.3753719825,24.5688963413
2776.9997,24.4393501282,25.0025017175,25.183846748,24.3753512034,24.5686311149
2778.0003,24.4393501282,25.0024944776,25.1836050344,24.3753304593,24.5683660251
2779.0001,24.3746967316,25.0024872645,25.1833638314,24.3753097833,24.5681014954
2779.9999,24.3746967316,25.0024800723,25.1831229453,24.3752891587,24.5678373132
2781.0007,24.3746967316,25.0024728936,25.1828821352,24.3752685647,24.5675732143
2782.0007,24.4262638092,25.0024657415,25.1826418338,24.3752480383,24.5673096734
2783.0006,24.4262638092,25.0024586108,25.1824018722,24.3752275649,24.5670465051
2784.0009,24.4262638092,25.0024514978,25.1821621301,24.3752071342,24.5667835775
2785.0001,24.4002170563,25.0024444132,25.1819229662,24.3751867767,24.5665212841
2785.9999,24.4002170563,25.0024373449,25.181683973,24.3751664575,24.5662591778
2787.0001,24.4598350525,25.0024302942,25.1814451983,24.3751461806,24.5659973112
2788.0007,24.4598350525,25.002423261,25.1812066421,24.3751259461,24.5657356842
2789.0001,24.4598350525,25.0024162566,25.180968685,24.375105786,24.5654747144
2790.0005,24.4228782654,25.0024092655,25.1807308029,24.3750856559,24.5652138266
2791.0003,24.4228782654,25.0024022988,25.1804933758,24.3750655878,24.564953438
2791.9997,24.4228782654,25.002395355,25.1802563554,24.3750455776,24.5646934954
2792.9996,24.3980445862,25.0023884278,25.1800195279,24.375025607,24.5644337643
2794.0006,24.3980445862,25.0023815131,25.1797827516,24.3750056642,24.5641740893
2794.9999,24.3980445862,25.0023746301,25.179546688,24.3749858047,24.563915196
2795.9997,24.4175949097,25.0023677635,25.1793108165,24.3749659845,24.5636565134
2797.0002,24.4175949097,25.002360912,25.17907509,24.3749461998,24.5633979898
2797.9997,24.4175949097,25.0023540872,25.1788399086,24.374926484,24.563140064
2799.0007,24.3517913818,25.0023472719,25.1786046838,24.3749067876,24.5628820906
2800.0007,24.3517913818,25.002340483,25.1783700029,24.3748871598,24.5626247137
2801.0005,24.3517913818,25.0023337152,25.1781356772,24.3748675846,24.5623677264
2802.0005,24.4219436646,25.0023269656,25.1779016126,24.3748480542,24.5621110253
2802.9998,24.4219436646,25.0023202403,25.177668019,24.3748285859,24.5618548409
2804.0008,24.3735141754,25.0023135229,25.1774343356,24.3748091329,24.561598558
2805.0007,24.3735141754,25.0023068324,25.1772012158,24.3747897496,24.5613428931
2806.0005,24.3735141754,25.0023001619,25.1769684255,24.3747704163,24.5610875898
2806.9997,24.3859195709,25.0022935146,25.1767360805,24.3747511427,24.5608327747
2807.9997,24.3859195709,25.0022868813,25.1765038549,24.3747319014,24.5605780905
2809,24.3859195709,25.0022802652,25.1762718649,24.3747127023,24.5603236647
2810.0003,24.3983230591,25.0022736682,25.1760401798,24.3746935508,24.5600695734
2811.0003,24.3983230591,25.0022670923,25.1758088686,24.3746744526,24.5598158921
2811.9997,24.3983230591,25.0022605393,25.1755779999,24.3746554133,24.559562696
2813.0007,24.411687851,25.0022539948,25.1753470654,24.3746363909,24.5593094278
2814.0001,24.411687851,25.0022474797,25.175116803,24.3746174461,24.5590568968
2815.0003,24.411687851,25.0022409782,25.1748866591,24.3745985331,24.5588044957
2815.9999,24.4002170563,25.0022344994,25.1746569554,24.3745796785,24.5585525773
2816.9997,24.4002170563,25.002228038,25.1744275076,24.3745608669,24.5583009396
2817.9997,24.4002170563,25.0022215941,25.1741983154,24.3745420983,24.5580495822
2818.9999,24.4064331055,25.0022151675,25.1739693786,24.3745233726,24.5577985049
2820.0003,24.4064331055,25.0022087582,25.1737406969,24.3745046897,24.5575477075
2820.9999,24.4064331055,25.0022023725,25.1735124984,24.3744860681,24.5572974399
2822.0004,24.383745554,25.0021959996,25.1732843946,24.374467476,24.5570472761
2823.0003,24.3837432861,25.002189649,25.1730567271,24.3744489412,24.5567975909
2824.0006,24.4281552739,25.0021833141,25.1728292679,24.374430445,24.5565481341
2825.0001,24.4281597137,25.0021770027,25.1726022892,24.3744120096,24.5562992043
2826.0007,24.4281597137,25.0021707026,25.1723753593,24.3743935997,24.556050328
2827.0007,24.4278831482,25.0021644244,25.1721488635,24.3743752466,24.5558019278
2828.0005,24.4278831482,25.0021581657,25.1719227106,24.3743569427,24.5555539036
2828.9999,24.4278831482,25.0021519276,25.171696945,24.3743386915,24.5553063043
2830.0005,24.3942813873,25.0021457,25.1714712054,24.3743204638,24.5550587334
2830.9999,24.3942813873,25.0021394979,25.1712460328,24.3743023032,24.5548117843
2832.0001,24.3942813873,25.0021333088,25.1710209759,24.3742841732,24.5545649622
2833.0004,24.3675506612,25.002127137,25.1707961924,24.3742660865,24.5543184399
2834.0005,24.3675479889,25.0021209842,25.1705717492,24.3742480483,24.5540722908
2835.0003,24.3675479889,25.0021148511,25.1703476681,24.3742300602,24.5538265388
2836.0003,24.3746967316,25.0021087345,25.1701238367,24.3742121133,24.5535810606
2837.0003,24.3746967316,25.0021026356,25.1699002994,24.3741942109,24.553335905
2838.0005,24.3746967316,25.0020965531,25.1696770111,24.3741763495,24.5530910225
2839.0003,24.4240875244,25.0020904907,25.1694541055,24.3741585395,24.5528465597
2840.0003,24.4240875244,25.0020844445,25.1692314481,24.3741407702,24.5526023692
2840.9999,24.3778362274,25.0020784183,25.1690091723,24.3741230521,24.552358597
2841.9999,24.3778362274,25.0020724071,25.1687870996,24.374105371,24.5521150476
2842.9999,24.3778362274,25.0020664132,25.1685653187,24.3740877338,24.5518718183
2844.0001,24.3899593353,25.0020604355,25.1683437849,24.3740701368,24.55162886
2844.9999,24.3899593353,25.0020544775,25.1681226307,24.3740525906,24.551386318
2846.0005,24.3899593353,25.0020485319,25.1679015905,24.374035074,24.5511439009
2847.0005,24.3992862701,25.0020426072,25.1676809731,24.3740176114,24.5509019476
2848.0003,24.3992862701,25.0020367007,25.1674606896,24.3740001956,24.5506603606
2849.0003,24.3992862701,25.0020308101,25.1672406516,24.3739828196,24.5504190426
2849.9997,24.3976669312,25.0020249401,25.1670210344,24.3739654972,24.5501781863
2851.0005,24.3976669312,25.0020190789,25.1668013986,24.3739481935,24.5499373095
2852.0003,24.3976669312,25.0020132404,25.1665822707,24.3739309502,24.5496969897
2852.9997,24.3973865509,25.0020074212,25.1663635181,24.3739137565,24.5494570816
2854.0002,24.3973865509,25.0020016124,25.1661448125,24.3738965866,24.5492172249
2854.9997,24.3973865509,25.0019958262,25.1659266126,24.3738794765,24.5489779229
2856.0003,24.4175949097,25.0019900504,25.1657084595,24.3738623901,24.5487386723
2857.0003,24.4175949097,25.0019842948,25.1654907239,24.3738453564,24.5484998794
2858.0005,24.3825340271,25.0019785546,25.1652732308,24.3738283616,24.5482613526
2859.0001,24.3825340271,25.0019728345,25.1650561538,24.3738114192,24.5480232821
2860.0005,24.3825340271,25.0019671264,25.1648391886,24.3737945054,24.5477853341
2861.0001,24.3911705017,25.0019614393,25.1646226817,24.373777647,24.5475478888
2862.0007,24.3911705017,25.001955763,25.164406243,24.3737608137,24.5473105184
2862.9997,24.3911705017,25.0019501122,25.1641904343,24.3737440491,24.5470738388
2864.0007,24.3887462616,25.0019444664,25.1639744777,24.3737272926,24.546836997
2865.0007,24.3887462616,25.0019388426,25.1637590204,24.3737105944,24.5466007029
2866.0006,24.3887462616,25.0019332356,25.1635438677,24.3736939394,24.5463647428
2867.0003,24.3859195709,25.001927646,25.1633290407,24.3736773291,24.5461291398
2868.0005,24.3859195709,25.0019220697,25.1631143886,24.3736607517,24.5458937287
2868.9997,24.3859195709,25.0019165151,25.1629002328,24.3736442321,24.5456588619
2870.0007,24.3765954749,25.0019109666,25.1626859732,24.3736277238,24.5454238812
2871.0007,24.3765945435,25.0019054397,25.162472209,24.3736112729,24.5451894439
2871.9999,24.3765945435,25.0018999331,25.1622588963,24.373594876,24.5449555017
2872.9999,24.4023914337,25.0018944381,25.1620456933,24.3735785068,24.5447216798
2873.9999,24.4023914337,25.001888959,25.1618327704,24.3735621782,24.5444881651
2875.0003,24.4477138519,25.0018834936,25.1616200422,24.3735458837,24.5442548641
2876.0006,24.4477138519,25.0018780445,25.1614076149,24.3735296312,24.5440218929
2876.9999,24.4477138519,25.0018726166,25.1611956788,24.3735134354,24.5437894605
2877.9999,24.4004955292,25.0018672006,25.1609838728,24.3734972684,24.5435571707
2879.0003,24.4004955292,25.0018617981,25.1607722605,24.3734811352,24.5433250934
2880.0003,24.4004955292,25.0018564133,25.1605610109,24.3734650484,24.5430934138
2880.9997,24.3878167441,25.0018510474,25.1603501653,24.3734490113,24.5428621773
2882.0005,24.3878154755,25.0018456895,25.1601393018,24.3734329915,24.5426309212
2883.0003,24.3878154755,25.0018403525,25.1599289259,24.3734170276,24.5424001999
2884.0005,24.3983230591,25.0018350287,25.1597187424,24.3734010969,24.5421696895
2884.9998,24.3983230591,25.0018297251,25.1595090238,24.3733852201,24.541939689
2886.0003,24.3983230591,25.0018244305,25.1592993293,24.3733693636,24.5417097149
2887.0001,24.3868515044,25.001819155,25.1590900568,24.3733535577,24.5414802038
2888.0007,24.3868503571,25.0018138904,25.1588808922,24.3733377784,24.5412508108
2889.0004,24.3868503571,25.0018086458,25.1586721903,24.3733220524,24.5410219254
2889.9997,24.3832187653,25.0018034185,25.1584638459,24.3733063718,24.540793432
2891.0003,24.3832187653,25.0017981995,25.1582555046,24.3732907098,24.540564942
2892.0007,24.3832187653,25.0017929967,25.1580474788,24.3732750898,24.540336798
2893.0003,24.3949661255,25.001787813,25.1578398924,24.373259521,24.5401091359
2894.0003,24.3949661255,25.0017826423,25.1576324958,24.3732439848,24.539881682
2895,24.3921378104,25.001777488,25.1574254338,24.3732284917,24.539654595
2896.0007,24.3921375275,25.0017723436,25.1572184371,24.3732130217,24.5394275796
2896.9998,24.3921375275,25.0017672222,25.1570120428,24.3731976148,24.539201225
2898.0004,24.3551481978,25.0017621079,25.1568056103,24.373182223,24.5389748283
2899.0007,24.3551445007,25.00175701,25.1565995109,24.3731668741,24.5387487971
2900.0005,24.3551445007,25.0017519294,25.1563937852,24.373151571,24.5385231757
2900.9999,24.4262638092,25.0017468655,25.156188412,24.373136312,24.5382979408
2901.9999,24.4262638092,25.0017418132,25.1559831853,24.3731210818,24.5380728667
2903.0007,24.4262638092,25.0017367715,25.1557780645,24.3731058772,24.5378479086
2904.0003,24.3930716341,25.0017317504,25.1555734589,24.3730907286,24.5376235156
2905.0005,24.3930683136,25.0017267408,25.1553689994,24.3730756086,24.5373992828
2906.0003,24.3930683136,25.0017217477,25.1551648903,24.3730605321,24.5371754343
2906.9999,24.3806667328,25.00171677,25.15496109,24.3730454961,24.5369519245
2908.0003,24.3806667328,25.0017118027,25.1547573947,24.3730304854,24.5367285298
2909.0006,24.3806667328,25.0017068504,25.1545539874,24.3730155135,24.536505451
2910.0003,24.3629512787,25.0017019153,25.1543509693,24.3730005878,24.5362827989
2911,24.3629512787,25.0016969944,25.1541482178,24.3729856991,24.5360604394
2912.0007,24.3775257804,25.001692083,25.1539455302,24.3729708325,24.5358381499
2913.0005,24.3775272369,25.0016871901,25.1537432911,24.3729560163,24.5356163522
2914.0007,24.3775272369,25.0016823094,25.1535412369,24.3729412309,24.5353947574
2915.0007,24.4278831482,25.0016774438,25.1533394886,24.3729264852,24.535173498
2916.0002,24.4278831482,25.0016725947,25.153138106,24.3729117835,24.5349526397
2917.0007,24.4278831482,25.0016677548,25.1529367869,24.3728971036,24.534731851
2918.0003,24.3694458008,25.0016629332,25.1527359131,24.3728824733,24.5345115507
2919.0005,24.3694458008,25.0016581227,25.1525351828,24.3728678706,24.5342914078
2919.9997,24.3694458008,25.0016533309,25.1523349167,24.3728533188,24.5340717739
2921.0003,24.3908939362,25.0016485462,25.1521346334,24.3728387827,24.5338521212
2922.0003,24.3908939362,25.0016437783,25.1519347333,24.3728242915,24.5336328888
2923.0009,24.3908939362,25.0016390213,25.1517349762,24.3728098276,24.5334138131
2924.0001,24.3899593353,25.0016342847,25.1515357606,24.3727954198,24.5331953315
2924.9999,24.3899593353,25.0016295589,25.1513366872,24.3727810391,24.5329770057
2926.0005,24.3899593353,25.0016248431,25.1511377164,24.3727666827,24.5327587924
2927.0003,24.3918266296,25.0016201446,25.1509391659,24.3727523734,24.5325410401
2927.9999,24.3918266296,25.0016154607,25.1507409159,24.3727381025,24.5323236173
2929.0007,24.4095439911,25.0016107847,25.1505426888,24.3727238499,24.5321062196
2929.9999,24.4095439911,25.0016061297,25.1503450386,24.3727096555,24.5318894547
2931.0007,24.4095439911,25.0016014807,25.150147332,24.3726954737,24.5316726279
2932.0005,24.369449811,25.0015968498,25.1499500826,24.3726813412,24.5314563025
2933.0003,24.3694458008,25.0015922323,25.1497530924,24.3726672438,24.5312402613
2934.0003,24.3694458008,25.0015876272,25.1495563215,24.3726531787,24.5310244608
2935.0005,24.3622958656,25.0015830346,25.14935977,24.3726391456,24.5308089007
2936.0003,24.3622951508,25.001578457,25.1491635552,24.372625153,24.53059371
2937.0007,24.3622951508,25.0015738899,25.1489674807,24.3726111868,24.5303786731
2937.9999,24.3911705017,25.0015693416,25.1487718986,24.372597272,24.5301641763
2938.9999,24.3911705017,25.0015648027,25.1485764171,24.3725833807,24.5299497897
2940.0005,24.3911705017,25.0015602742,25.1483810753,24.3725695155,24.5297355565
2940.9999,24.3992862701,25.0015557643,25.1481862242,24.3725557014,24.5295218613
2941.9997,24.3992862701,25.0015512656,25.1479915511,24.372541916,24.5293083613
2942.9999,24.3992862701,25.0015467781,25.147797056,24.3725281594,24.5290950567
2944.0003,24.4135837555,25.0015423027,25.1476027777,24.3725144342,24.5288819897
2945.0002,24.4135837555,25.0015378425,25.1474088517,24.3725007499,24.5286693091
2945.9998,24.4204228234,25.0015333965,25.1472152386,24.3724871038,24.5284569717
2946.9999,24.4204235077,25.0015289612,25.1470217831,24.3724734847,24.5282448071
2948.0001,24.4204235077,25.0015245382,25.1468285625,24.372459898,24.5280329002
2948.9999,24.3735141754,25.0015201298,25.146635673,24.3724463506,24.5278213563
2949.9999,24.3735141754,25.0015157333,25.1464429984,24.3724328341,24.5276100481
2951.0007,24.3735141754,25.0015113459,25.1462504231,24.3724193404,24.5273988488
2952.0007,24.4064298139,25.0015069748,25.1460582547,24.372405891,24.5271880958
2953.0003,24.4064331055,25.001502618,25.1458664155,24.3723924803,24.5269777038
2954.0007,24.4064331055,25.0014982704,25.145674675,24.3723790922,24.5267674202
2955.0006,24.3840240002,25.0014939375,25.1454832822,24.3723657441,24.5265575178
2956.0001,24.384021759,25.0014896189,25.1452922173,24.3723524345,24.526347975
2957.0004,24.384021759,25.0014853093,25.1451012507,24.3723391473,24.52613854
2958.0001,24.4097919464,25.0014810148,25.1449106494,24.372325901,24.5259295056
2959.0001,24.4097919464,25.0014767314,25.1447202414,24.3723126837,24.5257206833
2959.9997,24.4097919464,25.0014724621,25.1445301596,24.3722995044,24.5255122187
2960.9997,24.3663635254,25.0014682034,25.1443402516,24.3722863527,24.5253039446
2962.0003,24.3663635254,25.0014639545,25.1441504793,24.3722732257,24.5250958195
2962.9999,24.3663635254,25.0014597221,25.1439611459,24.3722601444,24.5248881756
2964.0003,24.3582523825,25.0014554986,25.1437719099,24.3722470852,24.5246806386
2965.0003,24.3582515717,25.001451289,25.1435829981,24.3722340636,24.5244734572
2966.0001,24.4247370025,25.0014470924,25.1433943723,24.372221077,24.5242665894
2967.0001,24.4247436523,25.0014429071,25.1432059567,24.3722081201,24.5240599521
2968.0007,24.4247436523,25.0014387314,25.1430176758,24.3721951875,24.5238534625
2968.9999,24.4197692871,25.0014345736,25.1428299053,24.3721823052,24.5236475327
2970.0003,24.4197692871,25.0014304229,25.1426421563,24.3721694394,24.5234416265
2971.0001,24.4197692871,25.0014262866,25.1424547665,24.3721566132,24.5232361143
2972.0001,24.4002170563,25.0014221615,25.1422675855,24.3721438164,24.5230308309
2972.9998,24.4002170563,25.0014180495,25.1420807064,24.3721310551,24.5228258788
2974.0005,24.4002170563,25.0014139454,25.1418938863,24.3721183128,24.5226209913
2974.9999,24.3971083891,25.0014098584,25.141707554,24.3721056187,24.5224166388
2975.9999,24.397108078,25.0014057808,25.1415213547,24.3720929486,24.5222124322
2977.0007,24.397108078,25.0014017117,25.1413352515,24.3720802997,24.5220083309
2977.9999,24.4166927338,25.0013976609,25.1411496899,24.3720677025,24.5218048237
2979.0007,24.4166927338,25.0013936153,25.1409640754,24.3720551164,24.5216012584
2979.9999,24.4166927338,25.0013895879,25.1407790012,24.3720425817,24.5213982857
2981.0003,24.3517913818,25.0013855673,25.1405939481,24.3720300631,24.5211953361
2982.0007,24.3517913818,25.0013815584,25.1404091383,24.3720175756,24.5209926533
2983,24.4297407348,25.0013775654,25.1402247742,24.3720051328,24.5207904593
2984.0001,24.4297485352,25.0013735808,25.1400405048,24.371992711,24.5205883693
2984.9998,24.4297485352,25.0013696093,25.1398565512,24.3719803249,24.5203866255
2986.0005,24.3732395172,25.0013656453,25.1396726556,24.3719679573,24.5201849454
2987.0007,24.3732395172,25.0013616948,25.1394890935,24.3719556266,24.5199836309
2987.9997,24.3732395172,25.0013577604,25.1393059924,24.3719433412,24.5197828221
2988.9997,24.3837432861,25.0013538335,25.1391229487,24.3719310741,24.5195820763
2990.0004,24.3837432861,25.0013499152,25.1389400177,24.3719188289,24.519381454
2990.9997,24.3837432861,25.0013460137,25.1387575826,24.3719066312,24.5191813757
2992.0007,24.3921375275,25.0013421168,25.1385750773,24.3718944431,24.5189812203
2992.9997,24.3921375275,25.001338239,25.138393176,24.3718823096,24.5187817273
2993.9996,24.3921375275,25.001334369,25.13821135,24.3718701952,24.5185823169
2995.0001,24.4175949097,25.0013305077,25.1380296539,24.3718581038,24.5183830489
2995.9999,24.4175949097,25.0013266604,25.1378483235,24.3718460508,24.5181841821
2997,24.4175949097,25.001322823,25.1376671771,24.3718340241,24.517985517
2998.0007,24.3983230591,25.0013189945,25.1374861603,24.3718220201,24.5177869941
2998.9997,24.3983230591,25.0013151835,25.1373056883,24.3718100663,24.5175890687
3000.0001,24.4011497498,25.0013113782,25.1371252009,24.3717981254,24.5173911263
3001.0007,24.4011497498,25.0013075831,25.1369449147,24.3717862119,24.5171934046
3002.0003,24.4011497498,25.0013038028,25.1367650453,24.3717743398,24.5169961401
3003.0001,24.3622951508,25.0013000327,25.1365853763,24.3717624948,24.5167990953
3004.0007,24.3622951508,25.0012962705,25.1364057999,24.3717506698,24.516602152
3005.0007,24.3622951508,25.0012925214,25.136226567,24.3717388812,24.5164055855
3005.9997,24.3837432861,25.0012887869,25.1360477484,24.3717271337,24.5162094734
3006.9997,24.3837432861,25.0012850594,25.135868986,24.3717154036,24.5160134229
3007.9999,24.3837432861,25.001281342,25.1356904228,24.3717037003,24.5158175908
3009.0001,24.3989753723,25.0012776354,25.1355120942,24.3716920261,24.5156220161
3010.0003,24.3989753723,25.0012739394,25.1353340001,24.3716803809,24.5154266984
3011.0003,24.3989753723,25.0012702549,25.1351561755,24.3716687669,24.5152316764
3012.0007,24.3355846405,25.0012665796,25.1349785135,24.3716571771,24.5150368328
3013.0007,24.3355846405,25.0012629164,25.1348011561,24.3716456208,24.514842323
3013.9999,24.3355846405,25.0012592667,25.1346241732,24.3716341024,24.5146482242
3015.0001,24.4147949219,25.0012556239,25.134447246,24.3716226011,24.5144541863
3016.0005,24.4147949219,25.0012519909,25.1342705159,24.371611126,24.5142603647
3017.0007,24.3942813873,25.0012483692,25.1340940535,24.3715996818,24.5140668365
3018.0001,24.3942813873,25.0012447608,25.1339179638,24.3715882751,24.5138737172
3018.9997,24.3942813873,25.0012411621,25.1337420701,24.3715768944,24.5136808129
3020.0003,24.3694458008,25.0012375703,25.1335662319,24.3715655307,24.5134879694
3020.9997,24.3694458008,25.0012339931,25.1333908354,24.3715542088,24.5132956102
3021.9997,24.3694458008,25.0012304241,25.133215564,24.3715429082,24.5131033884
3023.0005,24.4073677063,25.0012268626,25.1330403831,24.3715316267,24.5129112657
3024.0001,24.4073677063,25.0012233157,25.1328656421,24.3715203867,24.5127196255
3025.0003,24.4073677063,25.0012197769,25.132691026,24.3715091679,24.5125281222
3026.0007,24.3828111402,25.0012162477,25.1325166045,24.3714979747,24.5123368324
3027.0001,24.3828086853,25.0012127321,25.1323425862,24.3714868205,24.5121459849
3027.9997,24.3828086853,25.001209226,25.1321687618,24.3714756917,24.5119553499
3029.0001,24.3573188782,25.0012057273,25.1319950268,24.3714645817,24.511764813
3030.0005,24.3573188782,25.0012022387,25.1318215202,24.3714534993,24.5115745265
3031.0001,24.3573188782,25.001198763,25.1316483801,24.3714424533,24.5113846421
3032.0007,24.379699707,25.0011952938,25.1314752946,24.3714314237,24.5111948175
3033.0005,24.379699707,25.0011918374,25.1313025748,24.3714204303,24.5110053939
3033.9998,24.379699707,25.0011883928,25.131130168,24.3714094697,24.5108163137
3035.0002,24.3293755291,25.0011849544,25.1309577983,24.3713985242,24.5106272741
3036.0003,24.3293704987,25.0011815269,25.1307857067,24.3713876092,24.5104385395
3036.9997,24.3663598242,25.0011781117,25.1306139614,24.371376729,24.5102501848
3037.9999,24.3663635254,25.0011747037,25.1304423045,24.3713658671,24.5100619269
3039.0005,24.3663635254,25.0011713041,25.1302708047,24.3713550278,24.5098738413
3039.9999,24.3735141754,25.0011679185,25.1300997356,24.3713442284,24.5096862282
3041.0005,24.3735141754,25.0011645386,25.1299286862,24.3713334429,24.5094986366
3042.0007,24.3735141754,25.0011611699,25.1297579299,24.3713226886,24.5093113664
3043.0001,24.4002170563,25.0011578135,25.1295875343,24.3713119695,24.5091244919
3044.0005,24.4002170563,25.0011544635,25.1294171923,24.3713012663,24.5089376761
3045.0003,24.4002170563,25.0011511253,25.1292471762,24.3712905961,24.5087512178
3046.0007,24.4126186371,25.0011477946,25.1290772817,24.371279946,24.5085648927
3047,24.4126186371,25.0011444773,25.1289077968,24.3712693341,24.508379017
3048.0005,24.4126186371,25.0011411656,25.1287383314,24.3712587358,24.5081931626
3048.9997,24.3980460446,25.0011378677,25.1285693086,24.3712481776,24.5080077935
3050.0002,24.3980445862,25.0011345751,25.1284002882,24.3712376319,24.5078224271
3051.0005,24.3980445862,25.0011312927,25.1282315237,24.3712271144,24.5076373414
3051.9999,24.3906478882,25.0011280227,25.1280631326,24.3712166326,24.5074526652
3053.0001,24.3906478882,25.0011247596,25.127894828,24.3712061684,24.5072680839
3054.0003,24.4008740691,25.0011215059,25.1277267447,24.3711957302,24.5070837453
3055.0009,24.4008750916,25.0011182603,25.1275588152,24.3711853138,24.5068995753
3056.0001,24.4008750916,25.0011150286,25.1273913409,24.3711749378,24.5067159046
3056.9997,24.4514751434,25.001111805,25.1272240196,24.3711645834,24.5065324017
3058,24.4514751434,25.0011085885,25.1270568012,24.3711542475,24.5063490115
3059.0001,24.4514751434,25.0011053819,25.1268898359,24.3711439393,24.506165899
3060.0004,24.3999456421,25.0011021839,25.1267230567,24.3711336547,24.5059829906
3061,24.3999404907,25.0010989975,25.1265566132,24.3711234028,24.5058004503
3061.9997,24.3999404907,25.0010958199,25.1263903716,24.3711131753,24.5056181316
3063.0005,24.3362528542,25.001092648,25.1262241659,24.371102962,24.5054358521
3064.0007,24.3362464905,25.0010894872,25.1260582782,24.3710927802,24.5052539214
3065.0001,24.3362464905,25.0010863381,25.125892741,24.3710826318,24.505072375
3065.9997,24.4051933289,25.0010831974,25.125727388,24.3710725066,24.5048910308
3067.0003,24.4051933289,25.0010800627,25.1255620871,24.3710623964,24.5047097437
3068.0003,24.4051933289,25.0010769389,25.1253971025,24.3710523174,24.5045288034
3069.0001,24.4011501542,25.0010738248,25.1252323677,24.3710422655,24.504348137
3070.0008,24.4011497498,25.0010707169,25.1250677012,24.3710322295,24.5041675456
3071.0001,24.3713378906,25.0010676223,25.1249034811,24.3710222324,24.5039874439
3071.9999,24.3713378906,25.0010645352,25.1247393947,24.3710122551,24.5038074886
3072.9999,24.3713378906,25.0010614563,25.1245754911,24.3710023007,24.5036277339
3074.0006,24.3921375275,25.0010583842,25.1244116884,24.370992364,24.5034480898
3074.9999,24.3921375275,25.0010553253,25.1242483297,24.3709824659,24.5032689327
3076.0003,24.3921375275,25.0010522718,25.1240850061,24.3709725814,24.503089814
3076.9997,24.3865743482,25.0010492303,25.1239220601,24.3709627314,24.5029111095
3078.0001,24.3865737915,25.0010461945,25.1237591653,24.370952896,24.5027324612
3079.0003,24.3865737915,25.001043168,25.1235965172,24.3709430871,24.5025540834
3079.9997,24.3694458008,25.0010401528,25.1234342127,24.3709333103,24.5023760824
3081.0007,24.3694458008,25.0010371414,25.1232718619,24.3709235421,24.5021980307
3082.0002,24.3694458008,25.0010341433,25.1231099676,24.3709138129,24.5020204795
3083.0007,24.3713378906,25.0010311508,25.1229481241,24.3709040981,24.5018429842
3084.0005,24.3713378906,25.0010281691,25.1227866065,24.3708944142,24.5016658462
3084.9999,24.3713378906,25.0010251972,25.1226253655,24.3708847582,24.5014890116
3086.0005,24.3896827698,25.0010222304,25.122464143,24.3708751147,24.5013121973
3086.9999,24.3896827698,25.0010192756,25.1223033255,24.3708655066,24.5011358272
3088.0003,24.3837432861,25.0010163265,25.1221425586,24.3708559128,24.5009595124
3088.9999,24.3837432861,25.0010133882,25.1219821313,24.3708463505,24.5007835702
3090.0006,24.3837432861,25.0010104553,25.1218217385,24.3708368014,24.5006076659
3091.0005,24.392136688,25.0010075331,25.1216616846,24.3708272837,24.5004321331
3092.0007,24.3921375275,25.0010046185,25.1215017931,24.3708177868,24.5002567785
3092.9997,24.3921375275,25.0010017158,25.1213423031,24.3708083248,24.5000818642
3093.9999,24.3732395172,25.0009988181,25.1211828313,24.370798875,24.4999069699
3094.9997,24.3732395172,25.0009959299,25.1210236327,24.3707894524,24.4997323752
3096.0003,24.3732395172,25.0009930477,25.1208645161,24.3707800457,24.4995578705
3097.0003,24.3927898407,25.0009901756,25.120705704,24.370770668,24.4993836996
3098.0005,24.3927898407,25.0009873112,25.1205470688,24.3707613118,24.4992097228
3099.0005,24.3927898407,25.0009844557,25.1203886738,24.3707519806,24.4990360094
3099.9998,24.4175924277,25.0009816105,25.1202305976,24.3707426791,24.4988626456
3101.0005,24.4175949097,25.0009787694,25.1200725078,24.3707333878,24.4986892671
3101.9998,24.4175949097,25.0009759406,25.1199148467,24.3707241324,24.4985163585
3103.0001,24.3980445862,25.0009731171,25.1197572352,24.3707148908,24.4983435044
3103.9997,24.3980445862,25.0009703038,25.1195999409,24.3707056787,24.4981709981
3105.0001,24.3980445862,25.0009674964,25.1194427275,24.370696482,24.4979985807
3106.0003,24.3629512787,25.0009646976,25.1192857522,24.37068731,24.4978264243
3107.0007,24.3629512787,25.0009619064,25.1191289518,24.370678159,24.4976544598
3108.0003,24.397108078,25.0009591255,25.1189724828,24.3706690381,24.4974828585
3109,24.397108078,25.0009563523,25.1188162035,24.3706599388,24.4973114656
3110.0001,24.397108078,25.000953586,25.1186600672,24.3706508585,24.4971402293
3111.0005,24.3725509644,25.000950827,25.1185040893,24.3706417981,24.4969691668
3111.9999,24.3725509644,25.0009480786,25.1183484721,24.3706327692,24.4967984998
3113.0004,24.3725509644,25.0009453352,25.1181928882,24.3706237528,24.4966278694
3114.0001,24.4073677063,25.0009426019,25.1180376331,24.370614766,24.4964575995
3115.0001,24.4073677063,25.0009398757,25.1178825354,24.3706057989,24.4962875023
3116.0003,24.4073677063,25.0009371568,25.1177276105,24.3705968522,24.4961175946
3116.9999,24.4104458591,25.0009344475,25.117572982,24.3705879331,24.495948012
3118.0005,24.410446167,25.0009317432,25.1174184022,24.3705790272,24.4957784828
3119.0007,24.410446167,25.0009290479,25.1172640873,24.370570147,24.4956092441
3120.0001,24.385641098,25.0009263625,25.1171100984,24.370561296,24.4954403629
3121.0003,24.385641098,25.0009236827,25.1169561887,24.3705524599,24.4952715686
3122.0009,24.385641098,25.0009210096,25.1168024198,24.3705436422,24.4951029287
3123.0006,24.3927898407,25.0009183467,25.1166489911,24.3705348543,24.494934662
3124.0003,24.3927898407,25.0009156914,25.116495764,24.3705260883,24.4947666163
3125.0003,24.3911705017,25.0009130431,25.1163426922,24.3705173414,24.4945987409
3126.0003,24.3911705017,25.0009104023,25.1161898216,24.3705086162,24.4944310862
3127.0003,24.3911705017,25.0009077693,25.1160371519,24.3704999127,24.4942636518
3128.0003,24.3324813843,25.0009051438,25.1158846827,24.3704912308,24.4940964373
3129.0005,24.3324813843,25.0009025254,25.1157323835,24.3704825687,24.4939294092
3129.9999,24.3324813843,25.0008999167,25.115580406,24.3704739351,24.493762734
3131.0005,24.3424577279,25.0008973124,25.115428446,24.3704653126,24.4935960779
3132.0004,24.342458725,25.0008947174,25.1152767918,24.3704567175,24.4934297572
3132.9997,24.342458725,25.0008921315,25.1151254277,24.3704481489,24.4932637547
3134.0001,24.3989753723,25.0008895503,25.1149740961,24.3704395921,24.4930977878
3135.0001,24.3989753723,25.0008869775,25.1148230237,24.3704310601,24.4929321053
3136.0007,24.3989753723,25.0008844106,25.1146720595,24.3704225441,24.4927665412
3136.9998,24.4051927066,25.000881855,25.1145215195,24.370414062,24.4926014426
3138.0007,24.4051933289,25.0008793022,25.1143709065,24.3704055857,24.4924362638
3139.0001,24.4051933289,25.0008767606,25.1142207169,24.3703971432,24.4922715493
3139.9999,24.3641951563,25.0008742253,25.1140706645,24.3703887182,24.4921069854
3140.9999,24.3641910553,25.0008716969,25.1139207793,24.3703803125,24.4919426047
3141.9999,24.4402828217,25.0008691758,25.113771091,24.3703719277,24.4917784401
3142.9999,24.4402828217,25.0008666619,25.1136215994,24.3703635637,24.4916144911
3143.9997,24.4402828217,25.0008641559,25.113472334,24.3703552222,24.4914507903
3145.0007,24.397108078,25.000861654,25.113323086,24.3703468913,24.4912871085
3146.0009,24.397108078,25.0008591615,25.1131741533,24.3703385879,24.4911237725
3147.0008,24.397108078,25.0008566768,25.1130254609,24.3703303075,24.4909607001
3148.0002,24.4126170853,25.0008542006,25.112877038,24.3703220518,24.4907979233
3149.0006,24.4126186371,25.0008517291,25.1127286619,24.3703138084,24.4906351977
3149.9999,24.4126186371,25.0008492674,25.1125806436,24.3703055945,24.4904728645
3151.0001,24.3968334198,25.0008468107,25.1124326867,24.3702973937,24.4903105987
3152.0003,24.3968334198,25.000844361,25.1122849241,24.3702892132,24.490148546
3152.9999,24.3968334198,25.0008419199,25.1121374443,24.3702810579,24.4899868034
3154.0007,24.3940010071,25.000839483,25.1119899814,24.3702729131,24.4898250794
3155.0007,24.3940010071,25.000837055,25.1118428301,24.370264795,24.4896636971
3156.0003,24.3940010071,25.0008346351,25.111695931,24.3702567003,24.4895025913
3157.0005,24.3949661255,25.0008322206,25.1115491367,24.3702486209,24.4893416006
3157.9997,24.3949661255,25.0008298156,25.1114026819,24.3702405696,24.4891809821
3159.0009,24.384677887,25.0008274127,25.1112561267,24.3702325223,24.4890202536
3159.9997,24.384677887,25.0008250225,25.111110115,24.3702245142,24.4888601211
3161.0007,24.384677887,25.000822634,25.1109639739,24.3702165083,24.4886998467
3162.0007,24.3989739427,25.0008202548,25.1108181708,24.3702085304,24.4885399429
3162.9999,24.3989753723,25.0008178843,25.1106726756,24.3702005786,24.488380377
3164.0002,24.3989753723,25.0008155181,25.1105272117,24.3701926378,24.4882208451
3165.0003,24.3620452881,25.0008131592,25.1103819679,24.3701847183,24.4880615548
3165.9999,24.3620452881,25.0008108083,25.1102369875,24.3701768225,24.4879025534
3166.9997,24.3620452881,25.0008084638,25.1100921685,24.3701689447,24.487743729
3168.0005,24.4051933289,25.0008061237,25.1099473952,24.3701610786,24.4875849547
3168.9998,24.4051933289,25.0008037938,25.1098030289,24.3701532438,24.4874266267
3170.0007,24.4051933289,25.000801467,25.1096586214,24.3701454159,24.4872682535
3171.0003,24.3542098999,25.0007991499,25.1095145911,24.3701376176,24.487110294
3172.0001,24.3542098999,25.0007968391,25.1093707211,24.3701298372,24.4869525104
3173.0002,24.3542098999,25.0007945342,25.1092269971,24.3701220737,24.4867948868
3173.9997,24.3880958557,25.0007922374,25.109083548,24.3701143342,24.4866375648
3175.0003,24.3880958557,25.0007899447,25.1089401297,24.3701066054,24.4864802765
3175.9997,24.3880958557,25.0007876614,25.1087970717,24.370098905,24.4863233833
3177.0005,24.3843997834,25.0007853815,25.1086540015,24.370091213,24.4861664768
3177.9999,24.3843994141,25.0007831113,25.1085113192,24.3700835508,24.4860099957
3179.0005,24.3486499786,25.0007808451,25.1083686533,24.3700758985,24.4858535325
3180.0003,24.3486499786,25.0007785871,25.1082262887,24.3700682713,24.4856973999
3181.0005,24.3486499786,25.0007763349,25.1080840544,24.3700606601,24.4855414101
3182.0006,24.4104399886,25.0007740893,25.1079420212,24.3700530684,24.4853856409
3183.0007,24.410446167,25.0007718502,25.1078001746,24.3700454957,24.4852300763
3184.0003,24.410446167,25.0007696188,25.1076585852,24.3700379455,24.4850747938
3184.9996,24.3703784943,25.0007673944,25.1075172242,24.3700304163,24.4849197618
3185.9997,24.3703784943,25.0007651748,25.1073759359,24.3700228998,24.4847648094
3187.0003,24.3703784943,25.0007629604,25.1072347627,24.3700153983,24.4846099834
3188.0005,24.3452968597,25.0007607533,25.1070938314,24.3700079183,24.4844554227
3189.0009,24.3452968597,25.0007585522,25.1069530573,24.3700004555,24.4843010343
3190.0007,24.3452968597,25.0007563587,25.1068125525,24.3699930156,24.4841469412
3191.0007,24.4051933289,25.0007541712,25.1066722041,24.3699855928,24.4839930198
3192.0001,24.4051933289,25.0007519912,25.1065321243,24.3699781928,24.4838393928
3193.0001,24.4051933289,25.0007498163,25.1063921445,24.3699708068,24.4836858755
3194.0002,24.3921375275,25.0007476475,25.1062523346,24.3699634384,24.4835325446
3195.0005,24.3921375275,25.0007454845,25.1061126805,24.3699560868,24.4833793846
3196.0001,24.3250522614,25.0007433292,25.1059733076,24.3699487586,24.4832265329
3197.0007,24.3250522614,25.0007411781,25.1058339785,24.3699414413,24.4830737293
3197.9999,24.3250522614,25.0007390361,25.1056950272,24.3699341524,24.48292134
3198.9997,24.3579750061,25.0007368991,25.105556175,24.3699268772,24.4827690595
3200.0006,24.3579750061,25.0007347659,25.1054173528,24.3699196121,24.4826168118
3200.9997,24.3579750061,25.0007326428,25.1052789623,24.3699123781,24.4824650375
3201.9997,24.3508243561,25.0007305238,25.1051406291,24.3699051555,24.4823133261
3202.9999,24.3508243561,25.0007284105,25.10500245,24.3698979495,24.4821617837
3203.9999,24.3508243561,25.0007263038,25.1048644801,24.3698907628,24.4820104708
3205.0001,24.3579750061,25.0007242028,25.104726664,24.3698835925,24.4818593264
3206.0001,24.3579750061,25.0007221082,25.1045890565,24.3698764414,24.4817084109
3207.0006,24.3579750061,25.0007200187,25.1044515611,24.3698693045,24.4815576183
3208.0009,24.3825340271,25.0007179356,25.1043142739,24.3698621868,24.4814070541
3209.0007,24.3825340271,25.0007158596,25.1041772357,24.3698550904,24.4812567629
3210.0007,24.3825340271,25.0007137892,25.1040403501,24.3698480101,24.4811066391
3211.0005,24.3825340271,25.0007117252,25.1039036717,24.3698409488,24.4809567425
3212.0007,24.3825340271,25.0007096663,25.1037671182,24.3698339023,24.480806983
3213.0001,24.3517913818,25.000707615,25.1036308533,24.3698268789,24.4806575399
3213.9999,24.3517913818,25.0007055689,25.1034947129,24.3698198701,24.4805082333
3215.0007,24.3517913818,25.0007035266,25.1033586154,24.3698128717,24.4803589738
3216.0001,24.4288100425,25.0007014931,25.1032228868,24.3698059005,24.480210119
3217.0005,24.428817749,25.0006994634,25.103087201,24.3697989396,24.480061311
3218.0007,24.428817749,25.00069744,25.1029517206,24.3697919974,24.4799127283
3218.9997,24.4443248483,25.0006954249,25.1028165805,24.3697850808,24.4797645188
3220.0005,24.4443264008,25.0006934119,25.1026813748,24.3697781689,24.4796162373
3220.9997,24.4443264008,25.000691408,25.1025465626,24.3697712852,24.4794683874
3222,24.3813291586,25.0006894077,25.1024117793,24.369764411,24.4793205692
3223.0005,24.3813228607,25.0006874128,25.1022771462,24.3697575526,24.4791729157
3224,24.3813228607,25.0006854257,25.1021428244,24.369750718,24.4790256037
3225.0003,24.367023468,25.0006834427,25.1020085717,24.3697438949,24.4788783674
3225.9997,24.367023468,25.0006814672,25.1018746161,24.3697370949,24.4787314569
3227.0001,24.367023468,25.0006794955,25.1017407025,24.369730305,24.4785845926
3228.0006,24.3660888672,25.0006775293,25.1016069517,24.3697235313,24.4784379067
3229.0005,24.3660888672,25.0006755699,25.1014734567,24.3697167785,24.4782915014
3230.0001,24.342458725,25.0006736168,25.1013401771,24.3697100445,24.4781453323
3231.0002,24.342458725,25.0006716683,25.101207006,24.3697033238,24.4779992823
3232.0005,24.342458725,25.0006697252,25.1010739833,24.3696966185,24.477853395
3233.0003,24.3362464905,25.0006677886,25.1009412019,24.3696899332,24.4777077722
3233.9999,24.3362464905,25.0006658579,25.1008086213,24.3696832658,24.4775623698
3234.9997,24.3362464905,25.0006639325,25.1006761885,24.3696766137,24.4774171294
3236.0003,24.3557987213,25.0006620111,25.1005438238,24.3696699727,24.4772719638
3237.0007,24.3557987213,25.0006600957,25.1004116596,24.3696633496,24.477127018
3238.0001,24.3557987213,25.0006581877,25.100279801,24.3696567496,24.4769824073
3239.0003,24.3455696106,25.0006562837,25.1001480102,24.3696501606,24.476837871
3240.0003,24.3455696106,25.0006543856,25.1000164189,24.3696435894,24.4766935535
3240.9999,24.3455696106,25.0006524937,25.099885053,24.3696370371,24.4765494832
3242.0003,24.3775272369,25.0006506058,25.0997537547,24.3696304958,24.4764054871
3243.0005,24.3775272369,25.0006487238,25.0996226553,24.3696239721,24.476261709
3243.9997,24.3775272369,25.000646849,25.0994918589,24.3696174711,24.4761182633
3245.0001,24.3703784943,25.0006449774,25.0993610775,24.3696109784,24.475974834
3245.9999,24.3703784943,25.0006431124,25.0992305463,24.3696045058,24.4758316791
3246.9997,24.3703784943,25.0006412528,25.0991001866,24.3695980492,24.4756887123
3248.0001,24.3663639267,25.0006393974,25.09896992,24.3695916048,24.4755458477
3248.9999,24.3663635254,25.0006375485,25.0988399027,24.3695851803,24.4754032563
3250.0001,24.3452968597,25.0006357042,25.0987100042,24.3695787692,24.4752607954
3251.0001,24.3452968597,25.0006338656,25.0985803024,24.3695723753,24.4751185501
3251.9999,24.3452968597,25.0006320327,25.0984507969,24.3695659985,24.4749765201
3253.0001,24.3660888672,25.0006302043,25.0983214098,24.369559635,24.47483462
3254.0003,24.3660888672,25.0006283813,25.0981921928,24.3695532873,24.4746929064
3255.0003,24.3660888672,25.0006265639,25.0980631713,24.3695469567,24.4745514073
3255.9999,24.3949661255,25.0006247525,25.0979343709,24.3695406443,24.4744101506
3256.9997,24.3949661255,25.0006229459,25.097805714,24.3695343463,24.4742690513
3258.0009,24.3949661255,25.0006211421,25.0976770463,24.3695280552,24.4741279401
3259.0001,24.3517913818,25.000619347,25.0975488043,24.3695217923,24.4739872959
3260.0003,24.3517913818,25.0006175554,25.0974206027,24.3695155386,24.4738466958
3261,24.3517913818,25.0006157698,25.0972926335,24.3695093036,24.4737063507
3262.0007,24.358937503,25.0006139876,25.0971647046,24.3695030778,24.4735660498
3262.9997,24.3589382172,25.0006122136,25.0970371608,24.3694968781,24.4734261713
3264.0007,24.3589382172,25.0006104412,25.0969095297,24.3694906814,24.4732861969
3265.0003,24.3722743988,25.0006086764,25.0967822445,24.3694845087,24.473146602
3266.0007,24.3722743988,25.0006069153,25.0966550249,24.3694783465,24.473007079
3266.9997,24.3834972382,25.0006051617,25.0965281502,24.3694722081,24.4728679342
3268.0005,24.3834972382,25.00060341,25.0964012138,24.369466074,24.4727287219
3269.0003,24.3834972382,25.0006016652,25.096274571,24.3694599612,24.4725898314
3270.0003,24.3629533331,25.000599925,25.0961480693,24.3694538623,24.4724510957
3271.0003,24.3629512787,25.0005981899,25.0960217337,24.3694477787,24.4723125423
3271.9999,24.3629512787,25.0005964605,25.0958956147,24.3694417125,24.4721742262
3272.9999,24.3300299187,25.0005947354,25.0957696109,24.369435659,24.4720360366
3274.0007,24.3300266266,25.000593014,25.095643672,24.3694296157,24.4718979182
3275.0007,24.3300266266,25.0005912988,25.0955179993,24.3694235923,24.4717600916
3276.0001,24.3548959643,25.0005895897,25.0953925669,24.3694175874,24.4716225287
3276.9997,24.3548984528,25.0005878852,25.0952672742,24.3694115962,24.4714851189
3278.0001,24.3548984528,25.0005861842,25.095142046,24.3694056151,24.4713477799
3278.9999,24.367023468,25.0005844892,25.0950170573,24.3693996524,24.4712107036
3280.0008,24.367023468,25.0005827972,25.0948920956,24.3693936981,24.4710736568
3280.9997,24.367023468,25.0005811135,25.0947675475,24.3693877703,24.4709370636
3282.0003,24.3303392833,25.0005794318,25.0946429513,24.3693818473,24.4708004177
3283.0009,24.3303356171,25.0005777549,25.0945185189,24.3693759389,24.4706639515
3283.9997,24.3278846741,25.0005760859,25.0943944735,24.3693700558,24.4705279096
3285.0003,24.3278846741,25.0005744188,25.0942703678,24.3693641768,24.4703918016
3286.0009,24.3278846741,25.0005727564,25.0941464252,24.3693583124,24.4702558726
3286.9999,24.3231835303,25.0005711015,25.0940228434,24.3693524719,24.4701203392
3288.0007,24.3231830597,25.0005694485,25.0938992016,24.3693466353,24.46998474
3289.0005,24.3231830597,25.0005678018,25.0937758457,24.3693408192,24.4698494543
3290.0004,24.3384174368,25.0005661598,25.0936526395,24.3693350168,24.4697143329
3291,24.3384189606,25.000564523,25.0935296321,24.3693292307,24.4695794294
3292,24.3384189606,25.0005628903,25.0934067371,24.3693234565,24.4694446493
3293.0007,24.3147926331,25.0005612611,25.0932839178,24.3693176927,24.4693099521
3294.0001,24.3147926331,25.0005596388,25.0931614192,24.3693119507,24.4691756066
3295.0005,24.3147926331,25.0005580196,25.0930389591,24.3693062172,24.4690413034
3296.0007,24.3414993286,25.0005564054,25.0929166844,24.3693004991,24.4689072035
3297.0001,24.3414993286,25.0005547971,25.092794668,24.3692947998,24.468773387
3298.0003,24.3414993286,25.0005531922,25.0926727144,24.3692891101,24.4686396392
3298.9996,24.3763469153,25.0005515933,25.0925510306,24.3692834396,24.4685061873
3300.0001,24.3763504028,25.0005499972,25.0924293607,24.3692777764,24.4683727507
3301.0006,24.405190446,25.0005484057,25.0923078507,24.3692721272,24.4682394896
3302.0007,24.4051933289,25.0005468195,25.092186549,24.3692664944,24.4681064568
3302.9998,24.4051933289,25.0005452394,25.0920655278,24.3692608811,24.4679737316
3304.0005,24.3751079109,25.0005436613,25.091944472,24.3692552729,24.4678409684
3305,24.3751049042,25.0005420897,25.0918237202,24.3692496852,24.4677085388
3305.9999,24.3751049042,25.000540522,25.0917030788,24.3692441093,24.4675762301
3307.0005,24.4021129608,25.0005389578,25.0915825116,24.3692385432,24.4674440029
3308.0005,24.4021129608,25.000537399,25.0914621751,24.3692329944,24.4673120286
3308.9997,24.4021129608,25.000535846,25.0913420928,24.3692274637,24.4671803331
3310.0003,24.3918266296,25.0005342953,25.0912220002,24.369221939,24.4670486264
3311.0009,24.3918266296,25.000532749,25.0911020655,24.3692164281,24.4669170928
3312.0003,24.3918266296,25.0005312091,25.0909824321,24.3692109375,24.4667858896
3313.0007,24.4204235077,25.0005296722,25.0908628362,24.369205455,24.4666547277
3313.9999,24.4204235077,25.0005281415,25.0907435408,24.3691999927,24.4665238952
3315,24.4204235077,25.0005266138,25.0906242947,24.369194539,24.4663931169
3315.9997,24.4030475616,25.0005250912,25.090505253,24.3691891011,24.4662625626
3317.0006,24.4030475616,25.0005235712,25.090386225,24.3691836701,24.4661320234
3318.0003,24.4030475616,25.0005220573,25.090267496,24.3691782592,24.4660018121
3319.0007,24.413274765,25.0005205468,25.0901488399,24.3691728579,24.4658716808
3319.9999,24.413274765,25.0005190425,25.0900304819,24.3691674765,24.4657418764
3320.9999,24.4278831482,25.0005175413,25.0899121847,24.3691621041,24.4656121386
3321.9999,24.4278831482,25.0005160445,25.0897940429,24.3691567451,24.4654825714
3322.9999,24.4278831482,25.000514552,25.0896760564,24.3691513994,24.4653531744
3323.9999,24.3961467743,25.0005130638,25.0895582249,24.369146067,24.4652239474
3325.0007,24.3961467743,25.0005115787,25.0894404542,24.3691407436,24.465094787
3326.0007,24.3961467743,25.0005100991,25.0893229322,24.3691354376,24.4649658996
3327.0005,24.4030468715,25.0005086241,25.0892055882,24.3691301459,24.4648372072
3328.0003,24.4030475616,25.0005071533,25.0890883983,24.3691248674,24.4647086839
3329.0001,24.4030475616,25.0005056868,25.0889713624,24.3691196019,24.4645803294
3330.0004,24.3834972382,25.0005042238,25.0888544218,24.3691143469,24.4644520795
3330.9997,24.3834972382,25.0005027665,25.0887377515,24.3691091102,24.464324126
3332.0007,24.3834972382,25.000501311,25.0886210364,24.3691038776,24.4641961234
3332.9997,24.3775272369,25.0004998625,25.0885047076,24.3690986684,24.4640685444
3334.0009,24.3775272369,25.0004984151,25.0883882757,24.3690934607,24.4639408524
3334.9998,24.3775272369,25.0004969751,25.088272264,24.3690882779,24.4638136212
3336.0003,24.3639144897,25.0004955371,25.0881562191,24.3690830997,24.4636863536
3337.0005,24.3639144897,25.0004941036,25.0880403615,24.3690779359,24.4635592914
3338.0005,24.377248764,25.0004926745,25.0879246792,24.369072786,24.4634324215
3338.9997,24.377248764,25.0004912508,25.0878092413,24.3690676529,24.4633058196
3339.9999,24.377248764,25.0004898297,25.0876938397,24.3690625275,24.4631792575
3341.0003,24.3679561615,25.0004884124,25.0875785667,24.3690574138,24.4630528364
3341.9999,24.3679561615,25.0004870004,25.0874635373,24.3690523168,24.4629266825
3342.9999,24.3679561615,25.0004855919,25.0873486129,24.3690472305,24.4628006438
3343.9997,24.3443279266,25.0004841877,25.0872338626,24.3690421578,24.462674796
3344.9997,24.3443279266,25.0004827873,25.08711924,24.3690370968,24.4625490883
3346.0009,24.3443279266,25.0004813894,25.0870046308,24.3690320422,24.4624233952
3347.0007,24.413274765,25.0004799973,25.0868903324,24.3690270073,24.4622980429
3348.0008,24.413274765,25.000478609,25.0867761498,24.3690219833,24.4621728178
3349.0001,24.413274765,25.0004772257,25.0866622085,24.3690169758,24.4620478572
3350.0001,24.3598709106,25.0004758454,25.0865483371,24.3690119773,24.4619229733
3351.0007,24.3598709106,25.0004744684,25.0864345471,24.3690069882,24.4617981787
3352.0007,24.3598709106,25.0004730961,25.0863209749,24.3690020145,24.4616736228
3353.0005,24.3744506836,25.0004717281,25.0862075745,24.3689970541,24.4615492555
3354.0005,24.3744506836,25.0004703638,25.0860943005,24.3689921051,24.4614250268
3355.0007,24.3980445862,25.0004690031,25.0859811527,24.3689871673,24.4613009365
3355.9997,24.3980445862,25.000467648,25.0858682891,24.3689822477,24.4611771578
3357.0005,24.3980445862,25.0004662944,25.0857553707,24.3689773315,24.4610533191
3358.0005,24.342458725,25.0004649458,25.0856426908,24.3689724315,24.460929742
3359.0007,24.342458725,25.0004636008,25.0855301365,24.3689675426,24.4608063026
3360.0005,24.342458725,25.0004622602,25.0854177751,24.3689626678,24.4606830746
3360.9997,24.3589382172,25.0004609243,25.0853056286,24.3689578081,24.4605600824
3362.0005,24.3589382172,25.0004595902,25.0851934501,24.3689529526,24.4604370551
3363.0001,24.3589382172,25.0004582615,25.0850815533,24.3689481151,24.4603143369
3364.0007,24.377248764,25.0004569353,25.0849696918,24.3689432847,24.4601916572
3365.0005,24.377248764,25.000455614,25.0848580667,24.3689384701,24.4600692368
3365.9999,24.377248764,25.000454297,25.0847466327,24.3689336695,24.4599470261
3367.0005,24.3403148651,25.0004529823,25.0846352116,24.368928875,24.4598248294
3367.9999,24.3403148651,25.000451673,25.0845240703,24.3689240982,24.4597029396
3369.0001,24.3403148651,25.0004503664,25.0844129861,24.3689193294,24.4595811125
3369.9999,24.3436737061,25.0004490641,25.0843020923,24.3689145743,24.4594594941
3371.0005,24.3436737061,25.0004477645,25.0841912556,24.3689098273,24.4593379384
3372.0003,24.3496131897,25.0004464698,25.0840806531,24.3689050959,24.4592166395
3373.0005,24.3496131897,25.0004451782,25.0839701517,24.3689003743,24.4590954515
3374.0001,24.3496131897,25.0004438912,25.0838598616,24.3688956672,24.4589744953
3374.9999,24.3433952332,25.0004426076,25.0837496945,24.368890971,24.4588536739
3376.0003,24.3433952332,25.000441327,25.083639606,24.3688862835,24.4587329388
3376.9997,24.3433952332,25.0004400513,25.0835297721,24.3688816124,24.4586124829
3377.9997,24.3598709106,25.0004387786,25.0834200167,24.3688769501,24.458492113
3378.9999,24.3598709106,25.0004375093,25.0833103835,24.3688722984,24.4583718772
3380.0001,24.3598709106,25.0004362437,25.0832008944,24.3688676583,24.4582517994
3381.0003,24.3703784943,25.0004349817,25.0830915492,24.3688630298,24.4581318794
3382.0004,24.3703784943,25.0004337236,25.0829823587,24.3688584131,24.458012129
3383.0008,24.3703784943,25.0004324686,25.0828732789,24.3688538066,24.4578925001
3384.0005,24.3679561615,25.0004312182,25.0827644187,24.3688492147,24.4577731121
3385.0001,24.3679561615,25.0004299715,25.0826557123,24.3688446347,24.4576538927
3386.0001,24.3679561615,25.000428728,25.0825471053,24.3688400643,24.4575347823
3386.9997,24.3713378906,25.0004274885,25.0824386844,24.368835507,24.457415876
3387.9999,24.3713378906,25.0004262519,25.0823303409,24.3688309583,24.4572970547
3389.0006,24.3713378906,25.0004250182,25.0822220858,24.3688264186,24.4571783302
3390.0007,24.3672985301,25.0004237888,25.0821140378,24.3688218929,24.4570598328
3390.9998,24.3672981262,25.0004225642,25.0820062396,24.368817383,24.4569416095
3392.0001,24.3660888672,25.0004213417,25.0818984537,24.3688128789,24.4568233996
3393.0007,24.3660888672,25.0004201224,25.0817907772,24.3688083846,24.4567053097
3394.0001,24.3660888672,25.000418908,25.0816833711,24.3688039069,24.4565875164
3395.0005,24.3197994232,25.000417696,25.0815759989,24.3687994358,24.4564697602
3396.0007,24.3197994232,25.0004164877,25.0814687892,24.3687949767,24.4563521822
3397.0007,24.3197994232,25.0004152831,25.0813617418,24.3687905296,24.4562347822
3397.9998,24.3269500732,25.0004140831,25.0812549312,24.3687860975,24.456117642
3399.0003,24.3269500732,25.0004128849,25.0811481114,24.3687816702,24.4560004917
3400.0003,24.3269500732,25.0004116907,25.0810414854,24.3687772561,24.4558835538
3401.0005,24.3455696106,25.0004104998,25.0809349781,24.3687728521,24.4557667463
3402.0007,24.3455696106,25.0004093123,25.0808286109,24.3687684591,24.4556500923
3403.0005,24.3455696106,25.0004081287,25.0807224259,24.3687640787,24.4555336381
3404.0007,24.3546199799,25.0004069481,25.080616338,24.3687597074,24.4554172904
3405.0004,24.3546199799,25.0004057715,25.0805104424,24.3687553492,24.4553011537
3406.0001,24.3546199799,25.0004045982,25.0804046859,24.3687510018,24.4551851696
3407.0007,24.3906478882,25.0004034274,25.0802989734,24.3687466613,24.4550692335
3407.9997,24.3906478882,25.0004022617,25.0801935685,24.3687423385,24.454953635
3409.0009,24.3722743988,25.0004010969,25.0800880703,24.368738017,24.4548379341
3410.0003,24.3722743988,25.0003999375,25.0799829003,24.3687337139,24.454722593
3410.9999,24.3722743988,25.0003987813,25.0798778473,24.3687294207,24.4546073803
3411.9997,24.377248764,25.0003976282,25.0797729113,24.3687251372,24.454492296
3413.0001,24.377248764,25.0003964777,25.0796680503,24.3687208619,24.4543772939
3414.0007,24.377248764,25.0003953303,25.0795633063,24.3687165963,24.45426242
3414.9999,24.3722743988,25.0003941878,25.0794588462,24.3687123473,24.4541478576
3415.9999,24.3722743988,25.0003930478,25.0793544398,24.3687081054,24.454033354
3416.9997,24.3722743988,25.0003919112,25.0792501914,24.3687038749,24.4539190238
3418.0003,24.4068107605,25.000390777,25.0791459967,24.3686996515,24.4538047525
3418.9997,24.4068107605,25.0003896475,25.0790420637,24.3686954437,24.4536907681
3419.9997,24.4068107605,25.0003885206,25.078938205,24.3686912438,24.4535768652
3421.0007,24.3937244415,25.0003873958,25.078834379,24.3686870501,24.4534629982
3422.0001,24.3937244415,25.000386276,25.0787308552,24.3686828736,24.4533494627
3423.0001,24.3937244415,25.0003851588,25.0786274054,24.3686787049,24.4532360082
3424.0005,24.3710613251,25.0003840444,25.0785240502,24.3686745449,24.4531226575
3425.0007,24.3710613251,25.0003829334,25.0784208514,24.3686703961,24.4530094784
3426.0004,24.3794242123,25.0003818263,25.0783178398,24.3686662596,24.4528965045
3426.9997,24.3794250488,25.0003807227,25.0782150046,24.3686621351,24.4527837241
3428.0007,24.3794250488,25.0003796205,25.0781121299,24.3686580138,24.4526709004
3429.0003,24.3741727361,25.000378523,25.0780095341,24.3686539085,24.4525583825
3430.0003,24.3741722107,25.0003774282,25.077907032,24.3686498118,24.4524459675
3431.0003,24.3741722107,25.0003763366,25.0778046646,24.3686457252,24.4523337001
3432.0005,24.3548984528,25.0003752479,25.0777024113,24.368641648,24.4522215579
3433.0003,24.3548984528,25.0003741629,25.0776003332,24.3686375825,24.4521096079
3434.0007,24.3548984528,25.0003730803,25.0774983281,24.3686335247,24.4519977378
3435.0001,24.3536549859,25.0003720019,25.0773965588,24.3686294811,24.4518861264
3436.0005,24.3536548615,25.0003709255,25.0772948215,24.3686254434,24.4517745501
3436.9999,24.3536548615,25.0003698534,25.0771933195,24.3686214198,24.4516632318
3437.9999,24.3956203461,25.0003687837,25.0770918899,24.3686174037,24.451551993
3439.0005,24.3956203461,25.0003677165,25.0769905329,24.3686133953,24.4514408337
3439.9997,24.3956203461,25.0003666538,25.0768894506,24.3686094023,24.4513299758
3441.0003,24.3496131897,25.0003655927,25.0767883597,24.3686054138,24.4512191084
3442.0003,24.3496131897,25.0003645353,25.0766874623,24.3686014375,24.4511084531
3443.0003,24.3667451893,25.000363481,25.0765866974,24.3685974711,24.4509979433
3444.0003,24.3667469025,25.0003624298,25.0764860649,24.3685935145,24.4508875786
3445.0007,24.3667469025,25.0003613811,25.0763855244,24.3685895662,24.4507773149
3446.0007,24.3719997406,25.0003603359,25.0762851563,24.3685856293,24.4506672401
3447.0003,24.3719997406,25.0003592942,25.0761849601,24.3685817037,24.4505573539
3448,24.3719997406,25.0003582553,25.0760848855,24.3685777875,24.4504476011
3448.9999,24.3701019287,25.0003572193,25.0759849223,24.3685738802,24.4503379705
3450.0003,24.3701019287,25.0003561857,25.0758850406,24.3685699807,24.4502284293
3451.0007,24.3701019287,25.0003551552,25.0757852902,24.3685660909,24.450119032
3452.0003,24.3741718035,25.0003541284,25.0756857506,24.3685622138,24.4500098659
3453.0002,24.3741722107,25.0003531043,25.0755863118,24.3685583453,24.4499008104
3454.0003,24.3741722107,25.0003520829,25.0754869839,24.3685544855,24.4497918765
3455.0006,24.3629524003,25.0003510643,25.0753877666,24.3685506346,24.4496830639
3455.9997,24.3629512787,25.0003500499,25.0752887986,24.3685467978,24.4495745247
3457.0006,24.3629512787,25.0003490365,25.0751897825,24.3685429637,24.4494659328
3458.0007,24.3393554688,25.000348027,25.0750909757,24.3685391421,24.4493575703
3459.0007,24.3393554688,25.0003470204,25.0749923085,24.3685353304,24.449249361
3460.0005,24.3393554688,25.0003460169,25.0748937907,24.368531529,24.4491413155
3460.9997,24.3925132751,25.000345017,25.0747954613,24.3685277392,24.4490334767
3462.0005,24.3925132751,25.0003440183,25.0746971038,24.3685239529,24.4489256071
3462.9999,24.3617706299,25.0003430239,25.0745990131,24.3685201812,24.44881803
3464.0001,24.3617706299,25.0003420316,25.0745009727,24.3685164159,24.4487105082
3465.0001,24.3617706299,25.0003410424,25.0744030808,24.3685126606,24.4486031491
3465.9997,24.3729324341,25.0003400564,25.0743053566,24.3685089162,24.448495974
3466.9999,24.3729324341,25.0003390727,25.0742077022,24.3685051789,24.4483888754
3468.0001,24.3729324341,25.0003380919,25.0741101762,24.3685014508,24.4482819176
3469,24.3595975861,25.0003371141,25.0740128075,24.3684977331,24.4481751324
3469.9999,24.3595962524,25.0003361392,25.0739155667,24.3684940247,24.4480684875
3471.0007,24.3595962524,25.0003351663,25.0738183663,24.3684903221,24.4479618869
3472.0007,24.4099216461,25.0003341969,25.0737213713,24.3684866317,24.4478555115
3472.9997,24.4099216461,25.0003332313,25.0736246006,24.3684829541,24.4477493821
3474.0007,24.4099216461,25.0003322665,25.0735277635,24.3684792784,24.4476431799
3475.0007,24.4478435516,25.0003313056,25.0734311504,24.3684756154,24.4475372233
3476.0002,24.4478435516,25.0003303478,25.0733347124,24.3684719633,24.4474314588
3477.0001,24.4478435516,25.0003293925,25.0732383625,24.3684683189,24.4473257909
3478.0006,24.3707943679,25.0003284393,25.0731420816,24.3684646813,24.4472201986
3479.0005,24.3707866669,25.0003274895,25.0730459848,24.3684610549,24.4471148083
3479.9997,24.3925132751,25.0003265431,25.0729500814,24.3684574401,24.4470096301
3480.9997,24.3925132751,25.0003255987,25.0728542273,24.3684538313,24.446904506
3482.0003,24.3925132751,25.0003246564,25.0727584418,24.3684502294,24.446799457
3483.0003,24.3782119751,25.0003237174,25.0726628395,24.3684466386,24.446694609
3483.9997,24.3782119751,25.0003227817,25.0725674201,24.3684430588,24.4465899616
3485.0006,24.3782119751,25.0003218473,25.072471983,24.3684394826,24.4464852948
3485.9999,24.3627067825,25.0003209171,25.0723768237,24.3684359209,24.4463809327
3487.0007,24.3627052307,25.0003199882,25.0722816468,24.3684323628,24.4462765512
3488.0007,24.3627052307,25.0003190628,25.072186671,24.3684288164,24.4461723903
3489.0001,24.3682346344,25.0003181405,25.0720918769,24.3684252808,24.4460684287
3489.9999,24.3682346344,25.0003172206,25.0719971694,24.3684217527,24.445964562
3491.0007,24.3682346344,25.0003163024,25.0719024918,24.3684182298,24.4458607281
3492.0005,24.3760700226,25.0003153877,25.0718080331,24.3684147191,24.4457571343
3493.0007,24.3760700226,25.0003144754,25.0717136607,24.3684112158,24.4456536352
3494.0007,24.3760700226,25.0003135659,25.0716194313,24.3684077219,24.4455502928
3495.0001,24.337179184,25.0003126595,25.071525382,24.3684042387,24.445447148
3495.9997,24.337179184,25.0003117556,25.0714314375,24.3684007635,24.4453441181
3497.0003,24.3567618826,25.0003108534,25.0713375226,24.3683972934,24.4452411207
3498.0007,24.3567638397,25.000309954,25.0712437499,24.3683938327,24.4451382792
3499.0001,24.3567638397,25.0003090581,25.071150194,24.368390384,24.4450356755
3500.0007,24.3601474762,25.0003081637,25.0710566488,24.3683869398,24.4449330836
3501.0005,24.3601474762,25.0003072726,25.0709633013,24.3683835068,24.4448307084
3502.0002,24.3601474762,25.0003063841,25.0708700857,24.3683800828,24.444728478
3503.0001,24.3875380779,25.0003054981,25.070776974,24.3683766665,24.4446263614
3504.0006,24.3875408173,25.0003046141,25.0706839288,24.3683732567,24.4445243178
3505.0001,24.3875408173,25.0003037335,25.0705910988,24.3683698587,24.4444225102
3506.0001,24.3536548615,25.0003028551,25.0704983443,24.3683664675,24.4443207855
3506.9997,24.3536548615,25.0003019795,25.0704057487,24.3683630861,24.444219235
3508.0006,24.3536548615,25.0003011053,25.0703131546,24.3683597087,24.4441176861
3509.0001,24.3555526733,25.0003002349,25.0702208115,24.3683563444,24.4440164125
3509.9997,24.3555526733,25.0002993669,25.0701285805,24.3683529881,24.4439152618
3511.0009,24.3555526733,25.0002985,25.0700363232,24.3683496348,24.4438140823
3512.0003,24.3719997406,25.0002976372,25.0699443529,24.3683462958,24.4437132176
3513,24.3719997406,25.0002967766,25.0698524758,24.3683429641,24.443612455
3514.0001,24.3595962524,25.0002959182,25.0697606827,24.3683396394,24.4435117846
3514.9999,24.3595962524,25.0002950625,25.0696690377,24.3683363239,24.4434112766
3516.0001,24.3595962524,25.000294209,25.0695774765,24.3683330153,24.4433108605
3517.0003,24.3440551758,25.0002933579,25.0694860356,24.368329715,24.4432105764
3518.0003,24.3440551758,25.0002925094,25.0693947331,24.3683264235,24.4431104441
3519.0003,24.3440551758,25.0002916634,25.0693035507,24.3683231402,24.4430104433
3520.0001,24.3278846741,25.0002908201,25.0692125062,24.3683198657,24.4429105939
3521.0003,24.3278846741,25.0002899788,25.069121545,24.368316598,24.4428108359
3522.0007,24.3278846741,25.0002891398,25.0690306852,24.3683133378,24.442711189
3522.9999,24.3751049042,25.0002883042,25.0689400535,24.3683100896,24.4426117924
3524.0007,24.3751049042,25.0002874697,25.0688493961,24.3683068442,24.4425123674
3525.0001,24.3751049042,25.0002866388,25.0687589844,24.3683036115,24.442413212
3526.0003,24.386297226,25.0002858096,25.0686686192,24.3683003842,24.4423141076
3527.0005,24.386297226,25.0002849828,25.0685783728,24.3682971649,24.4422151335
3528.0005,24.386297226,25.0002841585,25.068488263,24.3682939542,24.4421163091
3529.0006,24.367025395,25.0002833366,25.0683982626,24.3682907512,24.4420176048
3529.9997,24.367023468,25.0002825179,25.0683084703,24.3682875594,24.4419191287
3531.0005,24.367023468,25.0002817001,25.0682186433,24.3682843701,24.4418206146
3532.0005,24.3210086823,25.0002808854,25.0681290062,24.3682811912,24.4417223086
3533.0003,24.3210086823,25.0002800732,25.0680395047,24.3682780209,24.4416241515
3534.0007,24.3300266266,25.0002792628,25.0679500672,24.3682748565,24.4415260645
3535.0004,24.3300266266,25.0002784554,25.0678608098,24.3682717022,24.4414281749
3536.0003,24.3300266266,25.0002776501,25.0677716517,24.3682685551,24.4413303944
3537.0005,24.3290920258,25.0002768469,25.0676825841,24.3682654149,24.4412327131
3537.9997,24.3290920258,25.0002760469,25.0675937225,24.3682622857,24.4411352576
3538.9999,24.3290920258,25.0002752483,25.0675048887,24.368259161,24.4410378327
3539.9997,24.3636398315,25.0002744524,25.0674162071,24.3682560454,24.4409405748
3541.0005,24.3636398315,25.000273658,25.0673275536,24.3682529344,24.4408433475
3541.9997,24.3636398315,25.0002728671,25.067239158,24.3682498361,24.4407464032
3542.9997,24.3648470625,25.000272078,25.0671508079,24.368246743,24.4406495088
3543.9999,24.3648471832,25.0002712909,25.0670625562,24.368243657,24.4405527223
3544.9999,24.3648471832,25.0002705063,25.0669744381,24.3682405792,24.4404560823
3546.0002,24.3865716197,25.0002697237,25.0668864095,24.3682375082,24.4403595404
3546.9999,24.3865737915,25.0002689438,25.0667985492,24.3682344467,24.4402631831
3548.0005,24.3865737915,25.0002681655,25.0667107254,24.36823139,24.4401668659
3549.0004,24.2940098829,25.00026739,25.0666230784,24.368228343,24.4400707425
3550.0005,24.2940006256,25.0002666166,25.066535529,24.368225303,24.4399747263
3550.9999,24.3446350098,25.0002658459,25.0664481559,24.3682222727,24.4398789032
3551.9997,24.3446350098,25.0002650772,25.0663608625,24.3682192486,24.4397831678
3552.9999,24.3446350098,25.0002643104,25.066273649,24.3682162309,24.4396875199
3554.0003,24.3639144897,25.0002635456,25.0661865327,24.3682132201,24.4395919786
3554.9999,24.3639144897,25.0002627837,25.0660996005,24.3682102192,24.4394966391
3555.9997,24.3639144897,25.0002620238,25.0660127651,24.3682072251,24.4394014058
3557.0003,24.367023468,25.0002612655,25.0659259744,24.368204236,24.4393062216
3557.9999,24.367023468,25.0002605102,25.0658393844,24.3682012574,24.4392112575
3559.0003,24.367023468,25.0002597564,25.0657528389,24.3681982838,24.4391163422
3560.0003,24.3555526733,25.0002590052,25.0656664418,24.3681953187,24.4390215896
3561.0007,24.3555526733,25.0002582558,25.0655801237,24.3681923599,24.4389269237
3562.0001,24.3555526733,25.0002575093,25.0654940051,24.3681894113,24.4388324766
3563.0001,24.3546200731,25.0002567645,25.0654079481,24.3681864683,24.438738097
3563.9997,24.3546199799,25.0002560222,25.0653220385,24.3681835338,24.438643879
3565.0007,24.3546199799,25.000255281,25.0652361216,24.3681806025,24.4385496531
3565.9999,24.3850860596,25.0002545433,25.0651504719,24.3681776837,24.4384557203
3567.0007,24.3850860596,25.0002538065,25.0650647978,24.3681747675,24.4383617607
3568.0004,24.3925125323,25.0002530726,25.0649793304,24.3681718617,24.4382680277
3569.0005,24.3925132751,25.0002523406,25.0648939411,24.368168962,24.4381743803
3570.0007,24.3925132751,25.0002516107,25.0648086555,24.3681660692,24.4380808467
3570.9999,24.3276119232,25.0002508835,25.064723567,24.3681631865,24.4379875294
3572.0002,24.3276119232,25.0002501577,25.0646384968,24.3681603078,24.437894232
3573.0003,24.3276119232,25.0002494341,25.0645535554,24.3681574368,24.4378010759
3573.9999,24.3350326743,25.000248713,25.064468768,24.3681545743,24.4377080887
3574.9999,24.3350334167,25.0002479937,25.064384058,24.3681517179,24.4376151865
3576.0003,24.3350334167,25.0002472761,25.0642994256,24.3681488674,24.4375223693
3577.0002,24.3629484869,25.000246561,25.0642149466,24.3681460253,24.4374297203
3578,24.3629512787,25.0002458481,25.0641305871,24.3681431907,24.4373372024
3579.0005,24.3629512787,25.0002451367,25.0640462794,24.3681403611,24.4372447413
3580.0001,24.3524456024,25.000244428,25.0639621583,24.368137541,24.4371524848
3580.9999,24.3524456024,25.0002437212,25.0638781308,24.3681347274,24.4370603311
3582.0004,24.3524456024,25.0002430159,25.0637941551,24.3681319188,24.436968234
3583.0001,24.3803882599,25.0002423133,25.0637103567,24.3681291195,24.4368763315
3583.9999,24.3803882599,25.0002416126,25.06362666,24.3681263268,24.4367845405
3585,24.3598729622,25.0002409137,25.0635430483,24.3681235402,24.4366928427
3586.0003,24.3598709106,25.0002402167,25.0634595297,24.36812076,24.436601247
3587.0003,24.3598709106,25.000239522,25.0633761459,24.3681179875,24.4365097991
3588.0005,24.3555526733,25.0002388291,25.063292855,24.3681152213,24.4364184532
3589.0001,24.3555526733,25.0002381386,25.0632097234,24.3681124637,24.436327282
3590,24.3555526733,25.0002374499,25.0631266761,24.3681097121,24.4362362032
3590.9999,24.3707866669,25.0002367633,25.063043738,24.3681069673,24.4361452441
3591.9999,24.3707866669,25.0002360785,25.0629609005,24.3681042291,24.4360543954
3593.0001,24.3707866669,25.0002353956,25.0628781553,24.3681014971,24.4359636479
3594.0003,24.319524765,25.0002347146,25.0627955189,24.3680987719,24.4358730197
3595.0007,24.319524765,25.0002340355,25.0627129746,24.368096053,24.4357824926
3596.0007,24.319524765,25.0002333586,25.0626305718,24.3680933419,24.4356921205
3597.0003,24.3343452886,25.000232684,25.0625483101,24.3680906386,24.4356019033
3598.0007,24.3343467712,25.0002320107,25.0624660907,24.3680879398,24.4355117325
3599.0001,24.3343467712,25.0002313401,25.0623840615,24.3680852505,24.4354217702
3600,24.3732317394,25.0002306711,25.062302099,24.3680825664,24.4353318812
