step_time_s,measured_skin_c,nominal_25c_transfer_c,nominal_25c_prior_c,preceding_rest_skin_proxy_transfer_c,preceding_rest_skin_proxy_prior_c
60.0,30.58517587811571,30.58517587811571,30.58517587811571,30.58517587811571,30.58517587811571
60.0006,30.585180282592773,30.58516617197451,30.585171471975556,30.58516783288772,30.585171624605906
61.0002,30.585180282592773,30.56901914086339,30.577835667180214,30.571781139094096,30.578089934843415
62.0003,30.488203209670182,30.55291074999448,30.57050583540509,30.55842101116539,30.571014011193483
63.0004,30.48819351196289,30.536848952654854,30.563185635759176,30.545094070811672,30.563947386012188
63.9998,30.48819351196289,30.520844807472525,30.555880169118154,30.5318095287883,30.556894983478962
64.9997,30.462112426757812,30.504878949756783,30.548580648145318,30.518551341989,30.549848320653744
65.9998,30.462112426757812,30.48895608442525,30.541289260379827,30.505323440929104,30.542809509298515
67.0002,30.462112426757812,30.473074520320587,30.534005271337143,30.49212444578749,30.53577784037155
67.9997,30.41025299127219,30.457253133150306,30.526737397106977,30.478970077902886,30.528761728033956
68.9998,30.410247802734375,30.441468025519,30.51947471354955,30.465840499716602,30.521750626562245
70.0002,30.410247802734375,30.425723861794317,30.51221939958817,30.452739612591166,30.514746639401004
71.0008,30.433868408203125,30.41002211779159,30.504972175066992,30.43966866944437,30.507750461458716
72.0,30.433868408203125,30.394387687764393,30.49774459892701,30.426648431966633,30.500773251270324
73.0006,30.433868408203125,30.37877662891173,30.490516405239454,30.413642333661734,30.49379544492644
74.0001,30.36789219052184,30.36322783504231,30.483305645448784,30.40068280450277,30.486834468562705
75.0006,30.36788558959961,30.347708499986904,30.476097155479458,30.38774253077254,30.479875683392855
76.0002,30.36788558959961,30.332247972428064,30.46890461358983,30.374846011580292,30.47293229385523
77.0005,30.388151168823242,30.31682136236,30.461716491823232,30.36197251477491,30.46599317132591
77.9998,30.388151168823242,30.30145473780362,30.454544989659915,30.349143824817954,30.45907009269057
79.0005,30.356841355109577,30.286111090684432,30.44737287668737,30.336329071006237,30.452146424404674
80.0008,30.35683822631836,30.270817958220576,30.44021305542291,30.32355127232393,30.44523462203747
81.0008,30.35683822631836,30.25557363665863,30.433064787827576,30.310809038923335,30.43833397311596
81.9998,30.331029891967773,30.240388583153802,30.42593304701689,30.298111149840786,30.43144927848507
83.0003,30.331029891967773,30.225224702605768,30.418799980492302,30.285425773691706,30.424563304063504
84.0,30.331029891967773,30.210116773569077,30.411681983634917,30.27278202702078,30.41769187729021
85.0008,30.290781021118164,30.195035975140716,30.404565520083004,30.26015581534632,30.41082193070811
86.0006,30.290781021118164,30.18001383179957,30.397465511571948,30.247573559187067,30.403967869158073
87.0006,30.290781021118164,30.165032134997826,30.390373412894885,30.235020041362574,30.397121443442412
87.9997,30.257339010055396,30.150107193521826,30.38329700332667,30.222508960425788,30.390290163358976
89.0002,30.257335662841797,30.135204556235884,30.37621998720546,30.210011460891113,30.383458297733767
90.0,30.257335662841797,30.120355423467792,30.369157216382415,30.19755372980765,30.376640183944247
91.0006,30.164020538330078,30.105537398793075,30.362098083750734,30.185117004347703,30.369825582317773
92.0006,30.164020538330078,30.090771103604993,30.3550524567533,30.17271861786688,30.36302401848531
92.9998,30.164020538330078,30.0760592775032,30.348021712885043,30.16036090863122,30.356236822224833
94.0002,30.124046325683594,30.06137237537194,30.340991772788747,30.148019083413125,30.34945040189336
95.0,30.124046325683594,30.046736738258055,30.333975281471663,30.135715299979168,30.342676964470336
96.0006,30.124046325683594,30.032131761976217,30.32696240450633,30.12343226258964,30.335907016196558
97.0009,30.09733772277832,30.017573411557304,30.319960846220866,30.111183421417227,30.32914799451933
98.0008,30.09733772277832,30.003062975933613,30.31297128478513,30.09896989320128,30.322400554116452
99.0,30.05310821533203,29.98860461766523,30.305995790037993,30.08679521675628,30.315666693126794
100.0003,30.05310821533203,29.9741721946762,30.299021789479074,30.07463740297257,30.308934274566113
101.0,30.05310821533203,29.95979014513564,30.29206113018541,30.06251706149888,30.30221473512425
102.0001,30.084439005906095,29.945443949465496,30.285106834623036,30.050421984313132,30.295501338971636
103.0004,30.084442138671875,29.93113639366232,30.27816028971853,30.03835454245469,30.288795424991193
104.001,30.084442138671875,29.91686595836777,30.271220795858543,30.02631347736298,30.282096317804434
105.0002,30.004850387573242,29.902656700973715,30.26430011607286,30.01431912276911,30.275415372965384
106.0004,30.004850387573242,29.88847434792261,30.257381609991228,30.002342577006225,30.268736526532457
107.0008,30.004850387573242,29.874330197826232,30.2504708157264,29.990393398955725,30.262065124776107
108.0004,29.9796587399074,29.860238233697192,30.24357462119037,29.97848343239988,30.255407817008468
109.0006,29.979656219482422,29.84617858833612,30.236683353195325,29.96659591411022,30.24875526512458
110.0,29.979656219482422,29.8321708112827,30.229806642970075,29.954747400980214,30.242116766723882
111.0,29.940044403076172,29.8181951501475,30.222934842734507,29.942921212985254,30.23548300822897
112.0006,29.940044403076172,29.804251560549154,30.216067956872234,29.931117329922593,30.22885399387162
113.0,29.940044403076172,29.790364972685744,30.209218318382497,29.919356886687712,30.22224162943135
114.0006,29.950185775756836,29.776501922077806,30.202369466405383,29.907611568434177,30.215630024258605
115.0007,29.950185775756836,29.762685887691728,30.195533034625015,29.89590128828735,30.209030409042327
116.0008,29.88042449951172,29.74890981619256,30.188705586597106,29.884220097368004,30.20243946637795
117.0002,29.88042449951172,29.735183192474622,30.181891879837202,29.87257606899147,30.195861788978895
118.0001,29.88042449951172,29.721489407601936,30.175083718519023,29.860955141221375,30.18928946492538
118.9999,29.848450997992263,29.70783658767844,30.168285181557934,29.84936423283682,30.18272643183761
120.0002,29.848447799682617,29.69421644854053,30.161492182624066,29.837796333495508,30.176168744937723
121.0008,29.848447799682617,29.680631646430086,30.15470607887889,29.826253719031143,30.169617714374596
122.0001,29.87700367317406,29.66710373110335,30.147937696475427,29.81475473216685,30.163083791279256
122.9997,29.87700653076172,29.65361087040332,30.141176173354886,29.803280847574953,30.1565564898587
124.0002,29.87700653076172,29.640144922556882,30.134417455298212,29.791825158589877,30.150031896333545
125.0003,29.83859446277096,29.626723300865468,30.12767031923036,29.78040250070082,30.14351848359277
126.0003,29.838590621948242,29.613341837431214,30.12093272288825,29.769009355461932,30.137014280118056
127.0008,29.838590621948242,29.59999241430352,30.11420061737501,29.75763883348007,30.130515377267834
128.0005,29.777475748331124,29.586692247723136,30.107482734439014,29.746305626031955,30.124030204319443
129.0001,29.777469635009766,29.57343186116691,30.100774346608233,29.735001689328982,30.117554197562256
130.0006,29.777469635009766,29.560197923771454,30.094068741797777,29.723715678724716,30.111080877420527
131.0,29.769451141357422,29.547016767800564,30.087379310292725,29.712470076825458,30.10462317033483
132.0009,29.769451141357422,29.533854013842827,30.080688642827965,29.701235574643395,30.098164270103524
133.0002,29.759623557299356,29.520750313779217,30.074017448955534,29.69004689425808,30.091724168892007
134.0004,29.75962257385254,29.507672735454552,30.06734901824207,29.678875945843668,30.085286735122587
135.0003,29.75962257385254,29.494636893290327,30.06069134757435,29.667736087823396,30.078859688666885
136.0008,29.75467872619629,29.481630961406623,30.054038436871274,29.65661723684208,30.072437237288867
137.0003,29.75467872619629,29.468675607275877,30.047400908731603,29.6455370888714,30.06602963561648
138.0004,29.75467872619629,29.455749960671405,30.040768121075217,29.63447782168556,30.05962661021526
139.0004,29.680925369262695,29.442862988338362,30.03414471146821,29.623447128259595,30.05323263800426
140.0006,29.680925369262695,29.430010721638595,30.02752868273995,29.612441635256346,30.046845790995604
140.9999,29.680925369262695,29.417207148431853,30.020927290507597,29.601473349557107,30.040473073469137
142.0,29.631771087646484,29.40443037437235,30.014329291823074,29.59052354005464,30.03410363193673
143.0,29.631771087646484,29.391691829149135,30.007740622000053,29.579602021506908,30.027743196110556
144.0006,29.631771087646484,29.378982516512394,30.00115666406939,29.568701101628157,30.021387308955024
144.9998,29.657268524169922,29.36632768918376,29.994590556298448,29.557842469320363,30.015048653622973
146.0002,29.657268524169922,29.353694300970922,29.988025199181124,29.546997794187245,30.008710722941615
147.0002,29.657268524169922,29.341102495214688,29.981471092102456,29.536184386108587,30.002383652593352
148.0002,29.642494201660156,29.328547107626846,29.974925596912836,29.525397836676383,29.996064895815067
149.0,29.642494201660156,29.316030533069746,29.96839000881631,29.514640228455647,29.989755702944453
150.0004,29.585918426513672,29.303542672985905,29.9618590921499,29.503902903130204,29.98345101968386
151.0002,29.585918426513672,29.29109840210546,29.955340669595117,29.49319867396396,29.977158397734172
152.0004,29.585918426513672,29.27868515838321,29.94882820757676,29.482516760349256,29.97087152984569
152.9998,29.565618638863498,29.26631770912646,29.942329503102435,29.47186989608092,29.964597942934752
154.0006,29.565616607666016,29.25396875799948,29.935830246886578,29.46123460191657,29.958323823394814
155.0002,29.565616607666016,29.241670293859624,29.929347314826963,29.45063844974836,29.95206546253622
156.0002,29.541034698486328,29.22940248525157,29.92287030862927,29.44006438171362,29.945812822265463
157.0,29.541034698486328,29.217172600668505,29.9164031058615,29.42951868478504,29.939569645830133
158.0006,29.541034698486328,29.204968337001993,29.90993923449465,29.418990769500475,29.933329685394746
159.0005,29.536406026314303,29.192807892629986,29.903488374626082,29.408496357103754,29.927102285734456
160.0008,29.536405563354492,29.180677771753317,29.89704341461886,29.39802382586812,29.920880581562095
160.9997,29.536405563354492,29.168599647748007,29.890615928091393,29.387591916970425,29.91467574558159
161.9998,29.460147857666016,29.15654197101833,29.884189171519743,29.37717340523095,29.908471614270958
163.0002,29.460147857666016,29.14451556986825,29.877768936311643,29.366777660266614,29.902273778421396
163.9998,29.460147857666016,29.132533541082253,29.871362264478357,29.35641602917156,29.89608903610625
164.9998,29.455520629882812,29.12058137907151,29.864961448799715,29.346075993429274,29.889909947086352
165.9998,29.455520629882812,29.10866378524402,29.85856904359008,29.335761640557944,29.88373897719366
167.0006,29.455520629882812,29.096771166892452,29.852179933953238,29.325464686017533,29.877571188713876
168.0003,29.458594968352802,29.084925986715202,29.845806234675596,29.315204603211548,29.871418276772665
169.0006,29.458595275878906,29.07310797662268,29.839437089895554,29.30496386208211,29.86526976155955
169.9998,29.366302490234375,29.06133709652881,29.833083306637523,29.294759784319837,29.85913607573955
171.0006,29.366302490234375,29.049581466326224,29.826727711223924,29.284564752712512,29.853000640537733
172.0,29.366302490234375,29.03787623646192,29.82038934673488,29.27440927255521,29.846881839374774
172.9997,29.348180676250607,29.02620134186667,29.814057406758327,29.264275964621397,29.84076924017678
174.0,29.34817886352539,29.014553226760682,29.807729991439142,29.254161759375947,29.834661008900326
175.0008,29.34817886352539,29.00293301350561,29.801407736111692,29.24406764685277,29.82855775887155
176.0006,29.296491622924805,28.991357995776834,29.79510009941735,29.234008674871184,29.822468621080947
177.0005,29.296491622924805,28.97981529604963,29.788800119454304,29.22397368030311,29.816386874789593
178.0001,29.296491622924805,28.96830942506511,29.782510303097457,29.21396660803716,29.8103149400333
179.0006,29.268183676830713,28.95682650368543,29.77622309611371,29.203975405266057,29.804245524260445
180.0,29.26818084716797,28.94538938008539,29.769951053298087,29.194019975238717,29.798190747363233
181.0,29.26818084716797,28.933978478613582,29.763683488737975,29.18408330337262,29.792140293593082
181.9999,29.24786961555481,28.922601716028023,29.757424785080676,29.17417230245817,29.78609839378074
183.0004,29.247867584228516,28.91125105702335,29.751170556142785,29.16427999125969,29.78006081368185
184.0002,29.247867584228516,28.899941149969198,29.744928916317946,29.154419158509693,29.774035386604407
185.0008,29.234634399414062,28.888654936530706,29.73869049170151,29.14457495261886,29.76801306335934
186.0008,29.234634399414062,28.877408123082436,29.732464002528925,29.134761093687555,29.762002262109863
187.0008,29.217689514160156,28.86619383780002,29.726245694765844,29.124971610694477,29.755999358862795
188.0002,29.217689514160156,28.855018686010208,29.720039281296827,29.115212294916383,29.750007937886984
189.0006,29.217689514160156,28.843864702366528,29.71383482006218,29.10546747625235,29.7440184015194
190.0004,29.226924896240234,28.832749651995513,29.707642228406513,29.095752694497897,29.738040323564135
191.0002,29.226924896240234,28.82166674228353,29.701457771993788,29.086062037771026,29.73207009904393
192.0001,29.226924896240234,28.81061477658406,29.695280822785932,29.076394480510373,29.726107121676208
193.0008,29.194610595703125,28.79958596820395,29.6891070567683,29.06674322738901,29.720147217231798
194.0006,29.194610595703125,28.78859895573195,29.682946950116136,29.057124610797658,29.714200498987314
195.0,29.194610595703125,28.777648090313075,29.6767973957123,29.047533714315374,29.708263967457306
196.0005,29.142619561129226,28.766716877200718,29.670649161545644,29.037956108674724,29.70232871043097
197.0,29.142614364624023,28.75582817362949,29.664515143051815,29.02841184120666,29.696407176641216
198.0002,29.142614364624023,28.744963353919164,29.65838489293812,29.01888460877386,29.690489280693495
199.0005,29.149062465734836,28.734128882289404,29.652262087694286,29.009380096090283,29.684578571722543
200.0006,29.149063110351562,28.723327912483175,29.646148551815628,28.999901091310058,29.678676811022477
201.0004,29.149063110351562,28.71256141040791,29.640044879996136,28.990448465928523,29.672784572686865
202.0002,29.09027099609375,28.70182604111753,29.633949226605086,28.981019314553283,29.666900075018326
203.0008,29.09027099609375,28.691113161818688,29.627856713221554,28.971606062156955,29.66101860858626
203.9999,29.08842677457258,28.6804472750475,29.621781325299928,28.96223026353225,29.65515367438367
205.0002,29.08842658996582,28.669799453475466,29.61570663040357,28.952866512664723,29.649289409199692
205.9998,29.08842658996582,28.659189855815832,29.60964416249133,28.943532554971238,29.643436947452514
207.0004,29.032737731933594,28.648600363273097,29.603583604341047,28.934212469037295,29.63758632931242
208.0008,29.032737731933594,28.63804362358155,29.59753222334369,28.924917402425674,29.631744570425226
209.0008,29.032737731933594,28.627521631113993,29.59149121166348,28.91564913508194,29.625912821658144
210.0008,29.017623901367188,28.61703007047655,29.58545813768123,28.90640388852073,29.620088735624176
211.0004,29.017623901367188,28.606573032086015,29.579435399442296,28.897185289892292,29.6142746272995
212.0011,29.017623901367188,28.59613476812814,29.573413957122632,28.88797947278767,29.608461770002965
212.9998,29.00254249572754,28.585747486416068,29.56741244306945,28.878814867577617,29.602668150650278
214.0008,29.00254249572754,28.575366389735915,29.56140501033953,28.869651968636138,29.596868817646033
214.9997,29.00254249572754,28.565037031441094,29.55541805723988,28.860531002754534,29.591089254849976
216.0007,28.964981017174658,28.55471589359413,29.5494264005028,28.851413563147087,29.58530515135226
217.0002,28.964977264404297,28.54444003562361,29.54345158528723,28.842332403906678,29.579537305979418
217.9998,28.964977264404297,28.534192859127067,29.537484020263665,28.833272884251876,29.573776459649213
219.0004,28.909269332885742,28.52396510096174,29.53151833510633,28.824226828497633,29.568017428065964
220.0006,28.909269332885742,28.513771012276784,29.52556287351235,28.815206857835577,29.56226826589799
221.0008,28.907743453979492,28.503606412942922,29.519615238770246,28.80620929570502,29.556526659456814
222.0008,28.907743453979492,28.493473241353858,29.51367660753916,28.797235878888145,29.550793744641652
223.0008,28.907743453979492,28.483369377042592,29.507745779481365,28.78828475049578,29.545068362694927
224.0,28.89386558532715,28.473302783302586,29.501827479659898,28.779362989412192,29.539355075001716
224.9998,28.89386558532715,28.463259262424646,29.49591340325503,28.770458033337658,29.533645864424365
226.0008,28.89386558532715,28.45323278137213,29.49000001188382,28.761564542946843,29.52793731515085
226.9998,28.881860733032227,28.44325527402945,29.484106189966496,28.752710867542074,29.522247657437998
228.0003,28.881860733032227,28.43329167861219,29.478211272451077,28.743865916851355,29.51655694207897
229.0005,28.881860733032227,28.42335988903699,29.472325868648074,28.735045588747777,29.510875410873794
230.0007,28.87415009349662,28.41345683003682,29.466448199624832,28.726247173198857,29.5052013465127
231.0002,28.874149322509766,28.40358931920785,29.46058236065671,28.71747675049765,29.499538702409176
231.9998,28.874149322509766,28.393749350094218,29.45472363964241,28.708727226924825,29.493882929690876
233.0003,28.775328022943313,28.383929007778338,29.448867349158377,28.69999157859099,29.48822950330837
234.0004,28.775318145751953,28.374140991298027,29.44302109422996,28.69128111844437,29.482585764846057
235.0003,28.775318145751953,28.36438323558155,29.437183688693327,28.68259403117522,29.47695056922928
236.0,28.798067092895508,28.35465564182849,29.431355117853755,28.673930250104227,29.47132390227234
237.0004,28.798067092895508,28.34494939207802,29.425530130092607,28.665281938049432,29.465700694274638
238.0002,28.798067092895508,28.33527702224707,29.419716285950496,28.656660283090687,29.460088243876825
239.0002,28.751270294189453,28.32563069489744,29.41390891877837,28.648058320308234,29.454482046084326
240.0,28.751270294189453,28.316014187670635,29.408110341487763,28.639479437309127,29.44888433368855
240.9998,28.727506637573242,28.306425487864352,29.402319381821176,28.630921858523973,29.44329397503944
242.0001,28.727506637573242,28.296859740550246,29.396533139418384,28.622381267337527,29.437708170246328
243.0005,28.727506637573242,28.287320715550173,29.390753924923608,28.61386104524462,29.432129149911862
244.0007,28.711845056602083,28.277811189221133,29.384983460272515,28.60536369139121,29.42655857632321
244.9998,28.711843490600586,28.268339585000703,29.379226913084057,28.59689675814705,29.42100143809106
246.0006,28.711843490600586,28.258879303663658,29.3734681473608,28.588436483281185,29.41544215817499
247.0002,28.749685287475586,28.249457699384866,29.36772384590673,28.58000734549917,29.409896841480393
248.0008,28.749685287475586,28.240053948983427,29.36198135398775,28.571590734769057,29.40435327163791
249.0003,28.749685287475586,28.230687705606123,29.35625271255705,28.563204260238457,29.39882307249759
249.9999,28.681634082084372,28.221347604830875,29.350531022596616,28.554837769922294,29.393299584025993
251.0,28.68162727355957,28.212029855146287,29.344813991398347,28.546487882888087,29.387780592935297
252.0005,28.68162727355957,28.20273534649158,29.339102190871312,28.538155410426757,29.382266651323413
253.0004,28.675491333007812,28.193473282690395,29.333401317835644,28.529848623101927,29.376763258670493
254.0,28.675491333007812,28.184240770915384,29.32770964188137,28.52156494935467,29.37126874450862
255.0001,28.675491333007812,28.175030352767916,29.32202260025101,28.513297714540073,29.36577870413593
255.9997,28.6751728376516,28.16585116054582,29.316345869594556,28.505055133980566,29.360298617561146
257.0008,28.675172805786133,28.15668479131405,29.31066809328363,28.49682069563869,29.35481752155375
258.0002,28.62464714050293,28.147560460466842,29.305007408198165,28.488620663763168,29.349352924725345
259.0008,28.62464714050293,28.138451595024687,29.29934737310325,28.480431177861696,29.343888955371575
259.9998,28.62464714050293,28.12938359242639,29.293703812365898,28.472275091978883,29.338440889697438
261.0004,28.567665100097656,28.12032732983245,29.288058638743458,28.464126229996783,29.33299126700916
262.0007,28.567665100097656,28.111299979032005,29.28242257634789,28.456000054606342,29.32755043993143
263.0008,28.567665100097656,28.102300542164404,29.2767950464335,28.447895687982264,29.322117849766524
264.0,28.560575485229492,28.093335199751053,29.271179965948043,28.43981871927041,29.31669727777766
265.0003,28.560575485229492,28.08438593929221,29.26556608824281,28.431752937647452,29.311277866904263
266.0002,28.560575485229492,28.07546613285597,29.259961829660128,28.423710409374856,29.305867741943395
267.0007,28.580573944146696,28.066566792601304,29.254361577895153,28.415683047337275,29.300461485002568
268.0006,28.580575942993164,28.057698517764052,29.248772040212813,28.40768042992269,29.29506557100453
269.0006,28.580575942993164,28.048855006223008,29.243189288363645,28.399696890286823,29.289676207775855
270.001,28.52851104736328,28.040033549923773,29.237611643373434,28.391729998867756,29.28429177450262
271.0004,28.52851104736328,28.031246397030827,29.232046894590056,28.383790837792322,29.278919790706777
272.0004,28.52851104736328,28.022479390623833,29.226486119052346,28.37586663579582,29.273551642521877
273.0006,28.457338333129883,28.01373599445681,29.220931540233913,28.367960537216057,29.268189476399574
274.0,28.457338333129883,28.005024854093595,29.215388695435962,28.36008038001698,29.26283863782687
275.0006,28.47425651550293,27.996328478792766,29.209846487097494,28.352210357404527,29.257488413666458
276.0002,28.47425651550293,27.987665923789663,29.204317093380098,28.344367730296906,29.252150560223836
277.0004,28.47425651550293,27.979023235648448,29.19879164978108,28.336539885210716,29.246816520066
278.0004,28.40491485595703,27.970407269681743,29.193274570581437,28.32873304645627,29.24149055456161
279.0,28.40491485595703,27.961819654359406,29.18776694313304,28.320948709655983,29.23617371339625
279.9998,28.40491485595703,27.95325515555491,29.182265449844067,28.31318214839284,29.23086279390073
281.0,28.388856887817383,27.94471201051729,29.176768987197224,28.30543177840283,29.22555673078401
282.0004,28.388856887817383,27.936191878119523,29.171278651265098,28.29769911885296,29.220256582150302
283.0008,28.388856887817383,27.92769639759122,29.16579553234419,28.28998567357298,29.214963400527836
284.0,28.366411209106445,27.919235643924708,29.16032618510026,28.282300612799084,29.209683513526286
285.0006,28.366411209106445,27.910787537841145,29.154856370537544,28.27462389752601,29.20440317539405
286.0004,28.366411209106445,27.90237060524659,29.149398112055263,28.2669723761473,29.199133993035282
286.9997,28.385801282290675,27.893982202406868,29.1439497484169,28.25934366831827,29.193874362759328
288.0008,28.38580322265625,27.885602999446217,29.138498744158653,28.25172020551056,29.188612183335547
289.0005,28.38580322265625,27.87725972469251,29.133062518211716,28.24412632027365,29.183364270296824
290.0006,28.380876541137695,27.868937249386825,29.127631262294155,28.236548264137234,29.178121155123794
291.0004,28.380876541137695,27.860641332514785,29.122208769591666,28.22899129719412,29.172886499604772
292.0,28.33124351501465,27.85237105672144,29.11679448302748,28.22145460277635,29.167659765960348
293.0003,28.33124351501465,27.844118924358316,29.111383523772766,28.213931362585413,29.16243624436614
294.001,28.33124351501465,27.83588738050882,29.10597751700926,28.206423817242143,29.15721750370699
295.0002,28.333375930786133,27.827691945841412,29.100586705904412,28.19894614391565,29.15201343232317
296.0008,28.333375930786133,27.819508762144057,29.095195434191158,28.191476590880026,29.146808916286595
297.0002,28.333375930786133,27.81135903150158,29.089817703590068,28.184034526772894,29.141617472292975
298.0002,28.287452697753906,27.803227985913974,29.084443812703157,28.176606485107598,29.13642973500439
299.0006,28.287452697753906,27.795117218716435,29.079074837618258,28.169193933269327,29.13124674323259
300.0001,28.287452697753906,27.787037184077874,29.073717740643886,28.161806444085634,29.12607521810911
301.0005,28.274222742886792,27.778973262811203,29.068362864911627,28.15443066769062,29.120905837283082
301.9999,28.274221420288086,27.77094069917507,29.063020370316057,28.147080564146307,29.115748408706516
303.0004,28.274221420288086,27.762922550692142,29.0576790226914,28.139740646204814,29.110592087369362
304.0,28.21532440185547,27.754934785420716,29.052349492276445,28.132425546495533,29.10544717388933
305.0004,28.21532440185547,27.746963748173215,29.047022704969034,28.125122776353027,29.100304908494564
305.9998,28.21532440185547,27.739023707364396,29.041708233854397,28.11784542494851,29.09517453265503
307.0,28.25412940979004,27.73110028877678,29.036396495849427,28.11058033470999,29.090046795249215
307.9998,28.25412940979004,27.723202945964648,29.031093858779336,28.10333618794634,29.084927843518482
309.0001,28.25412940979004,27.715324507039668,29.025795541189833,28.09610642149531,29.079813061639907
310.0,28.21039581298828,27.707471997823546,29.020506302025066,28.0888974981938,29.074707043706024
311.0008,28.21039581298828,27.699635160143295,29.015219260649552,28.08170001431672,29.06960314742915
312.0003,28.198339462280273,27.691831141957806,29.009946025955674,28.07452973645939,29.06451257956527
313.0,28.198339462280273,27.684048128559134,29.004678663566622,28.06737583001299,29.05942768058738
314.0003,28.198339462280273,27.67628296758063,28.999415065112505,28.060235409670664,29.054346415160296
315.0004,28.139463424682617,27.668541817653303,28.994159435263338,28.05311415255722,29.049272842302706
316.0006,28.139463424682617,27.660822288325033,28.988910187360563,28.04600987578596,29.04420543031848
317.0002,28.139463424682617,27.653129700683444,28.983670980896186,28.03892749418593,29.039147711933456
318.0004,28.10675621032715,27.64545475536288,28.978435517244634,28.031858461673544,29.03409360670882
319.0,28.10675621032715,27.637806596127753,28.973210068663185,28.024811215710624,29.029049169628493
320.0004,28.10675621032715,27.63017445371164,28.967987309618398,28.017775847848227,29.02400732891827
321.0002,28.082420349121094,27.622568951488955,28.962774542085956,28.01076216542869,29.01897513361065
322.0003,28.082420349121094,27.614983169382143,28.95756706153447,28.00376380362073,29.01394804214098
323.0008,28.082420349121094,27.607416308301822,28.95236434545212,27.99678003763678,29.00892555009745
324.0006,28.07465934753418,27.599876614309178,28.9471721018967,27.989818494782828,29.003913167808584
325.0,28.07465934753418,27.59236172576023,28.941988752642377,27.982877014556948,28.99890937171888
326.0004,28.07465934753418,27.584861072029923,28.936807033816407,27.97594584565134,28.993907149578888
327.0002,28.071571350097656,27.577386599528328,28.931635227989908,27.969036041011275,28.98891449704833
328.0003,28.071571350097656,27.569931507398937,28.92646866759949,27.962141330073297,28.983926908249988
329.0008,28.087000258263203,27.562495010319292,28.921306834239214,27.95526099878448,28.978943882735685
329.9998,28.08700180053711,27.555091132735665,28.916159510385537,27.948408042517947,28.973974864113224
331.0006,28.08700180053711,27.547695364845328,28.91100968700282,27.941559789107593,28.96900343254635
332.0,28.067562103271484,27.54033130509799,28.90587382552492,27.934738103378724,28.964045479238663
333.0,28.067562103271484,27.532984129081715,28.900741631065983,27.92792927116603,28.959091065923026
334.0,28.067562103271484,27.52565820265415,28.895616180147968,27.921137350921864,28.95414316254952
335.0001,28.020991213630136,27.51835273494062,28.89049695237492,27.914361623976966,28.949201266748908
336.0,28.020986557006836,27.51106985290965,28.88538547350314,27.907604078417776,28.944266851424707
337.0008,28.020986557006836,27.503801505589035,28.880276118557497,27.90085725601773,28.93933448645305
338.0,28.066009521484375,27.496565766327937,28.875181634843656,27.894137951065566,28.93441647756814
339.0008,28.066009521484375,27.48933940140726,28.870085698137693,27.887424602935297,28.929497066023295
340.0004,28.066009521484375,27.482142580485018,28.865002560875883,27.8807359625228,28.924590010545057
341.0004,27.999696731567383,27.47496369858103,28.859924069963792,27.87406126234306,28.91968744046524
342.0001,27.999696731567383,27.467807723851767,28.854853772573474,27.8674051359254,28.91479278008052
343.0003,27.999696731567383,27.460668875970587,28.8497876044825,27.86076222056049,28.909902105954668
344.0006,27.962371826171875,27.453549968625595,28.844727588989127,27.854135146666046,28.905017371298122
344.9998,27.962371826171875,27.4464594513472,28.8396797775737,27.84753179867584,28.90014441796568
345.9998,27.987957000732422,27.43938377260811,28.83463455999658,27.840939571930093,28.895273968620014
347.0006,27.987957000732422,27.43232292223509,28.829591943456354,27.83435846500387,28.890406030210347
348.0007,27.987957000732422,27.42528742687052,28.824559478108178,27.82779830341874,28.885547891351624
349.0002,27.881567001342773,27.41827648425732,28.819536639149813,27.821258358823982,28.880699045420954
349.9999,27.881567001342773,27.41128441184041,28.81451939365413,27.814733346442818,28.87585559919332
351.0006,27.881567001342773,27.404305592073175,28.809503729821657,27.80821803354917,28.871013679839486
352.0002,27.87195587158203,27.39735460870035,28.804500163526633,27.801726050040113,28.866183438959865
353.0005,27.87195587158203,27.39041887447821,28.799499672135997,27.795245655778796,28.861356166468784
354.0004,27.87195587158203,27.383505967312395,28.79450774885853,27.78878394425466,28.856537165288216
355.0007,27.92067803634924,27.37661029829198,28.789520391120508,27.782335705590693,28.851722571495095
356.001,27.920682907104492,27.369734578980896,28.784539588577218,27.775903488041802,28.846914305822295
357.0002,27.920682907104492,27.362886279907173,28.779570799060878,27.769494298782625,28.842117637040683
358.0006,27.915464401245117,27.356049582846893,28.774602577588798,27.76309334759354,28.837321516626066
358.9998,27.915464401245117,27.34924083206148,28.769646834551395,27.756715951097775,28.832537442388457
360.0004,27.915464401245117,27.34244225935756,28.76469066807921,27.750345480060275,28.827752959384014
361.0,27.958330154418945,27.335670126376513,28.759745961189825,27.74399718459694,28.822979538998116
362.0004,27.958330154418945,27.328912175635267,28.75480379933944,27.737659589156287,28.81820857549011
363.0002,27.888309478759766,27.322177813698463,28.749871092198862,27.731341528381982,28.81344673917721
363.9999,27.888309478759766,27.31546359572379,28.74494535758124,27.72503978702953,28.80869163385646
365.0002,27.888309478759766,27.308764778601493,28.740023142779275,27.718749925331977,28.803939926423624
366.0002,27.816089630126953,27.302087342011028,28.735108870862906,27.712477570617338,28.799195886731844
367.0006,27.816089630126953,27.295426558588034,28.730199094309075,27.706218295755228,28.79445618668156
368.0,27.816089630126953,27.288791676507422,28.725300669767442,27.699980807539085,28.78972744540551
369.0,27.796958923339844,27.28217200635726,28.720405742714167,27.69375507208595,28.785002080463503
370.0,27.796958923339844,27.2755714816948,28.715517247439955,27.68754480028925,28.780282924501318
370.9998,27.796958923339844,27.2689913615292,28.710636151266403,27.68135119116957,28.775570911332167
371.9999,27.77044561371234,27.26242830279207,28.70576000568049,27.675171111302262,28.770863677260444
373.0006,27.770442962646484,27.255880307340377,28.70088734820672,27.66900268935709,28.76615981047135
374.0005,27.770442962646484,27.24935647534242,28.696024985449785,27.662854512338182,28.76146588178623
375.0,27.818256378173828,27.24285410824542,28.69117095235283,27.65672405516912,28.75677999421854
376.0007,27.818256378173828,27.236362765080433,28.68631747784278,27.65060148457329,28.752094645888096
376.9998,27.818256378173828,27.229900543255756,28.681478129939855,27.644503884824363,28.7474229348138
378.0002,27.751279830932617,27.223448622730242,28.676638850649546,27.63841351236062,28.742751289975356
378.9999,27.751279830932617,27.21701986494071,28.671809312028657,27.632342519063144,28.738089048385884
380.0002,27.751279830932617,27.210605853224365,28.666983224483992,27.626282970428534,28.733430138326064
381.0006,27.79632568359375,27.20420975931723,28.662162998653546,27.620237873663854,28.728776886928475
382.0004,27.79632568359375,27.197835991143755,28.65735199426056,27.614211409983188,28.724132537534288
383.0005,27.715500330262316,27.19147874935385,28.652545869365543,27.60819811044422,28.719492898610433
384.0002,27.715492248535156,27.185142427508367,28.647747978667752,27.602202144522998,28.71486120864812
385.0002,27.715492248535156,27.178822532932685,28.642954953393517,27.59621927445709,28.710234215569265
386.0006,27.753440856933594,27.172518399833923,28.63816631257066,27.59024888057624,28.70561145506274
387.0006,27.753440856933594,27.166235016619247,28.633385877302107,27.584295700362773,28.70099661586704
388.0008,27.753440856933594,27.159968555051325,28.628610769170965,27.578356120623198,28.696386919274712
389.0003,27.73214340209961,27.15372458766915,28.623845271957375,27.572435438121442,28.69178650067414
390.0002,27.73214340209961,27.147496182139786,28.619084129931313,27.56652709359535,28.68719028639577
391.0006,27.73214340209961,27.141282687668962,28.614326867152148,27.560630479450023,28.682597816985723
392.0004,27.660818099975586,27.135090881563674,28.609578705357613,27.5547520407138,28.67801413329878
393.0002,27.660818099975586,27.128916979896253,28.604836781250278,27.548888200092108,28.673436471223212
394.0,27.660818099975586,27.122760930893623,28.600101086635654,27.543038921332975,28.668864822848388
395.0002,27.65496063232422,27.116620230697535,28.595369722406183,27.53720183680844,28.66429735485255
396.0004,27.65496063232422,27.110497294253523,28.590644576281964,27.53137925349431,28.659735889564462
396.9999,27.65496063232422,27.10439633679529,28.585928940516165,27.52557519518472,28.65518360519241
398.0002,27.65091896057129,27.09830815374674,28.581215730889735,27.51978091768403,28.650633662917343
399.0006,27.65091896057129,27.09223697829142,28.576508245877214,27.51400045938834,28.64608924695341
400.0001,27.628433227539062,27.08618880716519,28.57181117552045,27.50823954545911,28.64155488487765
401.001,27.628433227539062,27.080149684949376,28.567113707656397,27.502484894236314,28.637020139064404
402.0008,27.628433227539062,27.074134653121323,28.562427570058446,27.496750850287594,28.632496331032584
403.0,27.580568313598633,27.06814060866177,28.55775039537219,27.4910344741793,28.627981175433835
403.9998,27.580568313598633,27.0621603026886,28.553076558410922,27.48532886542415,28.623469241940025
405.0001,27.580568313598633,27.056194311787216,28.548406528715315,27.479634582838983,28.618960983826767
405.9999,27.593815432092764,27.05024855013384,28.543744966844905,27.47395728379783,28.614460900210055
407.0004,27.59381675720215,27.044315836630883,28.53908627157984,27.46829012327205,28.60996358389841
408.0,27.59381675720215,27.03840560398988,28.53443788322284,27.462642124936785,28.60547621745966
409.0004,27.59225845336914,27.03250774859203,28.529791887389788,27.45700364627663,28.60099116066693
409.9998,27.59225845336914,27.026632827789456,28.525156633675202,27.451384793458296,28.59651647388165
411.0,27.59225845336914,27.02077020594547,28.520523763764473,27.44577540750274,28.592044088324368
412.001,27.520662307739258,27.01491987461128,28.515893284264642,27.44017548718359,28.58757401037325
413.0006,27.520662307739258,27.009094627358113,28.51127535857623,27.434597292872375,28.583116051364808
413.9998,27.520662307739258,27.00328854215448,28.506665342540636,27.42903517216463,28.578665728015842
415.0003,27.568495737846295,26.997491714748563,28.502055393071842,27.42347964616043,28.574215468927775
416.0,27.568500518798828,26.99171627640947,28.497455182809052,27.417942351673034,28.56977461167596
417.0004,27.5555362701416,26.98595351036879,28.492857800497497,27.412414943919547,28.56533648441409
418.0002,27.5555362701416,26.980210859414232,28.48826921330778,27.406904573553064,28.56090684760773
419.0003,27.5555362701416,26.97448309843524,28.48368528003231,27.40140623997966,28.556481703502286
419.9998,27.51598358154297,26.968775326424183,28.479110115168652,27.395924851073783,28.552065024067566
421.0006,27.51598358154297,26.96307666262472,28.474535019957482,27.39044996737203,28.547648411872554
422.0,27.51598358154297,26.95740243091254,28.469972328481177,27.384996323387572,28.543243773742375
423.0,27.50365447998047,26.951741208627976,28.465412894778915,27.37955295523579,28.538842280535718
424.0008,27.50365447998047,26.94609185045985,28.460855811670076,27.374118768999892,28.534443056497047
425.0002,27.50365447998047,26.940466712989203,28.45631108346273,27.36870566459616,28.530055759381437
426.0008,27.47616195678711,26.934851109919585,28.45176687710571,27.36329952192861,28.525668966039067
426.9998,27.47616195678711,26.92926069873724,28.44723589732399,27.35791542768609,28.52129494109846
428.0002,27.47616195678711,26.923678639600617,28.442704527939757,27.352537176055442,28.51692054005132
429.0004,27.47188949584961,26.918113842534922,28.438180019137324,27.347173359629075,28.512552761932845
430.0008,27.47188949584961,26.912564035343586,28.43366055364664,27.341821800107837,28.50818985242391
431.0006,27.47188949584961,26.90703359989992,28.42914973421733,27.33648673594839,28.50383528947354
432.0007,27.496547140805298,26.901517504183545,28.424643489827343,27.331163325645054,28.499485143081404
433.0006,27.496549606323242,26.896018462103118,28.420144066474506,27.325854199709546,28.49514158144314
434.0002,27.499006271362305,26.890536965554553,28.415651901933188,27.320559846379787,28.490805027168427
435.0006,27.499006271362305,26.885066948387557,28.411162049507467,27.315274416658113,28.486470704916766
436.0008,27.499006271362305,26.879613846810674,28.406678994806068,27.310003173007107,28.482142944913697
437.0005,27.43784753311441,26.87417923409443,28.40220406853707,27.304747650116546,28.477823031771084
438.0,27.437841415405273,26.868761417256927,28.397735913907088,27.299506224636236,28.473509655695366
439.0006,27.437841415405273,26.863353325337144,28.393268719616238,27.294272064479095,28.469197206692275
440.0004,27.460105895996094,26.857965189262178,28.388810963169387,27.289055082095704,28.464893868602722
441.0008,27.460105895996094,26.85258941419609,28.3843563929848,27.283847936053743,28.46059360640211
442.0,27.460105895996094,26.847235613613623,28.379913011122504,27.27865995165268,28.456304144956103
443.0011,27.43290138244629,26.841887148751006,28.375467030515914,27.273475014682678,28.452012174787285
444.0,27.43290138244629,26.836565872488887,28.37103664936026,27.2683143222365,28.447735263698558
444.9998,27.43290138244629,26.831255195926875,28.366608099310753,27.26316180154287,28.443460120285778
445.9998,27.414390563964844,26.825958818155918,28.362184482930783,27.258021049395573,28.439189739638365
447.0006,27.414390563964844,26.820673539903655,28.35776314712429,27.252888968709115,28.43492156056451
448.0006,27.414390563964844,26.815407766522444,28.353351152731264,27.247773732512307,28.430662399314055
449.0008,27.383806228637695,26.810156174284415,28.34894407489898,27.24267018244523,28.42640798431283
450.0008,27.383806228637695,26.80492081935149,28.34454366848745,27.23758032795652,28.422160009631835
451.0,27.383806228637695,26.799704776303905,28.340152557461135,27.232507172516442,28.417921008340425
452.0004,27.369911193847656,26.794497569990952,28.335761948437455,27.22744053787149,28.413682491662087
453.0004,27.369911193847656,26.789307503057145,28.33137886292245,27.22238851120137,28.40945123787526
454.0,27.356626510620117,26.784134513923142,28.32700328642308,27.21735104618368,28.405227232988942
454.9998,27.356626510620117,26.778975449667133,28.3226325832533,27.212325084219987,28.401007932618253
455.9999,27.356626510620117,26.773829762219382,28.318266313011762,27.207310100912927,28.396792911617506
457.0002,27.410667419433594,26.768697934102914,28.31390490903835,27.20230657604495,28.392582588315527
458.0002,27.410667419433594,26.76358248517883,28.30955054298063,27.197316977814566,28.3883790591332
459.0004,27.410667419433594,26.75848081256231,28.305201029264804,27.19233877868483,28.38418021420582
459.9998,27.348594665527344,26.753397960841912,28.300860703875344,27.187376913952836,28.37999023931773
461.0,27.348594665527344,26.748325749908847,28.296522610614918,27.182423409164418,28.37580241923689
462.0002,27.348594665527344,26.743268211813508,28.29219021861087,27.17748221048788,28.37162010291876
463.0,27.343338012695312,26.738227317951512,28.28786524956659,27.172555256076297,28.36744495242629
464.0,27.343338012695312,26.733199996501096,28.283545098796413,27.167639555009384,28.3632744533011
465.0008,27.343338012695312,26.728183210713134,28.279227175258534,27.16273214578539,28.35910610425604
466.0002,27.346433639526367,26.723187933572213,28.27492095822648,27.157843774771198,28.354949056199047
467.0005,27.346433639526367,26.718202616223383,28.27061652575106,27.152963152566226,28.350793730880973
468.0,27.346433639526367,26.713235691558403,28.26632118658914,27.148098545411447,28.34664718388061
469.0006,27.306884765625,26.708277682464978,28.262026770623173,27.143240681258774,28.342501528096346
470.0006,27.306884765625,26.70333698170183,28.257740570795704,27.138397792555466,28.338363803840455
470.9998,27.256563186645508,26.698414505920155,28.25346342510433,27.13357079264312,28.33423482008198
472.0006,27.256563186645508,26.693498407505334,28.24918505953291,27.128748071979732,28.330104658700574
473.0002,27.256563186645508,26.68860240788229,28.24491743991545,27.123943100793767,28.325984871029238
474.0005,27.283108918488573,26.683717149161932,28.24065244293183,27.119146707263823,28.321867615142725
475.0006,27.283111572265625,26.678846996399777,28.23639390276219,27.114363186139514,28.31775659240373
475.9997,27.283111572265625,26.673995779115252,28.23214520846483,27.109596312882307,28.3136550744723
477.0008,27.286779403686523,26.669148910887515,28.22789360350718,27.10483176226557,28.309550746706947
478.0005,27.286779403686523,26.66432282498067,28.223653525148787,27.10008569718969,28.305457546255127
479.0005,27.286779403686523,26.65950925097223,28.21941774655011,27.0953499980469,28.301368496617727
480.0004,27.241682052612305,26.654710078109574,28.21518795637359,27.09062653337309,28.297285227961293
481.0007,27.241682052612305,26.649922872547737,28.210962034700813,27.08591291726321,28.293205693802182
482.0,27.241682052612305,26.645154281767365,28.206745883750344,27.081215707129562,28.289135591903886
483.0,27.23769760131836,26.64039614724459,28.20253232125679,27.076526877797644,28.285067988797387
484.0006,27.23769760131836,26.6356489317535,28.198321772095735,27.07184689189193,28.281003294640417
485.0005,27.23769760131836,26.63091876109521,28.19411969859115,27.06718179906226,28.27694678254
486.0005,27.254339461135864,26.626201798712405,28.189922726504868,27.062527827545043,28.27289519514283
486.9997,27.25434112548828,26.621502235997408,28.185734620070672,27.057889125009854,28.268852166288234
488.0007,27.17715462333077,26.616807825266385,28.181544482511605,27.05325360976881,28.264807176667695
489.0,27.177146911621094,26.612134943268398,28.177366958252847,27.04863746302611,28.260774363418008
489.9998,27.177146911621094,26.607473238841532,28.173192833179794,27.044030472888032,28.25674483160495
491.0006,27.214496612548828,26.60282037193902,28.1690200249459,27.03943033268457,28.252716571015256
492.0,27.214496612548828,26.598187453440964,28.164858529789573,27.034848038646018,28.248699231613866
492.9999,27.214496612548828,26.59356561849096,28.160700421531107,27.030274835427907,28.24468516178693
494.0006,27.153045654296875,26.588953467728448,28.156544456086042,27.025709344824286,28.24067316054553
494.9997,27.153045654296875,26.58436200790901,28.152400587066115,27.02116247453139,28.23667283670456
496.0004,27.153045654296875,26.579776494543207,28.148255534969557,27.01661963328926,28.232671370769182
496.9999,27.171560342429206,26.575209727642836,28.144120893936403,27.01209351087739,28.228679955254055
498.0002,27.17156219482422,26.570652522807386,28.13998838012763,27.007575015738713,28.22469059327546
499.0002,27.17156219482422,26.566109863146295,28.13586253487879,27.0030690972227,28.22070766885538
499.9998,27.143131256103516,26.561582151005776,28.131743757946637,26.998576166290402,28.21673156790284
501.0002,27.143131256103516,26.55706392082604,28.127627100947606,26.99409080817244,28.212757513448146
502.0004,27.143131256103516,26.552559662911367,28.123516676647725,26.9896174887364,28.20878947578956
503.0,27.143131256103516,26.548071125165666,28.119414115297573,26.985157955938774,28.20482902870517
504.0005,27.143131256103516,26.54359154025524,28.115313255922906,26.98070549519288,28.2008702246392
505.0008,27.125473022460938,26.539125809306675,28.111218605786018,26.976264985848072,28.196917414720676
506.0,27.125473022460938,26.534677887607888,28.10713383139546,26.971840374183174,28.192974138448925
506.9998,27.125473022460938,26.53024016064691,28.103051971981245,26.96742409670683,28.189033676177637
508.0001,27.11992319275598,26.525813056282885,28.09897343761309,26.963016585956613,28.18509642377157
509.0002,27.119922637939453,26.521399641194556,28.09490107777163,26.95862090394102,28.181165132004274
510.0,27.119922637939453,26.517000310064116,28.09083528859554,26.95423745479703,28.177240183292025
510.9999,27.08195493850708,26.512613262076016,28.086774434810735,26.949864454411912,28.17331999900726
512.0004,27.081951141357422,26.50823628001495,28.082716484371776,26.945499700432563,28.169402617495347
513.0002,27.081951141357422,26.503875012508985,28.07866670216544,26.941148835592017,28.165493121265413
514.0006,27.064929962158203,26.499523750256344,28.074619814614376,26.936806174074565,28.16158641941881
515.0,27.064929962158203,26.495189408465794,28.070582283969145,26.932478628050703,28.1576887503513
516.0005,27.064929962158203,26.490862845038883,28.066545620134374,26.928157079039632,28.15379191806762
517.0,27.088428497314453,26.486553106846657,28.062518289693685,26.923850572676187,28.14990409586574
518.0006,27.088428497314453,26.482251104583966,28.058491824845916,26.91955003571183,28.146017109272318
519.0,27.088428497314453,26.47796668901163,28.054475473161617,26.91526532528388,28.14213988551858
519.9998,27.05377197265625,26.47369295008816,28.050462791332585,26.910989542432077,28.13826620449495
521.0004,27.05377197265625,26.469428164406043,28.04645217652579,26.90672096919848,28.13439451889113
522.0008,27.05377197265625,26.46517656952511,28.042447634761196,26.90246385474438,28.130528695957047
523.0006,27.041717529296875,26.460939814947697,28.038450753971986,26.898219862192935,28.126670268619286
524.0,27.041717529296875,26.45671699920882,28.034460719830243,26.893988100499772,28.12281845075855
525.0,27.025617599487305,26.45250386520633,28.030473534583656,26.889764312351495,28.118969383106176
526.0006,27.025617599487305,26.44830039956094,28.026489200775703,26.885548490532585,28.11512306811753
526.9997,27.025617599487305,26.444115372606966,28.022516066542142,26.88134944277018,28.111287564745812
528.0,26.990734100341797,26.439937433984884,28.01854338552777,26.877155790719634,28.1074524988936
529.0002,26.990734100341797,26.435771998322988,28.01457632242157,26.872972975778648,28.10362285634311
529.9997,26.990734100341797,26.431621514972292,28.010617243870982,26.868803468790784,28.09980092176023
531.0,26.99688720703125,26.42747972205667,28.00666020221994,26.864640988119483,28.095980953517927
532.0006,26.99688720703125,26.423348674893976,28.002707177137882,26.860487605712997,28.092164862709154
533.0006,26.99688720703125,26.419232049150718,27.99876171504036,26.856347027033816,28.088356072900293
533.9998,26.982412338256836,26.415130608586946,27.99482458730713,26.85222003297182,28.084555328750213
535.0004,26.982412338256836,26.411035299073884,27.99088712317292,26.8480975205702,28.08075425985221
536.0002,26.982412338256836,26.406955101242044,27.986957977721502,26.84398853767153,28.076961221474704
537.0006,27.008974075317383,26.402884263857107,27.98303164069805,26.839887302040488,28.07317089424016
538.0002,27.008974075317383,26.39882844615065,27.97911359844558,26.83579952470577,28.06938857444262
539.0004,27.008974075317383,26.39478193013061,27.975198355185455,26.83171945213775,28.06560895667928
540.0004,27.015159606933594,26.390747925461838,27.97128903880843,26.827650328605763,28.061835060489585
540.9998,27.015159606933594,26.386727997899893,27.967387200118324,26.823593744461654,28.05806838295692
542.0,26.937862396240234,26.382716485927585,27.963487368053677,26.819543995009017,28.054303642539463
543.0004,26.937862396240234,26.378715779751023,27.959591882995465,26.81550349967526,28.0505430985465
544.0007,26.937862396240234,26.37472704726167,27.955701907152488,26.81147344663005,28.04678787292749
545.0001,26.94497418761468,26.370753427710444,27.95182053717901,26.807457019000964,28.043040955067426
546.0002,26.944974899291992,26.3667885226814,27.94794155090927,26.80344775879364,28.039296338338705
547.0001,26.944974899291992,26.362835875606244,27.94406843620511,26.79944925668015,28.035557389782333
547.9998,26.926729202270508,26.35889544646316,27.9402011833166,26.795461481969262,28.03182409998611
549.0008,26.926729202270508,26.354961308584965,27.93633399132521,26.791478442886834,28.02809086897751
550.0002,26.926729202270508,26.351044821484727,27.93247805492024,26.78751164964771,28.02436850365759
550.9998,26.923002243041992,26.34713887453645,27.92862641192495,26.78355391245606,28.02065028302203
552.0001,26.923002243041992,26.343241496501435,27.924777135928167,26.779603240469793,28.016934347391256
553.0008,26.923002243041992,26.33935384216173,27.920931383060026,26.775660810303997,28.013221812846623
554.0008,26.907529830932617,26.33548014725954,27.917093371765063,26.771730926799805,28.00951675170417
555.0,26.907529830932617,26.3316207414271,27.913263467856126,26.767813936653553,28.005819517104847
556.0004,26.907529830932617,26.327767873988773,27.909434001791244,26.763901981222,28.002122705182494
557.0004,26.933177947998047,26.323927688159714,27.905611097691,26.76000130462748,27.998432227915863
558.0008,26.933177947998047,26.32009707954743,27.90179169061741,26.756108762183043,27.994745126537566
559.0006,26.89949607849121,26.31627984177505,27.897979590343276,26.752228217903934,27.99106507884845
560.0002,26.89949607849121,26.312474402348244,27.8941732591174,26.7483580836786,27.987390600365593
561.0006,26.89949607849121,26.308676932294553,27.89036888700895,26.744494472546627,27.983718013135597
562.0008,26.906604766845703,26.304891205612947,27.886570274794217,26.740641231330336,27.98005098627444
562.9998,26.906604766845703,26.30112095251688,27.882781203278306,26.736802168568335,27.97639316961871
564.0006,26.906604766845703,26.297354829094203,27.878990291797678,26.732965740371522,27.972733576735337
565.0008,26.84230613708496,26.293601854872062,27.875206633684805,26.729141140263707,27.969080985960336
565.9998,26.84230613708496,26.28986422036473,27.871432478711625,26.72533061322185,27.965437569132696
567.0006,26.84230613708496,26.286130679802657,27.867656491017165,26.72152270116248,27.961792383069934
568.0004,26.857742309570312,26.28241166043111,27.863889234349198,26.717728045552533,27.958155625587626
569.0008,26.857742309570312,26.278701172921195,27.860124670396253,26.71394054456291,27.954521467543678
570.0004,26.857742309570312,26.27500437555023,27.856368059452855,26.710165472342375,27.950894987014046
571.0002,26.855607986450195,26.271317529379814,27.852615632461738,26.706399020501227,27.94727254550301
572.0004,26.855607986450195,26.267639875580773,27.848866636742155,26.70264042073881,27.94365341640298
573.0008,26.855607986450195,26.26397212826489,27.84512181989701,26.6988904097865,27.940038321419603
574.0008,26.83612060546875,26.260316453240378,27.841383419966206,26.695151210757576,27.93642942106625
575.0006,26.83612060546875,26.25667207916744,27.83765067838134,26.691422044311405,27.932825983051607
576.0,26.814781188964844,26.253039695012927,27.833924330974103,26.687703625034505,27.929228717717873
577.0001,26.814781188964844,26.249415277019203,27.830200272065074,26.683991841375544,27.92563366160791
578.0003,26.814781188964844,26.245800981822352,27.826480735305623,26.680288908310747,27.922042970998568
578.9998,26.794395446777344,26.242199660554512,27.82276868490253,26.676597756417316,27.918459507415392
580.0002,26.794395446777344,26.23860552111589,27.819058173646987,26.672912456807527,27.91487752966311
581.0,26.794395446777344,26.235023927115314,27.81535476086539,26.6692385165688,27.911302404490975
582.0007,26.81908360773997,26.23144947967426,27.811652886109385,26.665570405051692,27.907728764066647
583.0002,26.8190860748291,26.227889645265606,27.80796030929509,26.661915793133307,27.90416409949984
584.0,26.8190860748291,26.22433903765739,27.804271475841112,26.658269161260446,27.90060304862194
585.0006,26.76810646057129,26.22079586837131,27.800584542587828,26.654628678161842,27.897043832121064
586.0004,26.76810646057129,26.21726577337049,27.796905398720586,26.65100014261416,27.89349213517898
587.0,26.76810646057129,26.213746589212327,27.79323182269181,26.647381341074762,27.88994581320334
588.0008,26.79560661315918,26.210233372819964,27.789558670330244,26.643767196302495,27.886399900218922
589.0006,26.79560661315918,26.20673382069179,27.7858940112142,26.640165633419365,27.882862186270813
589.9998,26.79560661315918,26.203246479037677,27.782236361285438,26.63657516773724,27.879331238709106
591.0004,26.759748458862305,26.199764350446674,27.77857839883519,26.632988601078846,27.87579998945177
592.0006,26.759748458862305,26.196293684921024,27.774926705138636,26.629412376598793,27.87227479179615
593.0004,26.759748458862305,26.192834441270165,27.771281268118614,26.62584646149757,27.86875563408344
594.0009,26.75882339477539,26.189382789032173,27.76763807284279,26.622286914404235,27.865238640460063
595.0008,26.75882339477539,26.185943185666844,27.76400184752061,26.618738339738762,27.861728375348523
596.0006,26.74057960510254,26.182513871872906,27.760370762548277,26.61519893181394,27.858223072523177
597.0008,26.74057960510254,26.179093108347818,27.756742997890647,26.611666902639957,27.854720974995583
598.0005,26.74057960510254,26.175683942996578,27.753121810899756,26.60814540725804,27.851225227281887
599.0,26.74734115600586,26.17228531380142,27.74950610363515,26.604633357932418,27.847734769474698
600.0002,26.74734115600586,26.1688941393401,27.745892617648398,26.60112757706944,27.844246455999464
601.0008,26.74734115600586,26.165511424515365,27.7422824383597,26.597629108893265,27.840761334677023
601.9998,26.73588752746582,26.162143884725168,27.738682767024308,26.59414490887797,27.83728635730844
602.9999,26.73588752746582,26.158782382911735,27.735083865019032,26.59066553219329,27.83381212262009
603.9998,26.73588752746582,26.155431273562666,27.73149041061983,26.587195491759918,27.830343146830685
605.0002,26.754167556762695,26.15208818690696,27.727899884067927,26.583732340717535,27.826876997466858
606.0008,26.754167556762695,26.148754107576682,27.724313360836902,26.58027710520941,27.82341471274737
607.0004,26.754167556762695,26.14543299451703,27.72073513031762,26.576833897356824,27.81996043347697
608.0007,26.73467449510827,26.142119167355037,27.717159098773244,26.573396836190955,27.816508277008165
609.0008,26.73467254638672,26.138815587047397,27.71358848101241,26.569968999298545,27.813061346787407
609.9998,26.73467254638672,26.13552518017329,27.71002647494968,26.566553433622055,27.809622729952295
610.9998,26.756017684936523,26.13224100091962,27.70646558602198,26.56314293688839,27.80618519155424
612.0005,26.756017684936523,26.128964031251634,27.702906888279816,26.55973853278631,27.802749768438225
613.0009,26.72447138488507,26.12569752403999,27.69935393458393,26.556343607354595,27.79931989039257
614.0004,26.724468231201172,26.122443393971352,27.69580884130387,26.55296016053986,27.795897600474984
615.0007,26.724468231201172,26.11919607752024,27.692265571932772,26.549582415398845,27.792477071285475
616.0002,26.698143005371094,26.115960741623358,27.688729787882775,26.546215753836048,27.789063768122727
617.0007,26.698143005371094,26.112731535408255,27.685195116835892,26.542854094500644,27.78565153940825
618.0002,26.698143005371094,26.10951488700106,27.681668618497756,26.539504136584497,27.782247200296815
619.0001,26.74947797399674,26.10630625545333,27.678145343026173,26.5361611595695,27.77884597241063
620.0004,26.749483108520508,26.103105625004975,27.674625289890397,26.53282515276072,27.775447855237328
621.0006,26.749483108520508,26.099914572810075,27.671110214585763,26.52949776676045,27.77205454346123
622.0002,26.698143005371094,26.096734657606145,27.667601863370518,26.526180635665582,27.76866772284954
623.0003,26.698143005371094,26.093562352017432,27.66409636875429,26.522870087410208,27.7652836598832
624.0008,26.698143005371094,26.090397959031172,27.660594081412818,26.519566443653495,27.761902693090416
625.0004,26.67373275756836,26.087245556895613,27.65709954253987,26.51627397040285,27.7585292063563
625.9998,26.67373275756836,26.084102896532258,27.653610291355236,26.51299032812884,27.755160824142987
627.0003,26.67373275756836,26.080965875953737,27.6501217892719,26.509711236250045,27.751793165081818
627.9999,26.657329559326172,26.077840742503515,27.64664100515855,26.506443231860832,27.74843295663726
629.0006,26.657329559326172,26.074721219877823,27.643160970009376,26.503179758537303,27.74507347121248
630.0004,26.66878890991211,26.071613519316358,27.639688634386204,26.499927320925277,27.741721418599226
631.0007,26.66878890991211,26.06851325766468,27.63621912729648,26.496681339707795,27.738372096537958
632.0006,26.66878890991211,26.065423199669176,27.632755565048388,26.493444716534214,27.73502851338678
633.0007,26.661670684814453,26.06234146248944,27.62929586193982,26.490215486794398,27.73168865569308
634.0004,26.661670684814453,26.0592698664641,27.625842086242287,26.486995565460653,27.72835452008267
634.9998,26.661670684814453,26.056208069244214,27.62239388173832,26.483784602131188,27.725025762677593
636.0003,26.64958311733236,26.05315176669303,27.618946417523404,26.48057808848014,27.721697719917675
637.0008,26.649581909179688,26.050104308029294,27.61550348543068,26.47737954323495,27.718374052285533
638.0004,26.649581909179688,26.047068397116426,27.612068170488797,26.474191813129554,27.71505773794327
639.0005,26.595174507578953,26.044039751212974,27.608635652677723,26.47101040906767,27.71174412383815
640.0007,26.595169067382812,26.041019564148243,27.60520730299593,26.4678365909318,27.708434533476748
641.0004,26.595169067382812,26.03800961709408,27.60178516941242,26.464672238272755,27.705130943885653
642.0002,26.610614776611328,26.035008073056254,27.59836718941419,26.46151542761478,27.70183136399808
642.9998,26.610614776611328,26.032015806212026,27.594954382021648,26.45836708550306,27.698536777535196
644.0008,26.610614776611328,26.029028017501215,27.591541286733776,26.455222167185468,27.695241913149783
645.0002,26.611860275268555,26.026053633708266,27.58813812536929,26.452090076221342,27.69195663857292
646.0002,26.611860275268555,26.023086069346146,27.584737393871215,26.448963886787052,27.68867370969098
647.0006,26.5648136138916,26.020125905929824,27.58133977321463,26.445844216451032,27.685393783889815
648.0006,26.5648136138916,26.017175485811556,27.577947974535896,26.44273354065852,27.682119478390998
649.001,26.5648136138916,26.014232423882266,27.574559278527296,26.43962935161341,27.678848168084663
650.0003,26.571009969529996,26.011301099354224,27.571178755670935,26.436536276452827,27.675584747809506
650.9999,26.57101058959961,26.00837737071103,27.56780165873843,26.433449953471033,27.672324634782907
651.9998,26.57101058959961,26.00546122106619,27.564427985892458,26.430370370503024,27.6690678272312
653.0011,26.546274185180664,26.00254943939209,27.56105403119908,26.42729414014014,27.665810747595394
654.0008,26.546274185180664,25.999650722753444,27.557689896222463,26.424230457785537,27.662563147517666
655.0006,26.546274185180664,25.996760098603747,27.554329844435813,26.421174077491763,27.65931948918667
656.0006,26.59976577758789,25.99387725734767,27.550973535947755,26.418124678082734,27.656079444485
657.0,26.59976577758789,25.99100447608598,27.54762364736068,26.415084675685538,27.652845597296533
657.9999,26.59976577758789,25.988138567513538,27.544276485132784,26.412050704353938,27.64961438202514
659.0008,26.489330291748047,25.985278093161995,27.54093037963088,26.40902124515938,27.646384186874354
660.0005,26.489330291748047,25.982429313949595,27.537592678567513,26.40600293593503,27.643162105029198
661.0004,26.489330291748047,25.979588204085204,27.534258695397632,26.402991519830547,27.6399436122883
662.0004,26.528303146362305,25.976755027583998,27.530928759763505,26.399987282768503,27.636729026874995
662.9999,26.528303146362305,25.973931455676738,27.52760486124705,26.396992004240833,27.633520269451342
663.9998,26.528303146362305,25.971114920963576,27.524284000441185,26.39400296750599,27.63031444451084
664.9999,26.548986274179185,25.968305970530864,27.520966839775312,26.391020758642032,27.627112191536096
666.0007,26.548988342285156,25.965503187446878,27.517651720985054,26.388043878249647,27.62391190970563
667.0002,26.532329559326172,25.96271214199591,27.51434525935983,26.385078250271043,27.620719985152743
668.0005,26.532329559326172,25.959926940538825,27.511040498870383,26.38211761987154,27.617529702807655
668.9997,26.532329559326172,25.957152846411976,27.507743709019497,26.379167588966546,27.61434711499522
669.9998,26.526451110839844,25.954384281287435,27.50444828394443,26.376222232312408,27.611165844682247
671.0003,26.526451110839844,25.95162262172561,27.50115587394564,26.37328301851121,27.607987485002184
672.0008,26.526451110839844,25.948868953455847,27.497867792230913,26.37035110885745,27.604813303672795
673.0006,26.53542137145996,25.94612517160352,27.494586329083056,26.367428528870448,27.601645511640637
674.0008,26.53542137145996,25.94338823079109,27.491307866550834,26.364512041707446,27.59848061628166
675.0007,26.53542137145996,25.940660024730466,27.488034694079843,26.361603671557614,27.59532082773421
676.0003,26.534465885391327,25.93794052342708,27.4847668021393,26.35870339392736,27.592166136797648
676.9998,26.534465789794922,25.93522915523563,27.481503528664884,26.355810606274023,27.58901590434181
678.0003,26.534465789794922,25.932522924014414,27.47824128241201,26.352922116760368,27.585866663524175
678.9997,26.554632076197013,25.92982748615989,27.474986904398687,26.35004396926434,27.582725018387315
680.0004,26.55463409423828,25.927136348437326,27.471732575079272,26.347169236408376,27.579583420257592
680.9998,26.55463409423828,25.924456480365958,27.468486744173198,26.344305369515165,27.576450026152983
682.0007,26.552751541137695,25.921780353618008,27.465240313557533,26.341444329337047,27.573316053112944
683.0006,26.552751541137695,25.919114635872944,27.46200138960235,26.338593249696064,27.570189326699847
684.0004,26.58243751525879,25.916456892620904,27.45876704435194,26.335749535014283,27.567067020383476
685.0,26.58243751525879,25.913807363940556,27.45553759380327,26.332913448958962,27.563949439214536
686.0002,26.58243751525879,25.911163911737685,27.452310450327058,26.330082708444653,27.5608340852002
687.0008,26.55958366394043,25.908527053900638,27.44908626000719,26.327257872554622,27.557721582043754
688.0,26.55958366394043,25.90590150037373,27.44587081098135,26.324443994955217,27.55461751737964
689.0006,26.55958366394043,25.90327987166337,27.442655087217105,26.321633173052902,27.55151318749416
690.0003,26.564559936523438,25.900668177625683,27.439446478060635,26.31883185573831,27.548415725763768
691.0007,26.564559936523438,25.89806221409091,27.436239841377102,26.316035540122463,27.545320168179106
692.0008,26.564559936523438,25.89546456865223,27.4330383795079,26.31324700828439,27.54222960615127
693.0008,26.62111473083496,25.892874695516777,27.429841444161937,26.310465681158686,27.539143413846205
694.0006,26.62111473083496,25.890292828571887,27.426649347615054,26.30769181656556,27.536061892722405
695.001,26.62111473083496,25.887716884729123,27.423459532677068,26.304923181945853,27.532982574171708
696.0,26.576913833618164,25.88515198328854,27.420278365890514,26.302165286997873,27.52991160419723
696.9997,26.576913833618164,25.88259270323623,27.417099150222022,26.29941231007657,27.52684251775336
697.9999,26.576913833618164,25.880039548471153,27.413922523737586,26.296664797252703,27.523775930803232
699.0002,26.655738830566406,25.87749352528751,27.410749755100767,26.29392383646825,27.52071306806343
700.0002,26.655738830566406,25.8749556282146,27.407582106301117,26.29119050477898,27.517655147807716
700.9998,26.603498458862305,25.87242608203556,27.4044198842549,26.288465051477665,27.51460246632066
702.0006,26.603498458862305,25.869900825412987,27.40125802690232,26.285743105359927,27.51155013689411
702.9998,26.603498458862305,25.86738689787454,27.39810537241665,26.283032260914354,27.508506691543715
704.0001,26.60257348724481,25.8648774797978,27.394953393246414,26.28032517115187,27.505463898115565
705.0006,26.60257339477539,25.862374822106634,27.39180492795403,26.277624268110205,27.502424496843226
706.0001,26.60257339477539,25.859881896805547,27.388663742402677,26.274932766496743,27.499392123138946
707.0008,26.619865596645823,25.857393197940556,27.3855229183291,26.272244727385992,27.496360098390724
708.0004,26.6198673248291,25.854914425740173,27.382389669770575,26.269566313338416,27.493335386738863
709.0008,26.6198673248291,25.852440844598775,27.379258033894047,26.26689241374535,27.490312231905094
710.0008,26.617443084716797,25.849975405182995,27.37613176421833,26.26422622346244,27.487294257384917
711.0,26.617443084716797,25.847519060142655,27.373012098451024,26.26156878054968,27.48428265801129
712.0002,26.617443084716797,25.8450673660385,27.36989341253401,26.258915283322477,27.481272004545573
713.0003,26.607520142074538,25.842623008226397,27.366779136482272,26.256268642551298,27.478265608185737
713.9997,26.607519149780273,25.84018742418339,27.363671128380386,26.25363042180353,27.47526526265162
715.0002,26.607519149780273,25.83775621101358,27.360563787531373,26.250995857040806,27.47226556125649
716.0008,26.681425094604492,25.835331790992015,27.35746022170341,26.24836757700806,27.46926950411426
717.0004,26.681425094604492,25.832916799566167,27.354363831899448,26.245748446003454,27.466280374415863
717.9998,26.61527442932129,25.830509271114686,27.351272127332873,26.243136339956365,27.463295767656472
719.0,26.61527442932129,25.828106782746936,27.348182012758507,26.240528634887607,27.46031269581136
720.0006,26.61527442932129,25.825710287635715,27.345094725945444,26.23792636921486,27.45733235377284
721.0006,26.60630226135254,25.82332215865052,27.34201334577399,26.235332125606252,27.45435771376765
722.0004,26.60630226135254,25.82094141219518,27.338936629500274,26.232744842569545,27.451387576101023
722.9998,26.60630226135254,25.818568498348455,27.335865183634358,26.230165015882434,27.44842252627329
724.0,26.636272430419922,25.816200552120897,27.33279531734206,26.227589535788134,27.44545900130216
725.0006,26.636272430419922,25.813838512980915,27.32972826028189,26.225019427871963,27.442498188250294
726.0004,26.636272430419922,25.811485189759086,27.32666768299497,26.222457754686673,27.4395436305099
727.0,26.56855583190918,25.809139140205357,27.32361173743775,26.21990295351564,27.436593544054354
727.9998,26.56855583190918,25.806799405850242,27.32055919546173,26.217353986234414,27.433646743278675
729.0006,26.56855583190918,25.804464107095814,27.31750761649155,26.21480880890252,27.430700872149952
730.0,26.606882095336914,25.802138820552145,27.314464310786676,26.212273505542374,27.427762987697516
730.9998,26.606882095336914,25.79981932856027,27.311423785837157,26.209743484712796,27.424827787674026
732.0,26.606882095336914,25.797505619731243,27.308386041186026,26.20721873832282,27.421895271638345
732.9997,26.576630757364853,25.795199755582807,27.305353804409258,26.204701521642303,27.418968072682194
734.0008,26.576627731323242,25.79289734330786,27.302321312664056,26.202187043389717,27.416040627589805
735.0,26.576627731323242,25.790605948233537,27.299298553954873,26.199683572010848,27.41312257837742
735.9999,26.576913805007933,25.788319576759804,27.296277650424468,26.197184566550064,27.410206320079716
737.0008,26.576913833618164,25.78603754061196,27.293257700617566,26.194689277622455,27.40729098246818
738.0002,26.554317474365234,25.78376551567029,27.290246239428235,26.192203917771902,27.40438383942531
739.0001,26.554317474365234,25.781498926200364,27.287237229163654,26.189723488630715,27.40147906240624
740.0002,26.554317474365234,25.779238440134787,27.28423157157173,26.187248725545658,27.398577521921986
741.0007,26.524922447921323,25.776983592343036,27.281228663939732,26.184779123840855,27.395678636138012
742.0003,26.524919509887695,25.77473728885768,27.278232399947452,26.18231787252213,27.39278616385558
743.0002,26.524919509887695,25.772496808323933,27.275239173909775,26.1798619961651,27.389896624291868
744.0,26.514994660286035,25.77026303018635,27.272250179246022,26.177412463871185,27.387011169525692
745.0004,26.51499366760254,25.768034376594812,27.269263321020407,26.17496755003948,27.384127777190642
746.0,26.51499366760254,25.765813945798048,27.266282772824926,26.17253065924712,27.381250476303908
747.0,26.475093841552734,25.763599049715715,27.263304949062913,26.170098847338174,27.378375805475244
748.0006,26.475093841552734,25.76138923640697,27.26032925489389,26.16767162197901,27.37550319046967
749.0,26.475093841552734,25.75918845686902,27.257361034695876,26.165253329125452,27.37263779053394
750.0008,26.425262451171875,25.75699096906121,27.25439256249527,26.1628376642663,27.369772147325087
751.0,26.425262451171875,25.754803339865003,27.251432730296912,26.16043185188702,27.366914844825555
752.0001,26.425262451171875,25.7526200707973,27.248474123383627,26.15802985145783,27.364058725166764
753.0008,26.445695877075195,25.7504418126866,27.24551763288638,26.155632382092083,27.361204648610563
754.0008,26.445695877075195,25.748271376068068,27.242567093860355,26.15324254259816,27.358356317364386
755.0002,26.431739807128906,25.746108513428908,27.23962219858504,26.150860067620002,27.355513434367275
756.0005,26.431739807128906,25.743949963195565,27.236678523715558,26.148481369225905,27.352671729500685
757.0004,26.431739807128906,25.741798517234987,27.233739892698264,26.14610952853138,27.349834893765344
758.0008,26.365236282348633,25.739652221924363,27.23080365599628,26.143742396870717,27.347000369405333
758.9998,26.365236282348633,25.737515127224263,27.227875379950365,26.141384447431783,27.34417352994128
760.0002,26.365236282348633,25.735381225332716,27.22494685211262,26.13902905674884,27.341346447407552
761.001,26.369232177734375,25.733252648084026,27.222021005171523,26.136678580517813,27.33852195290321
762.0009,26.369232177734375,25.731132137934356,27.219101631744522,26.134336052993145,27.335703707668003
762.9997,26.369232177734375,25.72902008282188,27.216189299205126,26.132001910769333,27.332892259421413
764.0002,26.33982276916504,25.72691054966845,27.213275841636566,26.129669601179973,27.33007972511709
765.0002,26.33982276916504,25.724808170445005,27.210367667302744,26.127344248769894,27.327272291034273
766.0001,26.33982276916504,25.722712081073887,27.20746360446229,26.12502490380477,27.324468826021146
767.0004,26.332069396972656,25.72062121854764,27.204562197634903,26.122710394742683,27.321667925015795
768.0,26.332069396972656,25.718537861870875,27.20166663068191,26.120403249884568,27.3188726615894
769.0007,26.332069396972656,25.71645824562598,27.198771686771273,26.118099303866984,27.316077999622934
770.0003,26.28998414532286,25.714386924339248,27.195883725324677,26.11580360759022,27.313290078245338
771.0004,26.289979934692383,25.71232055977525,27.192998115338163,26.113512467117758,27.31050442687236
772.0,26.289339065551758,25.7102612007722,27.190117737148988,26.11122815920333,27.3077238260653
773.0006,26.289339065551758,25.708205744240747,27.18723826631912,26.10894724613717,27.30494410118628
774.0006,26.289339065551758,25.706157463275098,27.18436430453433,26.10667336449409,27.302169694516948
775.0002,26.24724769592285,25.704115922132406,27.181495266364173,26.10440603694827,27.299400040906384
776.0,26.24724769592285,25.702079876499294,27.178629423605777,26.102143886846083,27.29663347201732
777.0008,26.24724769592285,25.700047690742576,27.175764484953966,26.09988510023716,27.29386777591625
778.0008,26.22805404663086,25.698023004595004,27.172905599354372,26.097633727406382,27.291107923187397
779.0,26.22805404663086,25.696005786996793,27.17005275284309,26.095389740991955,27.288353900350568
780.0004,26.22805404663086,25.693991986858226,27.167200232476258,26.093148638892,27.28560019236042
781.0003,26.179121017456055,25.691985015515172,27.164352884609176,26.0909142214593,27.28285147769269
781.9997,26.179121017456055,25.68998484741469,27.161510698704703,26.08868646654203,27.28010774617525
783.0,26.179121017456055,25.687988667332856,27.15866969064187,26.08646224295407,27.277365151698568
784.0006,26.14446258544922,25.685997666278176,27.155831566325496,26.084242881028377,27.274625341074287
785.0007,26.14446258544922,25.684013417658434,27.15299858886622,26.082030139803656,27.271890499018042
786.0002,26.14446258544922,25.6820360937484,27.150171030489535,26.079824217765854,27.26916088832533
787.0004,26.121850967407227,25.68006310700568,27.147345209198388,26.07762223295632,27.26643295454486
788.0002,26.121850967407227,25.67809661331375,27.144524229564624,26.0754265959294,27.263709694704946
789.0007,26.133282472533082,25.67613443515059,27.141704984678903,26.073234879869055,27.26098810952075
790.0003,26.133283615112305,25.674179692279296,27.13889197709701,26.071050574588853,27.25827254557784
791.0005,26.133283615112305,25.672229432451008,27.13608097908679,26.06887038635349,27.255558921594275
792.0,26.085302352905273,25.670286173305062,27.13327563880606,26.066697134557636,27.252850759354335
793.0002,26.085302352905273,25.668347176606964,27.130472021961378,26.064527761678747,27.250144260849968
794.0,26.085302352905273,25.66641456109926,27.12767320872981,26.062364642570266,27.247442399559752
795.0006,26.037604330540702,25.664485994311747,27.12487583722959,26.060205170808587,27.24474193005877
796.0008,26.037599563598633,25.66256377630962,27.122083259664016,26.058051926072423,27.242046088428737
797.0004,26.037599563598633,25.660648266980132,27.11929602410098,26.05590531757295,27.239355403752263
798.0008,26.005969348280267,25.658736769121287,27.116510223127165,26.05376232717219,27.236666103970308
799.0006,26.005966186523438,25.656831943395886,27.113729751590256,26.051625942210805,27.23398194901156
800.0004,26.005966186523438,25.65493262572957,27.110952932774648,26.04949486260238,27.231301320242476
800.9998,26.051179885864258,25.653039556780705,27.10818087064319,26.047369924600556,27.22862528338422
802.0008,26.051179885864258,25.65114894211791,27.105408019511227,26.045246872141465,27.22594848485673
802.9997,26.051179885864258,25.649267750096374,27.1026446211636,26.043133535612505,27.223280811665575
804.0001,26.074693236528326,25.64738918024891,27.099880708351698,26.041022280795588,27.220612641831384
805.0002,26.074695587158203,25.64551660669584,27.09712125589407,26.03891690283256,27.21794877784312
806.0004,26.074695587158203,25.64364926313603,27.09436515425797,26.036816545055952,27.215288148602664
806.9998,25.998844146728516,25.641788808508892,27.09161487487304,26.034723078944065,27.212633139928418
807.9998,25.998844146728516,25.639932619384297,27.088866559195026,26.032633557370463,27.209980026937533
809.0008,26.0152645111084,25.638079950612784,27.08611911181808,26.03054714407092,27.207327752169448
809.9998,26.0152645111084,25.63623633108421,27.08338075669317,26.02847007136913,27.204684254694374
811.0001,26.0152645111084,25.634395649660256,27.080642439676616,26.02639545976776,27.20204079400757
812.0002,25.982736587524414,25.632560659901415,27.0779082682207,26.02432641594182,27.19940133527762
813.0002,25.982736587524414,25.630731160536534,27.075177962589564,26.022262717891554,27.196765608458833
814.0006,25.982736587524414,25.628906223844602,27.07245015452345,26.020203323307427,27.194132292688476
815.0004,25.936307907104492,25.62708765714209,27.06972756494966,26.01815027649139,27.191504014639907
816.0006,25.936307907104492,25.625273624651133,27.067007464949715,26.016101509747397,27.188878139925414
816.9999,25.936307907104492,25.623466465000625,27.064293382567616,26.014059669461588,27.186258074376223
818.0,25.99698829650879,25.62166308791431,27.06158069540156,26.012021268677987,27.18363935571227
819.0008,25.99698829650879,25.61986367033374,27.05886967802794,26.00998651001375,27.181022248998513
819.9998,25.99698829650879,25.618072683535633,27.05616709201432,26.007960455386172,27.17841328157928
820.9998,25.93659210205078,25.616285086466043,27.053465353599904,26.005937407568023,27.1758051323981
822.0004,25.93659210205078,25.61450159159847,27.05076554733582,26.00391817534494,27.173198848436837
823.0002,25.93659210205078,25.612724677822214,27.04807144495402,26.001905569956584,27.17059807077323
824.0002,25.947107315063477,25.610952548317517,27.045380343963352,25.999897561432782,27.168000190531444
825.001,25.947107315063477,25.609184132631093,27.042690630356446,25.99789294003343,27.165403649613925
826.0008,25.90715789794922,25.607422595000685,27.04000713603908,25.99589529730422,27.16281311254742
827.0002,25.90715789794922,25.605666852794144,27.037328238541217,25.99390341162685,27.16022701306486
828.0002,25.90715789794922,25.60391513601383,27.034651253783405,25.991915279088477,27.15764276006432
828.9998,25.92045783996582,25.602169183218617,27.031978855183066,25.98993287702164,27.155062934355037
830.0004,25.92045783996582,25.60042653899232,27.029307298425564,25.987953421122512,27.15248392132684
831.0007,25.92045783996582,25.598689458095212,27.026640053521223,25.985979476067453,27.149909070787587
832.0,25.877405166625977,25.596959131740157,27.023978975534135,25.984012401426718,27.147340173541263
833.001,25.877405166625977,25.595230875502324,27.021316873590454,25.98204687533513,27.144770287808583
834.0001,25.877405166625977,25.593510888917653,27.018663316040904,25.980089953019874,27.142208650489014
835.0002,25.888845443725586,25.591794158351316,27.0160105913283,25.978135935598292,27.139647817156607
836.0006,25.888845443725586,25.5900818806945,27.013360558390627,25.976186188141213,27.137089582355035
836.9998,25.888845443725586,25.588376602292087,27.01071718140883,25.97424361550894,27.13453777294453
838.0002,25.909583879744392,25.586674212879007,27.008074106624402,25.97230353976806,27.131986255263165
839.001,25.90958595275879,25.584976071372385,27.005433451420984,25.97036751193695,27.12943707334761
840.0002,25.90958595275879,25.58328554825504,27.00280048207929,25.968439380348215,27.12689531105265
841.0002,25.824443817138672,25.581598562946404,27.000168865699546,25.96651449608535,27.124354854852523
842.0011,25.824443817138672,25.579914945054238,26.99753834339375,25.96459266696102,27.121815454827214
843.0008,25.845827102661133,25.578238210686656,26.994914428190757,25.962677911157748,27.119282433032186
844.0,25.845827102661133,25.576567159321765,26.992295269462254,25.960768863954485,27.116754002945587
845.0002,25.845827102661133,25.574899271988443,26.98967693338067,25.95886265124296,27.11422636700911
846.0,25.83278465270996,25.57323687363127,26.987063083459017,25.95696193367557,27.111703061830294
847.0004,25.83278465270996,25.571578289008674,26.984451101833994,25.955064799809556,27.109181560229615
848.0002,25.83278465270996,25.569925493719236,26.98184411711701,25.95317351356784,27.106664882442203
849.0,25.844223022460938,25.56827747770907,26.9792405572107,25.95128692401761,27.104151510828736
850.0007,25.844223022460938,25.56663275007958,26.9766380785616,25.949403327549625,27.101639183017323
851.0,25.844223022460938,25.564995073705223,26.974042655624924,25.94752703825782,27.099133666505807
851.9999,25.845184230041504,25.563361151493776,26.971449085330498,25.945654283718504,27.09662993846032
853.0006,25.845184326171875,25.56173065285959,26.968856851590306,25.943784687541743,27.09412750067032
854.0006,25.845184326171875,25.560106008872403,26.966269836065603,25.94192104129677,27.09163010033487
855.0004,25.857269287109375,25.558486387219777,26.963686736181028,25.940062395370056,27.089136480000306
856.0004,25.857269287109375,25.556871126335746,26.96110651402417,25.938207994658843,27.08664563770789
856.9998,25.857269287109375,25.55526150208377,26.958531227280975,25.936359308458286,27.08415955986455
857.9998,25.838956832885742,25.553655568250385,26.955957779299474,25.934514105578266,27.081675257087507
859.0,25.838956832885742,25.55205395932352,26.95338719907169,25.932673118198647,27.07919372272412
860.0008,25.838956832885742,25.550456026907806,26.950818458179853,25.93083560417097,27.07671396398139
861.0004,25.838956832885742,25.548864627418855,26.9482561691844,25.929004852905642,27.074240433638934
862.0006,25.838956832885742,25.547276877674562,26.945695710650906,25.927177552295827,27.07176867035054
863.0004,25.83182716369629,25.545694353175588,26.94313963911209,25.925355519345892,27.06930114208969
864.0007,25.83182716369629,25.544115616769044,26.94058564972622,25.923537103302724,27.06683562385522
865.0,25.83182716369629,25.54254301919085,26.938037565400357,25.92172501634739,27.064375806127263
866.0,25.85848045349121,25.54097386990296,26.935491045441275,25.919916162532807,27.061917498575834
867.0008,25.85848045349121,25.539408009051545,26.932945838327925,25.918110359906954,27.059460458392664
867.9998,25.85848045349121,25.53784948470299,26.930408546898796,25.916312281918195,27.057011059691447
868.9999,25.850428432685046,25.536293754778363,26.92787179774549,25.91451669308752,27.05456218448141
870.0006,25.850427627563477,25.53474159550652,26.925336863235604,25.912724491403157,27.052115061054867
871.0,25.850427627563477,25.533195936196922,26.922808548498686,25.91093906391234,27.049674328089868
872.0008,25.838956832885742,25.531652588746937,26.920280019107253,25.90915557667184,27.04723338790607
873.0,25.838956832885742,25.530116165232105,26.917758849225407,25.907379363524868,27.044799552295682
874.0002,25.838956832885742,25.528582650839404,26.91523847121334,25.905605787641914,27.042366481124407
875.0,25.83182716369629,25.527054183204807,26.912722411523475,25.903837324543616,27.039937578687027
876.0004,25.83182716369629,25.525529222052185,26.910208150232904,25.902072195787966,27.03751041235172
877.0008,25.83182716369629,25.524008673171757,26.9076971939226,25.900311453060183,27.035086436510923
878.0,25.871809005737305,25.52249433981859,26.905192544256334,25.89855718964364,27.03266854884964
879.0,25.871809005737305,25.52098317555649,26.902689181614424,25.896805880727197,27.030251903629708
880.0002,25.815427780151367,25.519476080978983,26.90018860862576,25.895058572803556,27.02783795142839
881.0,25.815427780151367,25.517973946212617,26.89769232002611,25.893316301940487,27.025428135203235
882.0002,25.815427780151367,25.516475556701682,26.895198314067542,25.891577663261913,27.023020522547625
882.9999,25.826582746473306,25.514982247513284,26.89270883010574,25.889844209834486,27.020617275245108
884.0005,25.826583862304688,25.513491917444455,26.8902203794744,25.888113505952088,27.018215025478103
885.0003,25.826583862304688,25.512007086689618,26.88773718619417,25.886388481995183,27.015817850945588
885.9997,25.867752075195312,25.510527140998516,26.885258246618232,25.884668429423904,27.013424782767455
887.0002,25.867752075195312,25.5090498512022,26.88277983924154,25.882950760461533,27.011032228352985
888.0006,25.867752075195312,25.507576983188684,26.88030493726938,25.881237531065555,27.008643057914515
889.0002,25.841768264770508,25.506109549438914,26.877835263769697,25.879529923670102,27.00625893483227
890.0007,25.841768264770508,25.504645042631807,26.875366614830863,25.877825024246174,27.00387580081971
891.0008,25.841768264770508,25.503185356573788,26.872902196260007,25.876125040693886,27.001496750633585
891.9998,25.875551223754883,25.50173149119378,26.870443721430586,25.87443114286443,26.999123438295463
893.0006,25.875551223754883,25.500279218276933,26.867984052771245,25.872738407476053,26.996748973482138
894.0002,25.875551223754883,25.498832882778036,26.86553056205199,25.871051902008634,26.99438047260273
895.0003,25.86008608005114,25.497390008395527,26.863079069034427,25.869368743407673,26.992013900223885
896.0,25.860084533691406,25.495951882118078,26.860631776090198,25.867690436590266,26.989651382426253
897.0006,25.850784301757812,25.49451662487148,26.858185498963863,25.866014791846204,26.9872898452582
898.0,25.850784301757812,25.493087234991567,26.85574536608599,25.864345313693146,26.984934239499538
899.0008,25.850784301757812,25.49165998306581,26.853305026040267,25.86267764978655,26.982578433749396
900.0008,25.934709548950195,25.490237998292212,26.85086984195337,25.861015459478118,26.980227605353726
900.9999,25.934709548950195,25.488821400439075,26.84844004496977,25.859358888167037,26.977881977450078
902.0002,25.934709548950195,25.487407201929084,26.84601052515542,25.857704445524643,26.975536617114432
903.0008,25.92017319043509,25.485996672513153,26.84358347140911,25.856053619129018,26.9731936374213
904.0,25.9201717376709,25.484592190090638,26.841162997792484,25.854409196728568,26.97085700991969
905.0004,25.9201717376709,25.48319008706537,26.838742800890362,25.852766887991244,26.96852064954709
906.0001,25.944648201643503,25.481793017664128,26.83632747544462,25.851129804972754,26.966188991881793
907.0009,25.944650650024414,25.48039845710064,26.83391267029016,25.84949499234497,26.963857836484692
908.0002,25.944650650024414,25.479010014227615,26.831504652828613,25.847866684687112,26.961533233652272
909.0007,25.952088566198164,25.477623924146354,26.82909691126315,25.84624047057888,26.959208897158792
909.9999,25.952089309692383,25.476243638140346,26.82669545730968,25.844620402877073,26.956890630472063
911.0002,25.952089309692383,25.474865828079565,26.824294517760467,25.84300257906676,26.95457286037044
912.0002,25.97411346435547,25.47349241555813,26.82189745256232,25.841389258251134,26.952258830410905
913.0001,25.97411346435547,25.472123111982334,26.819503776266124,25.839780105378377,26.94994807196048
914.0,25.98430633544922,25.470757768326955,26.817113244870427,25.838174948965495,26.947640349470024
915.0004,25.98430633544922,25.469395693360337,26.814724661213624,25.836572979417536,26.945334507248056
916.0,25.98430633544922,25.4680386438777,26.812341123673416,25.834976266768425,26.943033536343307
917.0002,26.031373977661133,25.46668470667714,26.809959288897726,25.833382563651742,26.940734209218675
918.0008,26.031373977661133,25.465334147013415,26.80757963373708,25.83179218483062,26.938436986206405
919.0002,26.031373977661133,25.463989108470596,26.805205955492305,25.83020765881079,26.93614553306739
920.0,26.079103469848633,25.4626474217278,26.802834446145148,25.82862643429218,26.933856173694565
921.0002,26.079103469848633,25.461309080197214,26.800465105339185,25.82704850621806,26.93156890774386
922.0006,26.079103469848633,25.45997434375252,26.798098405554573,25.825474183881564,26.929284191328527
923.0004,26.061758041381836,25.458644266240416,26.795736233436255,25.823904714152317,26.927003845739435
924.0006,26.061758041381836,25.457317504995356,26.793376221321044,25.82233851636186,26.924725585330126
925.0004,26.061758041381836,25.455995110088885,26.791020252763055,25.82077683353584,26.922451228407702
926.0008,26.131113052368164,25.454675748909658,26.78866596817632,25.819218095179316,26.920178497123132
927.0008,26.131113052368164,25.453360730372165,26.786315717763525,25.817663850932252,26.917909660267203
928.0,26.131113052368164,25.45205056260173,26.78397043200193,25.81611470592728,26.91564561608509
929.001,26.160564422607422,25.45074183112734,26.781624008836513,25.81456662535375,26.913380473899256
930.001,26.160564422607422,25.449438190313032,26.779283011335185,25.81302393455797,26.911120569430466
931.0005,26.141048431396484,25.448138968898878,26.776946258023216,25.811485844014516,26.90886476213072
932.0,26.141048431396484,25.446843503232056,26.774612573596865,25.809951571915715,26.906611917409244
933.0002,26.141048431396484,25.445550879108453,26.772280322848946,25.808420038254344,26.904360456703042
934.0004,26.198985982916064,25.444261994274136,26.76995113721712,25.806892309419133,26.902111954936156
935.0008,26.198991775512695,25.442976581304382,26.767624547847067,25.805368071610815,26.899865959495564
936.0004,26.198991775512695,25.44169591096807,26.765302873624613,25.803848835622908,26.897624708940015
937.0008,26.22128677368164,25.440417922618934,26.762982394367118,25.802332160300242,26.895384611955382
937.9999,26.22128677368164,25.43914528547975,26.760667974840217,25.800821217194137,26.893150364790003
939.0004,26.22128677368164,25.437874550199997,26.75835335693332,25.7993119142921,26.890915926116588
940.0,26.26184844970703,25.436608630124002,26.756043859892372,25.797807714748195,26.888686430920405
940.9999,26.26184844970703,25.43534599161321,26.753736704483273,25.796306800124796,26.886459196241056
942.0001,26.26184844970703,25.434086627368675,26.75143188944841,25.79480916450035,26.884234220864506
943.0007,26.320983698195086,25.432830404738926,26.749129183547893,25.79331465278487,26.882011281561095
944.0,26.32098960876465,25.43157944258073,26.74683249097102,25.791825789872753,26.879794147277543
945.0006,26.32098960876465,25.430330475604734,26.744535832158075,25.79033869278748,26.87757704558832
946.0001,26.331207275390625,25.429086490155527,26.74224471272532,25.788856920346046,26.875365291393077
947.0005,26.331207275390625,25.427844985487784,26.73995454327181,25.78737749723969,26.873154454269443
948.0008,26.331207275390625,25.426607196511195,26.73766761270544,25.785901897566273,26.87094674383668
949.0004,26.37054443359375,25.42537385099162,26.735385285212015,25.78443099289153,26.868743477024687
950.0002,26.37054443359375,25.42414382544536,26.73310549967714,25.782963447028376,26.866542664116846
951.0009,26.40642570479595,25.422916254239478,26.730826660936128,25.7814982294329,26.864342765205574
952.0006,26.406429290771484,25.421693457303235,26.72855309136767,25.780038112468855,26.862147952940738
953.0,26.406429290771484,25.42047456125409,26.72628318923371,25.778582057633248,26.85995668106909
953.9998,26.43152618408203,25.419258702661253,26.72401536117417,25.777129036617694,26.85776741142515
954.9998,26.43152618408203,25.41804611772061,26.721750059610688,25.775679334355456,26.85558058075849
956.0003,26.43152618408203,25.41683643616893,26.719486604163023,25.774232510752817,26.85339553225751
957.0006,26.56050682067871,25.415630495785773,26.71722657588313,25.772789570748518,26.851213792205918
957.9998,26.56050682067871,25.414429364669846,26.714971998487986,25.77135179668275,26.849037314218382
959.0004,26.56050682067871,25.413230029068366,26.712717228454434,25.76991558395072,26.8468606502655
960.0006,26.51292610168457,25.412034641644563,26.710466322484045,25.768483512663593,26.84468771652319
961.0002,26.51292610168457,25.410843426204835,26.708219722336903,25.767055854977887,26.842518939448787
962.0001,26.51292610168457,25.409655298678164,26.705975400049553,25.765631315058055,26.84035236132826
963.0008,26.628013610839844,25.408469660649683,26.703732234337153,25.764209177595912,26.838186899718494
963.9999,26.628013610839844,25.407289341607985,26.7014955976218,25.762792840308105,26.836027740938864
965.0006,26.628013610839844,25.406110551211363,26.699258322345578,25.761377758058266,26.83386796571835
966.0004,26.583818435668945,25.404936228080235,26.697025997007618,25.75996746102893,26.831712968968382
967.0007,26.583818435668945,25.403764715929015,26.694795490101857,25.75855996357183,26.829559727659436
968.0002,26.688019816526,25.40259752592042,26.692569695245513,25.75715708461243,26.827411035172748
969.0004,26.688030242919922,25.4014328960884,26.690345267786604,25.75575670957411,26.82526366271633
969.9997,26.688030242919922,25.40027267869941,26.688125761379993,25.754361068915234,26.823121040845116
971.0007,26.71865729466304,25.399113849364173,26.68590540092918,25.75296652695292,26.820977594514112
972.0009,26.718660354614258,25.397959297074568,26.68368973189204,25.75157656261846,26.818838677084447
973.0006,26.718660354614258,25.396808659319852,26.68147808018621,25.750190743661783,26.816703637824226
974.0006,26.773406982421875,25.395661004658056,26.679268671262257,25.748807951487574,26.814570763655077
975.0002,26.773406982421875,25.394517126328395,26.677063047454084,25.74742914498889,26.812441543483875
976.0004,26.773406982421875,25.39337587139019,26.67485899931145,25.74605293730651,26.810313844396568
977.0,26.77219581604004,25.39223859950998,26.672659167356368,25.74468097105557,26.808190215446487
978.0004,26.77219581604004,25.39110370931107,26.670460467654063,25.74331131724741,26.80606767952753
979.0,26.77219581604004,25.38997300637987,26.668266412919927,25.741946157988814,26.803949627673298
980.0006,26.81516456604004,25.388844446123187,26.666073049343638,25.740583027576026,26.80183224303494
981.0004,26.81516456604004,25.387720050250852,26.663884319687863,25.739224370764568,26.799719331796357
982.0002,26.81516456604004,25.38659890572,26.661698465378706,25.73786908794893,26.797609196301302
983.0008,26.823205947875977,25.385480109923538,26.659513737052038,25.736516090345617,26.795500147784278
984.0003,26.823205947875977,25.384365776463817,26.657334278137064,25.735167937234582,26.79339618614455
985.0002,26.80186653137207,25.38325422025968,26.655156811029425,25.733822593509167,26.7912941473152
986.0002,26.80186653137207,25.38214576790562,26.652981987419217,25.73248045700566,26.789194660411543
987.0002,26.80186653137207,25.381040521430467,26.650810021458334,25.731141654138465,26.78709793216716
988.0008,26.761062622070312,25.379937811289928,26.6486396087806,25.72980537633745,26.785002703399616
989.0008,26.761062622070312,25.378838950692813,26.646473348567667,25.728473217910693,26.782911483253937
989.9999,26.761062622070312,25.377744252921314,26.644311880545853,25.727145562815856,26.780824889296074
991.001,26.717422485351562,25.376650536532935,26.642148931763433,25.72581855461581,26.778736865871707
992.0007,26.717422485351562,25.375561509763475,26.639991846988625,25.72449669495258,26.776654503323527
993.0,26.717422485351562,25.37447606559956,26.63783845709808,25.72317864451165,26.774575707667434
994.0008,26.710588455200195,25.373392136331372,26.63568466873448,25.72186189449768,26.772496527341538
995.0007,26.710588455200195,25.372312315048806,26.63353564568486,25.72054959739374,26.770421947257358
996.0006,26.710588455200195,25.371235616526175,26.63138944610125,25.71924055948464,26.768350092833266
997.0004,26.592430114746094,25.370162138946522,26.62924628049263,25.71793490310534,26.766281167286134
998.0003,26.592430114746094,25.369091658567474,26.627105716435747,25.716632358998652,26.764214753172006
998.9997,26.592430114746094,25.36802480690874,26.6249690330117,25.715333698776895,26.762152085264134
1000.0,26.520973205566406,25.36696008238338,26.622833235059176,25.714037097128493,26.760090272154724
1001.0006,26.520973205566406,25.365898120252687,26.620699605034257,25.71274332956536,26.758030551875088
1002.0,26.491573333740234,25.364840499449134,26.618571333990488,25.711454323235444,26.755976004939484
1003.0005,26.491573333740234,25.363784776640617,26.616443519861544,25.710167103180567,26.753921899091004
1004.0008,26.491573333740234,25.362732318854153,26.61431892752166,25.70888333831239,26.751870903427598
1004.9998,26.4661922454834,25.361684267765817,26.612199883367673,25.707604425232894,26.74982526375885
1006.0002,26.4661922454834,25.360637782460447,26.610080657004772,25.706326899980656,26.747779448192972
1007.0003,26.4661922454834,25.35959463748015,26.607964850612397,25.70505293082652,26.74573693412856
1008.0,26.435548782348633,25.35855492520475,26.605852669171,25.703782633948176,26.74369791944546
1009.0002,26.435548782348633,25.357517701338665,26.603742207910642,25.702514858349932,26.74166056535568
1010.0,26.435548782348633,25.356483890950788,26.60163536263633,25.701250737438073,26.739626701992833
1011.0002,26.42685890197754,25.35545265815052,26.599530443890696,25.69998925189163,26.73759469842299
1012.0008,26.42685890197754,25.354423997867478,26.597427451354477,25.698730397670154,26.73556455433794
1013.0006,26.42685890197754,25.35339913333815,26.595328901811826,25.697475674830283,26.733538699339494
1014.0003,26.37364729053141,25.35237733440471,26.593233318629114,25.696224192913864,26.731515707945164
1015.0008,26.373641967773438,25.35135767570537,26.591138814485312,25.694974820775084,26.729493758211433
1016.0004,26.373641967773438,25.35034188080401,26.589048944227265,25.693729673098773,26.727476281843916
1016.9997,26.349468231201172,25.34932932616247,26.586962444871578,25.692487989222602,26.72546205960943
1018.0006,26.349468231201172,25.34831808380175,26.58487535103601,25.691247406635394,26.723447263488072
1019.0,26.349468231201172,25.347311277722973,26.582794123702385,25.690011760486595,26.721438130650828
1019.9997,26.313586963226996,25.346307080882433,26.580715005883132,25.688778812095276,26.719431034253585
1021.001,26.313583374023438,25.3453041872943,26.578635298111134,25.687546959258455,26.717423368339784
1022.0004,26.30646324157715,25.344306092819846,26.576562265093045,25.686320498876785,26.715422145963906
1023.0004,26.30646324157715,25.343310286697097,26.57449071222613,25.685096349409008,26.71342235246621
1023.9998,26.30646324157715,25.342317955550293,26.572423121797215,25.683875972273253,26.711426384146176
1025.0008,26.307388305664062,25.34132691092002,26.570354942878645,25.68265667802709,26.70942984772199
1025.9997,26.307388305664062,25.340340805560672,26.56829381448257,25.68144296375501,26.707440117587545
1027.0007,26.307388305664062,25.339355484976856,26.56623106676519,25.68022971871934,26.705448824225705
1028.0001,26.304577155091273,25.338374585101054,26.56417432274126,25.67902142221375,26.70346332658711
1028.9998,26.304576873779297,25.33739622732498,26.562119663415622,25.677815763753806,26.70147984143208
1030.0006,26.304576873779297,25.33641962647016,26.56006544668928,25.676611777362858,26.699496783544536
1031.0005,26.27367328720093,25.335446726836807,26.558015774972024,25.675411862544365,26.69751811322526
1032.0008,26.273670196533203,25.334476253242876,26.55596797785431,25.674214449583857,26.695541252568688
1033.0004,26.273670196533203,25.333509263488097,26.553924302488095,25.673020846499675,26.693568370884606
1033.9998,26.228124618530273,25.332545261992273,26.551883719466467,25.6718304448632,26.691598474425124
1035.0003,26.228124618530273,25.33158299048327,26.549843574534073,25.67064169285767,26.689629000879304
1036.001,26.228124618530273,25.330623311933074,26.547805704605892,25.669455658236007,26.6876617235307
1036.9998,26.2587833404541,25.329668225129964,26.545774375867403,25.668274815083564,26.685700760782517
1038.0,26.2587833404541,25.328714564401977,26.543742871358834,25.66709525241943,26.683739628352996
1039.0004,26.224746704101562,25.32776347254655,26.541713631297302,25.665918385184543,26.681780681929215
1040.0008,26.224746704101562,25.326815132548862,26.53968705865876,25.664744442253323,26.67982431052789
1041.0006,26.224746704101562,25.325870102756827,26.53766436299891,25.663574117821213,26.677871681805264
1042.0,26.193443298339844,25.324928182094062,26.535645132212007,25.662407166173598,26.67592239793108
1043.001,26.193443298339844,25.323987482592717,26.533625326699852,25.661241250008995,26.673972559240344
1044.0008,26.193443298339844,25.323050629329806,26.53161059437181,25.66007962516599,26.67202761799672
1044.9997,26.193443298339844,25.32211732478589,26.52960031885919,25.65892192680272,26.670086979182752
1046.0005,26.193443298339844,25.321184949052963,26.527588865682326,25.657764906950757,26.66814520349928
1047.0008,26.193443298339844,25.320255735896637,26.525581060545527,25.65661133912704,26.66620694948639
1048.0004,26.199918746948242,25.319329858461337,26.52357729666544,25.655461441675108,26.664272596739565
1049.0003,26.199918746948242,25.318406381120028,26.521575564430005,25.654314055407102,26.662340205260456
1050.0006,26.199918746948242,25.31748520657786,26.519575662949364,25.653169061473495,26.660409581118106
1051.0008,26.197751998901367,25.31656678875609,26.517578589599857,25.652027026398788,26.658481687139368
1052.0,26.197751998901367,25.315651941977283,26.51558613360627,25.650888966065022,26.656558250569606
1053.0008,26.197751998901367,25.314738280438135,26.51359310934649,25.649751914648512,26.654634265418608
1054.0004,26.16160011291504,25.313828354278446,26.511605090957897,25.64861904802101,26.652715112733535
1054.9998,26.16160011291504,25.312921240035823,26.509620080697694,25.647489219935654,26.650798863974156
1056.0008,26.143579483032227,25.312015301829526,26.507634505452284,25.64636039439208,26.648882069800873
1057.0002,26.143579483032227,25.311113428176785,26.50565470928736,25.64523617305211,26.646970854518557
1058.0008,26.143579483032227,25.310213083166705,26.503675140453364,25.644113397561284,26.645059858692335
1059.0004,26.191303253173828,25.30931623960812,26.501700148752334,25.64299453044568,26.643153281445482
1059.9998,26.191303253173828,25.308422167537838,26.499728145468637,25.64187866432313,26.64124958909606
1061.0004,26.191303253173828,25.307529610886817,26.497756368621047,25.64076423330417,26.639346115338913
1062.0002,26.137413024902344,25.306640347767466,26.49578875754756,25.639653459690283,26.63744666305189
1062.9998,26.137413024902344,25.305753833188874,26.493824124161552,25.638545665867944,26.63555008530413
1064.0004,26.137413024902344,25.3048689985495,26.49186010966246,25.637439518405063,26.633654105004815
1065.0006,26.17612648010254,25.30398707675985,26.48989946095056,25.636336560615042,26.631761373900556
1066.0,26.17612648010254,25.30310840852244,26.487942954099434,25.63523722183478,26.62987264118146
1066.9998,26.17612648010254,25.302231929902753,26.485988234964505,25.63414017362487,26.627985634251406
1067.9998,26.137413024902344,25.301357811167815,26.484035693503568,25.63304563111333,26.626100729559894
1069.0006,26.137413024902344,25.300485524306975,26.482084158665696,25.631952934884637,26.624216796621646
1069.9998,26.137413024902344,25.299617150795427,26.480138303943463,25.630864695303792,26.622338347037697
1071.0004,26.11479949951172,25.298750075374627,26.478192282961082,25.629777637483844,26.62045973695292
1072.0004,26.11479949951172,25.297886026900223,26.476249985134082,25.628693930761997,26.61858472105202
1073.0004,26.099624633789062,25.297024477436956,26.47431023942489,25.627612915781317,26.616712168862605
1073.9999,26.099624633789062,25.296165848664568,26.472374010442262,25.626535124351133,26.61484301157903
1075.0002,26.099624633789062,25.29530901772076,26.470438777626768,25.62545914917975,26.612974815954985
1076.0005,26.064685499701486,25.29445466565583,26.468506088408226,25.62438584734646,26.61110907581674
1077.0004,26.064682006835938,25.293603125455093,26.466576710764222,25.623315639802694,26.60924653253884
1077.9999,26.064682006835938,25.292754387016583,26.464650638315767,25.622248516736963,26.60738717996328
1079.0008,26.043556213378906,25.291906918409552,26.462724402866172,25.621182553743846,26.605527670033
1080.0006,26.043556213378906,25.291062830401,26.46080281348566,25.62012040793977,26.603672645230223
1081.0001,26.043556213378906,25.29022143536544,26.458884323964433,25.619061217317334,26.601820612906444
1082.0,26.08042335510254,25.289382137340464,26.456967587750626,25.61800423391816,26.599970273154856
1082.9999,26.08042335510254,25.288545266500698,26.45505336981579,25.616949875621806,26.59812236444811
1084.0001,26.08042335510254,25.287710565829137,26.453141093660136,25.615897820747442,26.596276330256586
1084.9998,26.05904769897461,25.28687869522853,26.451232284740218,25.61484890348229,26.594433643194453
1086.0008,26.05904769897461,25.2860481527874,26.449323505878066,25.613801231844796,26.59259098514887
1087.0008,26.05904769897461,25.285220840962584,26.44741914070952,25.612757207767633,26.590752587904888
1088.0004,26.028379440307617,25.284396251388927,26.44551803806181,25.611716192921563,26.588917340166798
1089.0,26.028379440307617,25.283574045750335,26.443619432404205,25.610677762744384,26.58708450292214
1090.0002,26.028379440307617,25.282753725773176,26.441722183082845,25.6096412898319,26.58525297502973
1091.0009,25.976078033447266,25.281935370509483,26.43982648061973,25.608606875651407,26.583422940411808
1092.0008,25.976078033447266,25.281120035145502,26.43793478330578,25.607575856445997,26.581596772203188
1092.9998,25.954023361206055,25.28030778836331,26.43604727071801,25.606548322415104,26.579774643760253
1094.0003,25.954023361206055,25.27949667412016,26.43415940726195,25.60552180095133,26.577952176603244
1095.0008,25.954023361206055,25.278687906962404,26.432274025638144,25.604497830463643,26.576132105306883
1096.0004,25.966419219970703,25.27788220447022,26.43039281523695,25.603477322294953,26.57431606074042
1097.0004,25.966419219970703,25.27707851029697,26.428513324396132,25.602458941034055,26.572501676168116
1097.9998,25.966419219970703,25.2762776207037,26.4266374286197,25.601443698011046,26.570690762125814
1099.0008,25.974754333496094,25.27547776943086,26.424760998914863,25.600429355853898,26.56887933265059
1100.0002,25.974754333496094,25.27468150674532,26.42289003061891,25.59941915095059,26.567073175398995
1101.0005,25.974754333496094,25.273886831681562,26.421019837678415,25.598410547375217,26.565267766644258
1102.0,25.92740249633789,25.273095088468715,26.419153595607362,25.59740525338543,26.563466171899353
1103.0004,25.92740249633789,25.272304924166527,26.417288127346353,25.596401553278994,26.56166532415943
1104.0,25.92740249633789,25.27151767523841,26.4154266000695,25.59540114683688,26.55986828088649
1105.0,25.926477432250977,25.270732388631306,26.41356677436125,25.594402825407233,26.558072880239173
1106.0006,25.926477432250977,25.269948904110564,26.4117082787088,25.593406386874417,26.556278763574028
1107.0001,25.926477432250977,25.269168544531635,26.409854265617692,25.592413516151897,26.554488974192616
1108.0002,25.937911987304688,25.268389974371384,26.408001576651753,25.591422516516296,26.552700463068177
1109.0005,25.937911987304688,25.26761350120243,26.406150952533096,25.59043378115722,26.55091394526394
1110.0006,25.897008895874023,25.26683942900585,26.404303130089502,25.58944769933408,26.549130132083686
1111.0004,25.897008895874023,25.26606782700525,26.402458289067834,25.588464361706787,26.547349197047783
1112.0009,25.897008895874023,25.265297918308146,26.400614582522397,25.58748278012292,26.545569357189432
1113.0008,25.853319723184782,25.264530697173754,26.398774403251288,25.58650422429846,26.543792922419296
1114.0008,25.853315353393555,25.263765618386614,26.39693645800207,25.585528001294694,26.542018644283697
1115.0,25.853315353393555,25.26300336177944,26.395102395214497,25.58455498113208,26.540248114119812
1116.0006,25.849933624267578,25.262242244633835,26.393268175718642,25.5835830176092,26.538477432676082
1117.0,25.849933624267578,25.26148423895372,26.391438563182565,25.582614631038737,26.53671119860531
1117.9998,25.849933624267578,25.26072812220346,26.389610622415727,25.581648262188022,26.534946578393065
1119.0008,25.826690673828125,25.259973288279966,26.38778289338118,25.580683137597187,26.533182162578623
1119.9999,25.826690673828125,25.259222066213677,26.385961030702457,25.579722237685004,26.53142340990724
1121.0007,25.826690673828125,25.258471742200097,26.38413846589004,25.57876209342247,26.529663979424335
1122.0004,25.80003547668457,25.25772441113562,26.38232029705453,25.57780538728177,26.527908792640044
1123.0008,25.80003547668457,25.25697871984317,26.380503245927237,25.576850389321674,26.52615468484614
1124.0001,25.80003547668457,25.25623600248675,26.378690577322146,25.57589881052739,26.524404807762224
1125.0002,25.837844848632812,25.255494839711343,26.376878840547402,25.574948834677954,26.5226558302297
1126.0,25.837844848632812,25.25475604211236,26.37507002697113,25.574001502544,26.520909674634957
1127.0004,25.770307540893555,25.254018939400726,26.373262506277165,25.573055956554146,26.51916476713659
1128.0002,25.770307540893555,25.253284409565456,26.371458443499822,25.572113325064848,26.51742319777132
1129.0004,25.770307540893555,25.25255171112502,26.36965603038263,25.571172658718602,26.515683220921346
1130.0006,25.819847106933594,25.251821132226823,26.367855986052515,25.570234329292536,26.513945530802783
1131.0008,25.819847106933594,25.251092666739474,26.36605830739635,25.569298330980978,26.512210124410334
1131.9998,25.819847106933594,25.25036717874469,26.3642651438393,25.568365776785306,26.510479076712265
1133.0001,25.81550260106834,25.24964284693186,26.36247200523683,25.56743432756276,26.50874805310435
1133.9999,25.815502166748047,25.248920971154934,26.360682118002178,25.566505656444154,26.50702016823564
1135.0004,25.815502166748047,25.24820067955583,26.358893331450183,25.565578643745567,26.505293345921533
1136.0002,25.769380569458008,25.247482973999315,26.357108145539666,25.56465458090581,26.50356999952133
1136.9998,25.769380569458008,25.24676748673222,26.355325661243203,25.56373299698219,26.501849261150255
1138.0006,25.769380569458008,25.24605321277488,26.35354338251759,25.562812598976528,26.50012872122898
1138.9998,25.807729721069336,25.245342143271955,26.351766291272657,25.561895954886804,26.498413189092105
1140.0006,25.807729721069336,25.244631995002834,26.349988693185473,25.560980123423626,26.496697167670188
1140.9999,25.807729721069336,25.24392496202853,26.348216091687735,25.560067936082124,26.494985969753976
1142.0008,25.786989212036133,25.243218845375942,26.346442985145064,25.559156557788615,26.493274284287782
1143.0003,25.786989212036133,25.242515756188045,26.344674685731835,25.558248715270253,26.491567239430257
1143.9998,25.802490234375,25.241814699467675,26.342908708647027,25.557343126550556,26.48986243645483
1145.0008,25.802490234375,25.241114621789766,26.341142405772,25.556438432032376,26.488157318974675
1145.9998,25.802490234375,25.24041796359681,26.339381948203076,25.555537787712492,26.486457844317027
1147.0008,25.791332244873047,25.23972192960858,26.33762028401054,25.554637581824156,26.48475720483366
1148.0004,25.791332244873047,25.239028879959527,26.33586339591086,25.553740868464136,26.4830611759975
1148.9998,25.791332244873047,25.23833797202067,26.334109166209615,25.552846560242784,26.481367713471855
1150.0004,25.76439094543457,25.237648235145347,26.33235513793853,25.551953402181752,26.479674445398757
1151.0,25.76439094543457,25.236961180664203,26.3306051653085,25.55106335319895,26.47798509247778
1152.0002,25.76439094543457,25.236275701886353,26.32885644283344,25.550174981807466,26.476296946405935
1152.9998,25.74207305908203,25.235592615476445,26.327111065540265,25.549289348350378,26.474612029637623
1154.0,25.74207305908203,25.234911095669386,26.325366935119224,25.54840538416209,26.47292831654932
1155.0004,25.74207305908203,25.234231411669846,26.323624748819373,25.54752343992832,26.471246480237124
1156.0002,25.713272094726562,25.233554100125144,26.32188589544677,25.546644214152437,26.46956786139832
1157.0002,25.713272094726562,25.232878612215554,26.320148979260786,25.545766996560488,26.46789111264127
1158.0004,25.713272094726562,25.232204943448203,26.318413998628927,25.544891783036036,26.466216232390018
1159.0004,25.767770767211914,25.23153335758539,26.316681644405367,25.544018918181674,26.464543887567295
1160.0,25.767770767211914,25.230863981560923,26.314952258016884,25.54314856921954,26.46287440777273
1161.0008,25.767770767211914,25.23019574065163,26.313223071075562,25.542279340244892,26.4612051205164
1162.0004,25.786989212036133,25.229530231753326,26.311498227326272,25.54141331036908,26.4595400260023
1163.0002,25.786989212036133,25.228866514300933,26.309775304634034,25.54054925807294,26.45787678599911
1164.0005,25.740870317903724,25.228204385590487,26.308053785419162,25.53968692100187,26.45621490085631
1165.0,25.74086570739746,25.22754469971832,26.306335902993577,25.538827413564174,26.454556526523046
1166.0002,25.74086570739746,25.226886460836187,26.304619075933903,25.537969440213775,26.452899170997423
1167.0006,25.768699645996094,25.22622999504983,26.30290416256132,25.537113427425997,26.451243662868052
1168.0,25.768699645996094,25.225576082018005,26.301193214281103,25.53626039416028,26.449591982478754
1169.0006,25.768699645996094,25.22492327734471,26.29948246246124,25.535408457971602,26.447940491744355
1169.9998,25.781748419419717,25.224273271269954,26.297776348762326,25.534559826670257,26.446293478464654
1171.0008,25.781749725341797,25.223623977776576,26.29606940764176,25.533711778471094,26.44464566642549
1172.0,25.781749725341797,25.22297772654935,26.294367775003384,25.53286735806269,26.443002978980708
1173.0008,25.765600204467773,25.222332312579905,26.29266565704423,25.532023686252835,26.441359823026836
1174.0006,25.765600204467773,25.221689408876266,26.29096747480685,25.531182951509937,26.43972046645986
1175.0004,25.765600204467773,25.221048364214923,26.289271523481148,25.530344304590457,26.43808326352495
1176.0002,25.775833129882812,25.2204091732202,26.287577800136365,25.52950774030964,26.436448211392854
1177.0004,25.775833129882812,25.219771575913075,26.28588562555581,25.528672920049154,26.434814654375216
1178.0002,25.775833129882812,25.219136076922986,26.284196350284418,25.52784050637091,26.433183896233583
1179.0001,25.74086920413971,25.21850235227639,26.28250912559512,25.527010076904077,26.431555117641107
1179.9997,25.74086570739746,25.21787064962486,26.28082462286484,25.526181958101418,26.42992896671797
1180.9999,25.778284072875977,25.217240395731732,26.27914132351879,25.525355400162194,26.428303977493382
1182.0006,25.778284072875977,25.216611651332887,26.277459396594086,25.52453048400372,26.426680313148946
1183.0,25.778284072875977,25.215985539920823,26.2757818618832,25.523708685876972,26.425060888870394
1184.0008,25.733734130859375,25.21536036499048,26.274104184749227,25.522887780810336,26.423441327102342
1185.0,25.733734130859375,25.214737994788706,26.2724313906437,25.522070223869832,26.4218264792128
1185.9999,25.733734130859375,25.2141169890567,26.27075962319376,25.52125412536115,26.420212622415107
1187.0,25.798460006713867,25.213497655550356,26.26908971844568,25.52043989107019,26.418600563794588
1188.0008,25.798460006713867,25.212879681856442,26.267420841606143,25.519627111615048,26.41698949747547
1189.001,25.798460006713867,25.21226386578168,26.265755157924115,25.518816838039655,26.415381513701682
1189.9998,25.7380428314209,25.211650689367108,26.26409399023328,25.518009707380585,26.413777889483463
1191.0007,25.7380428314209,25.211038000632627,26.26243151688168,25.517202888397733,26.41217300483305
1192.0,25.7380428314209,25.210428060688844,26.26077388225932,25.516399360161092,26.410572791296484
1193.0001,25.746749007399142,25.2098193974098,26.25911709976969,25.515597185476516,26.40897340037445
1194.0004,25.746749877929688,25.20921237349694,26.257462163786883,25.51479684363349,26.407375791995552
1195.0005,25.746749877929688,25.20860722659375,26.255809733225263,25.513998649721984,26.40578060224911
1196.0002,25.770587921142578,25.20800407106355,26.254160133725975,25.513202756641835,26.404188145495933
1196.9998,25.770587921142578,25.207402719536432,26.252512865782766,25.512408919147767,26.402597939532857
1198.0001,25.8065185546875,25.20680268726151,26.250866610155796,25.5116164987829,26.40100871081901
1199.0002,25.8065185546875,25.206204510377056,26.24922284680875,25.510826205090147,26.39942188805157
1200.0008,25.8065185546875,25.205607765957946,26.247580423350698,25.510037480911407,26.39783635875887
1201.0001,25.715171418334094,25.205013520424757,26.245942288943983,25.50925173787209,26.396254969943158
1202.0005,25.71516227722168,25.204420341081207,26.244304505829973,25.50846708341577,26.39467392025124
1203.0008,25.71516227722168,25.20382893706021,26.242669038961452,25.507684456826716,26.393095106569195
1204.0003,25.766554459041,25.20323971494789,26.24103702709264,25.50690439831271,26.39151962820437
1205.0004,25.766559600830078,25.202651843962776,26.23940618079704,25.50612580983629,26.389945275036865
1205.9998,25.766559600830078,25.20206608307965,26.237778616825366,25.50534969836139,26.388374090492356
1206.9998,25.765600204467773,25.201481665182534,26.236152214938766,25.50457504924664,26.386804027777853
1208.0006,25.765600204467773,25.200898472038947,26.23452665153559,25.503801706816063,26.385234774501395
1209.0007,25.765600204467773,25.20031737310021,26.232904360522088,25.503030825661554,26.383668680257802
1210.0007,25.769380191421508,25.19973801284262,26.23128436325384,25.502261936227892,26.38210480030327
1211.0005,25.769380569458008,25.199160443587285,26.229666817971776,25.50149510978869,26.380543287397195
1212.0002,25.769380569458008,25.198584601969003,26.228051559136336,25.500730264046506,26.37898398173438
1213.0,25.778650283813477,25.19801036795592,26.226438260807456,25.499967241257714,26.377426568665438
1214.0002,25.778650283813477,25.19743756567393,26.22482643770105,25.49920580917425,26.375870579716707
1215.0004,25.755403518676758,25.196866420388275,26.223216732902436,25.498446268734945,26.374316635696797
1216.0004,25.755403518676758,25.19629704101662,26.221609464869953,25.497688766552436,26.37276504403252
1217.0006,25.755403518676758,25.19572919502854,26.220003987916563,25.49693299493885,26.371215181403684
1218.0002,25.71758460998535,25.195163330861895,26.218401582126553,25.49617955259106,26.369668283551977
1219.0002,25.71758460998535,25.19459887718576,26.216800641049634,25.49542768054172,26.36812279967515
1220.0004,25.71758460998535,25.19403594362791,26.215201484001284,25.494677526198856,26.36657903802747
1221.0007,25.711383819580078,25.193474582480228,26.21360426904598,25.493929160761493,26.365037151198006
1222.0002,25.711383819580078,25.192915292401924,26.212010428281445,25.493183250976205,26.36349852167607
1222.9998,25.711383819580078,25.19235756338683,26.210418521576987,25.49243911862684,26.36196175921765
1223.9998,25.765594783371395,25.191801224584317,26.208828069988705,25.491696537172356,26.360426401469635
1225.0006,25.765600204467773,25.19124605169051,26.20723843834985,25.490955208310062,26.358891835267688
1226.0006,25.765600204467773,25.190692927615167,26.20565216529018,25.490216312633663,26.357360511302478
1227.0008,25.72322887617815,25.190141293146606,26.20406765991359,25.489479105018265,26.35583089378715
1228.0,25.723224639892578,25.189591803573688,26.202486818010495,25.488744463181586,26.354304812841217
1229.0,25.723224639892578,25.18904346393417,26.200906788429407,25.48801105861598,26.352779516078147
1230.0,25.739904403686523,25.18849671020899,26.199328834957125,25.487279475701218,26.351256223506702
1231.0009,25.739904403686523,25.187951047867056,26.197751537506676,25.486549053940504,26.349733564232242
1232.0008,25.739904403686523,25.187407507921193,26.196177887211466,25.485821175098664,26.3482144257742
1233.0,25.73305320739746,25.186865918717793,26.194607403931652,25.485095611671465,26.346698344624944
1234.0006,25.73305320739746,25.186325139110632,26.19303678646465,25.484370836161286,26.345182133936795
1235.0007,25.68258285522461,25.185786193545248,26.1914690172674,25.48364822276891,26.34366867285327
1236.0006,25.68258285522461,25.18524891419125,26.18990362117978,25.482927548373322,26.342157502673963
1237.0004,25.68258285522461,25.184713242108113,26.188340438014304,25.48220873563654,26.340648468760346
1237.9998,25.669933319091797,25.184179332375507,26.18677993257794,25.48149199446247,26.3391420198183
1239.0008,25.669933319091797,25.183646114834918,26.185218982981414,25.4807758892816,26.337635142101963
1240.0004,25.669933319091797,25.183115183536124,26.183662265315267,25.48006256237362,26.33613234972035
1240.9998,25.68382453918457,25.18258589295813,26.182107903163853,25.47935114873047,26.33463183125756
1241.9998,25.68382453918457,25.182057815895522,26.18055465083122,25.47864107554291,26.333132384169
1243.0003,25.68382453918457,25.181531003249994,26.17900266432727,25.477932412340728,26.331634159060354
1244.0007,25.706422454246816,25.181005767445452,26.17745287291868,25.477225580782132,26.330138053008135
1245.0,25.706424713134766,25.180482626365226,26.175906819432015,25.476521279882657,26.328645555394825
1245.9999,25.706424713134766,25.17996068451879,26.174361869535822,25.475818305819807,26.327154123143195
1247.0001,25.6899964546733,25.17944009616867,26.172818486833986,25.47511686752134,26.32566420379772
1248.0006,25.68999481201172,25.178920858302877,26.171276670483625,25.474416962217266,26.324175796544722
1249.0006,25.68999481201172,25.178403381296516,26.16973765004757,25.473719144700638,26.322690088354506
1250.0008,25.675451278686523,25.177887297896557,26.168200344638052,25.47302292139896,26.32120603578166
1251.0004,25.675451278686523,25.177373015663054,26.16666597998459,25.472328843836944,26.31972482209598
1252.0,25.67573356628418,25.17686022024856,26.165133630631757,25.47163648955552,26.31824555390016
1253.0006,25.67573356628418,25.176348396577957,26.16360176399035,25.470945164223707,26.316766751694455
1254.0004,25.67573356628418,25.175838461535342,26.16207313372449,25.470256107723905,26.315291073755038
1255.0006,25.719755172729492,25.175329797907935,26.16054590125945,25.46956848772884,26.313816745196092
1256.0,25.719755172729492,25.174823010822987,26.159021895065493,25.468883123942934,26.312345531148992
1257.0002,25.719755172729492,25.174317284680576,26.157498672632702,25.468198914884713,26.31087507371327
1257.9999,25.698083877563477,25.173813273213757,26.15597821202447,25.467516746386067,26.309407282431472
1259.0003,25.698083877563477,25.1733103676342,26.154458686110136,25.466835795886293,26.307940393465422
1260.0002,25.698083877563477,25.17280916740728,26.152941915565233,25.46615687649769,26.306476164421774
1261.0001,25.672664642333984,25.172309416612787,26.151427137809602,25.46547964325969,26.305013859136427
1261.9998,25.672664642333984,25.171811210585926,26.149914652613997,25.464804226940476,26.303553766995968
1262.9998,25.672664642333984,25.171314296186136,26.14840370119262,25.464130285805496,26.30209515549922
1264.0,25.65313343771527,25.17081872001603,26.146894433518725,25.463457884338137,26.30063816942431
1265.0008,25.65313148498535,25.170324281446547,26.145386245776226,25.4627867514764,26.299182225871565
1266.0006,25.65313148498535,25.16983176594086,26.14388154534041,25.462117955023356,26.297729648823893
1267.0003,25.671421128860782,25.169340723657697,26.1423789718418,25.461450886057882,26.29627912503552
1268.0007,25.671422958374023,25.168850758805192,26.140877322041096,25.460785008131346,26.294829492947812
1269.0003,25.680722259912265,25.168362601717003,26.139378844622467,25.4601213152981,26.293382923349675
1270.0001,25.680723190307617,25.167875758671375,26.137882036143772,25.459459138007787,26.291937964878763
1271.0002,25.680723190307617,25.167390177948867,26.1363867457834,25.45879840717034,26.290494471937986
1272.0,25.658403396606445,25.166906146796997,26.134893868041992,25.4581395151,26.289053308042146
1272.9998,25.658403396606445,25.16642351528613,26.13340295150258,25.457482259277366,26.287614037411526
1274.0006,25.658403396606445,25.16594179873411,26.131912505312577,25.456825980700025,26.28617522083724
1275.0002,25.678834915161133,25.165462051613922,26.130425802670402,25.456172117481685,26.28474001813288
1276.0006,25.678834915161133,25.164983309182904,26.128939865233587,25.455519356346784,26.283305554126873
1277.0,25.678834915161133,25.164506428405517,26.12745736346838,25.454868867276307,26.281874406779522
1278.0001,25.637384744578185,25.164030593472617,26.125975772166495,25.45421953902085,26.280444138356703
1279.0002,25.637380599975586,25.16355613489252,26.124496127823186,25.45357182374622,26.279015749449083
1280.0004,25.637380599975586,25.163083001448715,26.123018280221878,25.45292565292179,26.277589095043645
1280.9999,25.660907298863147,25.162611566371915,26.1215434071022,25.45228153794042,26.27616531208268
1281.9998,25.66090965270996,25.162141306253734,26.120069881868957,25.45163876521561,26.274742830316853
1283.001,25.66090965270996,25.1616717973439,26.118596380609368,25.45099675629304,26.273320371694226
1284.0004,25.658403396606445,25.161204488421674,26.117127461705998,25.450357493851854,26.271902336693277
1285.0008,25.658403396606445,25.160738064683272,26.11565900485273,25.44971918101213,26.27048474773684
1286.0004,25.660259246826172,25.16027336185237,26.114193650258187,25.449082962810245,26.269070153575726
1287.0002,25.660259246826172,25.159809909928835,26.112729927712795,25.448448197412958,26.26765713492896
1288.001,25.660259246826172,25.159347336604043,26.111266666937745,25.44781437582092,26.266244562056645
1289.0,25.678552627563477,25.15888693056667,26.109807956955507,25.44718326551178,26.264836382335965
1290.0005,25.678552627563477,25.158427166486675,26.108348975814774,25.446552777120285,26.263427940849823
1290.9998,25.678552627563477,25.1579692818558,26.106893659141036,25.4459246089274,26.262023036892167
1292.0008,25.674522399902344,25.157511945026126,26.105437782475782,25.445296935250227,26.260617592341305
1293.0,25.674522399902344,25.15705675104922,26.10398643349766,25.444671946643034,26.2592165186368
1294.0003,25.674522399902344,25.156602373595373,26.102535395406242,25.444047823682762,26.25781574504976
1295.0,25.66804313659668,25.15614958205397,26.101087133151147,25.443425624368427,26.256417651143035
1296.0004,25.66804313659668,25.15569778401457,26.099639761206454,25.442804535979125,26.25502041670602
1297.0005,25.66804313659668,25.155247428090323,26.09819472500535,25.442185176441164,26.253625437101565
1298.0006,25.63266944885254,25.15479837482083,26.09675158772578,25.44156735543945,26.252232290639288
1299.0008,25.63266944885254,25.15435057573202,26.095310202857437,25.440951007606284,26.250840835884055
1300.0,25.63266944885254,25.153904517800388,26.093872150559207,25.440336804911233,26.249452598257452
1301.0002,25.711383819580078,25.15345930445164,26.092434549936275,25.439723514164537,26.248064796659946
1301.9999,25.711383819580078,25.153015600608526,26.090999555893067,25.43911205247329,26.246679511349264
1303.0,25.711383819580078,25.15257300290123,26.08956587378255,25.438501865345494,26.245295492525432
1304.0006,25.669565200805664,25.15213146509092,26.08813336031647,25.437892890042185,26.243912601863755
1305.0001,25.669565200805664,25.151691688361943,26.086704301972524,25.43728609521292,26.242533046637487
1306.0001,25.636455032539367,25.15125296388047,26.08527640694923,25.436680504385784,26.241154614434002
1307.0007,25.636451721191406,25.150815246189893,26.083849533086177,25.436076055740934,26.239777168017383
1308.0006,25.636451721191406,25.150379100120585,26.08242553145955,25.435473530627434,26.238402494341845
1308.9999,25.670490673310237,25.149944475931584,26.08100425354223,25.434872862138576,26.2370304500253
1310.0006,25.670494079589844,25.149510501628313,26.079582854572216,25.434272846171787,26.23565828884937
1311.0003,25.670494079589844,25.1490782151378,26.078164742186853,25.433674918946156,26.234289300409568
1312.0004,25.726884841918945,25.148647006320097,26.076747926300254,25.433078238072014,26.232921563557323
1313.0008,25.726884841918945,25.148216915985337,26.0753325480862,25.432482861078846,26.231555214576108
1314.0004,25.726884841918945,25.14778841250309,26.07392015999706,25.43188943782858,26.230191752140755
1315.0002,25.670494079589844,25.147361062485228,26.07250934496524,25.43129736966062,26.228829808271428
1316.0002,25.670494079589844,25.146934863090742,26.071100101665724,25.430706653798076,26.227469381689005
1317.0008,25.670494079589844,25.146509641744412,26.06969186618765,25.430117052062702,26.22610992801671
1318.0,25.68044090270996,25.146086243338214,26.068287448660488,25.42952973754946,26.22475416004008
1319.0004,25.68044090270996,25.145663562230425,26.0668831916898,25.42894317794264,26.223398547058185
1320.0009,25.68044090270996,25.145242062026227,26.06548064051301,25.428358017416983,26.222044580780842
1321.0002,25.687854766845703,25.14482228485396,26.06408161207024,25.427775010283295,26.220694015208693
1322.0,25.687854766845703,25.144403511792042,26.06268372199488,25.427193159604567,26.21934454857048
1323.0002,25.678274154663086,25.143985782852212,26.061287110169687,25.42661252193414,26.217996315903367
1323.9998,25.678274154663086,25.143569511815024,26.059893169963715,25.42603367377187,26.216650662309586
1325.0002,25.678274154663086,25.143154112535033,26.05849994721831,25.4254558012555,26.215305701323263
1326.0004,25.689714431762695,25.142739997844057,26.05710883383937,25.424879479746483,26.21396277663416
1326.9997,25.689714431762695,25.142327452112962,26.05572079799018,25.424305106661727,26.212622822868024
1328.0002,25.689714431762695,25.141915605462984,26.05433292117375,25.423731472060606,26.21128302262569
1329.0009,25.653785481609713,25.141504868584406,26.052946592005018,25.423159148738375,26.209944716419958
1330.0003,25.65378189086914,25.141095851744648,26.05156388312088,25.422588988693295,26.208609905090803
1331.0,25.65378189086914,25.14068789491277,26.05018257573874,25.422020073465372,26.20727644671509
1332.0003,25.71757823226453,25.140280873838854,26.0488022554068,25.421452230721417,26.205943941197788
1333.0004,25.71758460998535,25.139875111335606,26.047424024753155,25.42088591193543,26.204613452971536
1334.0006,25.71758460998535,25.13947048210435,26.04604746769419,25.420320943513094,26.203284580366017
1334.9998,25.690954208374023,25.139067426174847,26.04467409331947,25.41975794140788,26.201958780195366
1336.0008,25.690954208374023,25.138664812102984,26.04330005289318,25.41919532614646,26.200632337045423
1337.0006,25.690954208374023,25.138263844199443,26.041929463670492,25.418634781671177,26.199309225548095
1337.9998,25.714202880859375,25.137864275334405,26.04056149589669,25.418075964355715,26.19798864469168
1338.9998,25.714202880859375,25.137465542659182,26.039194231058662,25.41751808819071,26.196668742421075
1340.0008,25.69160270690918,25.137067566199896,26.037827398193397,25.416961041896062,26.195349257159535
1341.0002,25.69160270690918,25.136671375289144,26.036464543539058,25.416406267657152,26.194033612302203
1341.9997,25.69160270690918,25.136276290088766,26.035103342460072,25.415852815252173,26.19271956373975
1343.0007,25.738970792353093,25.13588175663431,26.033741890264576,25.415299909340288,26.19140527275956
1344.0002,25.738975524902344,25.135488954038053,26.032384264878168,25.41474920356685,26.19009467602635
1345.0007,25.738975524902344,25.13509689564734,26.031027066848537,25.41419931603886,26.188784491846125
1346.0008,25.68447494506836,25.13470612780381,26.029672194563563,25.413651014045165,26.187476552845883
1347.0002,25.68447494506836,25.134316762580962,26.028320049163234,25.41310445641953,26.18617124626998
1348.0009,25.68447494506836,25.133928018526895,26.026967923994498,25.412558547230972,26.184865959224837
1349.0008,25.694984436035156,25.133540709018565,26.025618655530916,25.412014429731016,26.183563429927514
1350.0002,25.694984436035156,25.133154712414147,26.024271833158814,25.41147193466346,26.18226326198814
1351.0005,25.694984436035156,25.132769485425875,26.022925568928763,25.410930299532836,26.180963632856567
1352.0004,25.651641845703125,25.132385526305992,26.021581611460864,25.41039022591628,26.17966623058004
1353.0008,25.651641845703125,25.1320024864,26.020238749012353,25.409851224557638,26.178369885391017
1354.0006,25.651641845703125,25.131620783504857,26.018898455555945,25.409313884588048,26.17707602020325
1355.0,25.72846221923828,25.13124033640467,26.0175604580191,25.40877809319069,26.175784371403523
1355.9999,25.72846221923828,25.130860799465907,26.01622354943246,25.40824336475074,26.17449377383236
1357.0008,25.695911407470703,25.130481982189867,26.014887062918596,25.407709431561546,26.173203583713217
1357.9999,25.695911407470703,25.130104939821695,26.013554732860438,25.40717778240162,26.17191740606859
1359.0004,25.695911407470703,25.129728460914674,26.012222288601883,25.406646710373366,26.17063111817951
1360.0003,25.70521452360385,25.129353296203316,26.010892393499773,25.40611727539313,26.16934729114314
1361.0,25.705215454101562,25.12897929115455,26.009564511144642,25.405589260810338,26.168065407131436
1362.0002,25.705215454101562,25.128606181235785,26.00823771022977,25.405062294228753,26.1667845670985
1363.0002,25.67923355102539,25.128234224928974,26.00691291782201,25.40453674178282,26.165505665997227
1364.001,25.67923355102539,25.12786304812396,26.0055888084044,25.404012075842857,26.164227424227075
1365.001,25.67923355102539,25.127493241115456,26.004267496569714,25.403489131958825,26.16295188313052
1366.0006,25.654739379882812,25.12712465094869,26.002948448380398,25.402967695376233,26.16167852726581
1367.0006,25.654739379882812,25.126756979541163,26.001630605895127,25.402447345553714,26.160406335339108
1368.0006,25.654739379882812,25.1263903715172,26.000314495013132,25.401928288190685,26.159135815032293
1369.0004,25.71448516845703,25.126024896805,25.9990003761627,25.40141062350184,26.15786721775232
1370.0002,25.71448516845703,25.125660478911954,25.997687983677693,25.400894244346237,26.15660028703582
1371.0001,25.71448516845703,25.125297078491048,25.996377184283265,25.400379096075515,26.155334894224644
1372.0008,25.67517482711443,25.124934439507502,25.995067060387964,25.399864816591908,26.154070153513057
1373.0007,25.6751708984375,25.1245731387366,25.993759704459546,25.39935222498736,26.15280808488494
1374.0008,25.6751708984375,25.124212810865608,25.992453805201624,25.39884080429826,26.1515474224677
1375.0006,25.65998077392578,25.123853632862115,25.99115001298418,25.398330806856702,26.15028879410227
1376.0008,25.65998077392578,25.12349535039303,25.989847412972505,25.397821872628015,26.14903131664415
1377.0006,25.683542251586914,25.123138247022723,25.988547044787378,25.397314405531993,26.147775993701273
1378.0001,25.683542251586914,25.122782282952734,25.98724877432325,25.39680835034895,26.146522695813548
1379.0005,25.683542251586914,25.12242702875364,25.985951042168026,25.396303097511236,26.14526991758751
1380.0001,25.71609115600586,25.122073085293184,25.98465605159891,25.395799502671995,26.144019785978003
1381.0008,25.71609115600586,25.12171977729828,25.98336133967435,25.395296606063546,26.1427699233607
1381.9998,25.71609115600586,25.121368089460063,25.98207052528658,25.394795810581634,26.14152382326805
1382.9998,25.72040367126465,25.121017067247237,25.980780115730795,25.3942957583159,26.14027811398385
1384.0004,25.72040367126465,25.12066685056495,25.979490629012407,25.393796649180103,26.139033295569615
1385.0008,25.72040367126465,25.120317717088007,25.978203094889228,25.39329887987877,26.137790362111957
1386.0005,25.685401916503906,25.11996983701871,25.97691815235945,25.39280269444675,26.136549930473933
1386.9999,25.685401916503906,25.11962306673374,25.97563528253623,25.39230788943082,26.135311499743135
1388.0008,25.685401916503906,25.11927678056954,25.974352175686082,25.391813572801002,26.134072840196108
1388.9998,25.711383819580078,25.11893215133969,25.97307318722438,25.39132141993434,26.132838156375005
1390.0001,25.711383819580078,25.118588071332013,25.971794216561733,25.390829850214157,26.131603489736392
1391.0006,25.711383819580078,25.1182449182777,25.970516671716474,25.39033940391613,26.130370199524315
1392.0008,25.6999454498291,25.117902860638385,25.969241188680257,25.38985032292325,26.129138899699445
1392.9998,25.6999454498291,25.117562201107962,25.967968909182286,25.389363041561413,26.12791069244105
1393.9999,25.702113888402433,25.117222152377842,25.96669690159884,25.388876434764498,26.12668274767796
1395.0008,25.70211410522461,25.11688281640682,25.965425550061376,25.388390648939364,26.12545543623517
1395.9998,25.70211410522461,25.11654510411438,25.964158279181323,25.38790698953565,26.12423206409429
1397.0008,25.687856191212738,25.116207694411663,25.962890139709494,25.38742356557621,26.123007853449977
1398.0006,25.687854766845703,25.115871664276135,25.961625185447815,25.386941920927956,26.12178671767894
1399.0006,25.687854766845703,25.11553653888874,25.960361640420818,25.386461376373752,26.120566942326164
1400.0002,25.665250778198242,25.115202516223977,25.95910026007423,25.385982216911756,26.119349256668457
1401.0006,25.665250778198242,25.114869193071396,25.957839528959692,25.38550386507082,26.118132197753155
1402.0003,25.665250778198242,25.11453706656657,25.956581335488526,25.385027035314113,26.116917588576307
1403.0006,25.690673828125,25.114205701882593,25.955324041093217,25.38455110444751,26.11570384733099
1404.0,25.690673828125,25.113875592708727,25.954069528234843,25.38407678268035,26.11449279126913
1405.0006,25.690673828125,25.113546043057767,25.95281515942644,25.383603070933383,26.113281874267287
1406.0002,25.731842041015625,25.113217775028964,25.95156369095306,25.38313100817437,26.112073757131775
1407.0002,25.731842041015625,25.112890325251197,25.950313366411052,25.38265992927221,26.110866744301426
1408.0002,25.731842041015625,25.11256382252752,25.949064684755882,25.382190020449052,26.109661317447696
1409.0003,25.670500213159272,25.112238231610142,25.947817519206726,25.381721231982716,26.108457354181496
1410.0004,25.670494079589844,25.11191358246467,25.946571992557352,25.381253608022625,26.10725497304298
1410.9998,25.710172653198242,25.111590098613664,25.945328972718052,25.38078747176148,26.106055011877693
1412.0004,25.710172653198242,25.11126716305588,25.944086095609027,25.380321934993237,26.10485518849845
1413.0,25.710172653198242,25.110945483397984,25.942846092264077,25.37985801875589,26.103658139335014
1413.9998,25.686643600463867,25.110624669651433,25.941607469981708,25.379395161871514,26.102462423393636
1415.0006,25.686643600463867,25.1103044640943,25.940369238455798,25.378932993189043,26.101267084672763
1415.9998,25.686643600463867,25.109985695078567,25.939134610912824,25.378472709498034,26.10007522509151
1417.0007,25.706144332885742,25.10966730728342,25.937899507925014,25.37801278796571,26.098882906535
1418.0006,25.706144332885742,25.10935015788234,25.936667260842622,25.377554467622186,26.097693344954276
1419.0006,25.706144332885742,25.109033894072276,25.935436509737826,25.377097239887952,26.096505227529924
1420.0,25.681371688842773,25.108718733899867,25.934208112796917,25.376641421144093,26.095319382720334
1421.0008,25.681371688842773,25.10840404511599,25.932979611564818,25.37618609774517,26.09413343723224
1422.0006,25.681371688842773,25.108090580279118,25.93175395093435,25.37573235945943,26.092950233946272
1423.0,25.683542251586914,25.107778146735342,25.93053038985768,25.375279928812336,26.091769057484772
1424.0005,25.683542251586914,25.107466273881478,25.929307091465223,25.374828125133124,26.090588134608
1425.001,25.683542251586914,25.10715530348029,25.928085401251252,25.374377444216975,26.089408764201814
1426.0008,25.69160270690918,25.106845449547354,25.926866170172755,25.373928197418266,26.088231767745718
1427.0,25.69160270690918,25.10653667674231,25.925649271048933,25.373480334846956,26.087057022464517
1427.9999,25.693774959754943,25.10622858088349,25.924433118781096,25.373033271213306,26.08588299816793
1428.9998,25.693775177001953,25.105921376014148,25.923218564339113,25.372587317897946,26.084710516347904
1430.0008,25.693775177001953,25.105614723064082,25.92200427211361,25.37214198337293,26.083538287661085
1431.0006,25.70090103149414,25.105309323926058,25.9207930298491,25.37169828796548,26.082369003283464
1432.0006,25.70090103149414,25.105004747063393,25.919583136980894,25.37125560597462,26.081201021558552
1433.0004,25.70090103149414,25.104701111752792,25.9183750753754,25.370814111736454,26.080034807660724
1434.0004,25.708683013916016,25.104398293968515,25.917168359622764,25.370373625887325,26.07886989299491
1434.9998,25.708683013916016,25.104096532900485,25.915963952059524,25.36993449743688,26.077707206561936
1436.0002,25.708683013916016,25.10379534343296,25.91475992334404,25.36949602129602,26.076544885853295
1437.0,25.719192504882812,25.10349520527518,25.913558198021775,25.369058896690643,26.075384788747467
1438.0008,25.719192504882812,25.10319563611063,25.91235685181584,25.368622422026956,26.074225057625235
1439.0004,25.719192504882812,25.102897291693385,25.911158523026437,25.368187553758855,26.07306823939509
1440.0,25.70989418029785,25.10259980980671,25.909961768173687,25.367753765197246,26.071912940579846
1440.9998,25.70989418029785,25.102303128694768,25.908766346215202,25.367320967192043,26.07075892848691
1442.0005,25.70989418029785,25.102007039567628,25.9075714207149,25.366888855822694,26.069605395654655
1443.0004,25.68850326538086,25.101712043070435,25.90637901979584,25.366458162654446,26.068454299951203
1444.0002,25.68850326538086,25.10141792905509,25.905188304514308,25.366028582060387,26.067304831494162
1445.0008,25.68850326538086,25.10112443119197,25.903998202596874,25.365599725804348,26.066155955154056
1446.0006,25.66280174255371,25.100832016335186,25.902810615008462,25.365172276993913,26.06500950604567
1447.0007,25.66280174255371,25.10054035967355,25.90162423191515,25.364745761898014,26.063864219708222
1448.0003,25.699941733972032,25.10024969181057,25.90043999981104,25.36432051874034,26.0627210098489
1449.0006,25.6999454498291,25.09995966161824,25.899256495467945,25.363896034710947,26.06157850254068
1450.0008,25.6999454498291,25.0996704993745,25.89807466476003,25.363472647620423,26.06043761089229
1451.0,25.72846221923828,25.099382461467385,25.896895566517113,25.363050734087096,26.05929935705528
1451.9998,25.72846221923828,25.099095083749713,25.895717309702178,25.36262961526915,26.058161915498875
1453.0001,25.72846221923828,25.098808393928728,25.894540012684676,25.36220933241166,26.057025400492158
1454.0006,25.670211791992188,25.098522476451635,25.893364028137114,25.361790010058968,26.055890152490928
1455.0,25.670211791992188,25.098237699310282,25.892190879956708,25.36137218905816,26.054757642604034
1455.9999,25.670211791992188,25.097953603454627,25.891018686561285,25.360955196973098,26.05362605442801
1457.0008,25.699012756347656,25.09767004629014,25.889846863236727,25.360538825040713,26.05249482350346
1458.0006,25.699012756347656,25.097387620250643,25.888677866343446,25.360123944126666,26.05136632110154
1458.9998,25.699012756347656,25.09710617963891,25.88751110532474,25.359710341551235,26.05023997712267
1460.0,25.652572631835938,25.096825271917428,25.88634471077194,25.359297353079572,26.04911398691518
1460.9997,25.652572631835938,25.096545316619743,25.885180431062675,25.358885596289323,26.04799003829226
1462.0002,25.652572631835938,25.096265947709313,25.88401675085389,25.358474533648348,26.046866668402885
1463.001,25.7108211517334,25.09598730379095,25.882854252206375,25.358064369728254,26.045744439145068
1463.9998,25.7108211517334,25.09571002084142,25.881695600827157,25.357656042018313,26.04462592388472
1465.0004,25.72942352294922,25.09543304134817,25.880536386087083,25.357247994174244,26.04350686477855
1466.0005,25.72942352294922,25.095157001224592,25.879379273549713,25.356841163600205,26.042389835053992
1467.0004,25.72942352294922,25.094881814510387,25.878223912516905,25.356435424679304,26.041274496161222
1468.0004,25.663732528686523,25.09460739621284,25.877069954120177,25.356030653016607,26.040160511316692
1469.0001,25.663732528686523,25.094333853559714,25.87591785749369,25.355627007716496,26.039048323749984
1470.0,25.663732528686523,25.09406104732512,25.87476704419739,25.355224284248855,26.037937375058423
1471.0,25.686643600463867,25.093789002860056,25.873617628016113,25.354822520850746,26.036827775085293
1472.0006,25.686643600463867,25.093517582686328,25.872469033840712,25.354421515203608,26.03571896864345
1473.0008,25.686643600463867,25.093247056019862,25.871322408043632,25.354021665891292,26.03461206239456
1474.0004,25.685401916503906,25.09297747351001,25.870177975660262,25.353623048902747,26.033507273578707
1475.0002,25.685401916503906,25.09270861667413,25.869034817896633,25.353225342156307,26.03240371522929
1476.0007,25.685401916503906,25.092440349852556,25.867892363112446,25.352828345634205,26.031300835507842
1477.0008,25.671142578125,25.092172966090743,25.86675186608096,25.35243249380364,26.030199845721807
1478.0002,25.671142578125,25.09190654207524,25.865613664471617,25.35203790133616,26.02910107184363
1478.9997,25.671142578125,25.091640861609854,25.864476843862164,25.351644249045197,26.028003631126985
1480.0005,25.70183065862062,25.09137560510567,25.86334004055971,25.351251063933,26.026906207117822
1481.0004,25.701833724975586,25.091111353897624,25.862205752464767,25.35085920847177,26.02581121118844
1482.0,25.6433048248291,25.090847945823334,25.861073294289536,25.35046844334562,26.02471798178966
1483.0004,25.6433048248291,25.090585089379744,25.859941418990154,25.350078336852285,26.02362531507569
1484.0005,25.6433048248291,25.09032307195985,25.858811370291384,25.349689316252913,26.0225344116882
1485.0,25.690954208374023,25.090061968938763,25.857683483214906,25.349301494530373,26.021445595043595
1486.0008,25.690954208374023,25.0898012825744,25.856555613309425,25.348914133066994,26.020356794975175
1486.9999,25.690954208374023,25.089541791664786,25.855431138644416,25.34852839004903,26.019271272534827
1488.0008,25.69563102722168,25.08928258510523,25.854306118287454,25.348142911913307,26.018185223305498
1489.0,25.69563102722168,25.089024567245215,25.85318448454973,25.34775904438443,26.017102443381646
1490.0,25.69563102722168,25.088767089346952,25.85206342716804,25.347375823358597,26.016020219848638
1491.0002,25.677343368530273,25.088510304856985,25.850943619050565,25.34699347782912,26.014939202304863
1492.0004,25.677343368530273,25.088254263190457,25.849825282619566,25.346612082169898,26.01385960546779
1493.0004,25.677343368530273,25.087999013174624,25.848708639122783,25.346231710001007,26.01278164292106
1494.0008,25.67706298828125,25.087744399738593,25.84759301708298,25.345852131028945,26.011704666447653
1495.0003,25.67706298828125,25.08749075105993,25.846479863201754,25.345473835455213,26.010630072634886
1495.9998,25.67706298828125,25.087237835620684,25.84536817123861,25.345096479033415,26.00955689009881
1497.0003,25.66900333852118,25.086985399356156,25.844256829216704,25.34471968329246,26.008484045381874
1498.0,25.669002532958984,25.086733894528038,25.843147835070614,25.3443441240785,26.007413467209453
1499.0006,25.6751708984375,25.086482891446618,25.842039301243794,25.343969160563827,26.00634333341067
1500.0002,25.6751708984375,25.0862328645189,25.84093333055428,25.34359550229506,26.005275673961155
1501.0001,25.6751708984375,25.085983485720305,25.839828481224146,25.343222660033522,26.00420909702671
1502.0,25.655670166015625,25.085734828105974,25.838725083485954,25.34285074375557,26.00314392140052
1503.001,25.655670166015625,25.08548661722587,25.83762192396604,25.342479343536564,26.002078975740634
1504.0004,25.655670166015625,25.085239519960815,25.83652197522732,25.342109458168316,26.001017129639276
1505.0,25.65970230102539,25.084993087690346,25.835423251231454,25.34174041723517,25.99995646585522
1506.0008,25.65970230102539,25.084747073315054,25.83432465394954,25.34137185119341,25.998895924395693
1507.0,25.65970230102539,25.084502162636518,25.83322925423268,25.341004788377358,25.997838469736372
1508.0002,25.691322326660156,25.084257715681083,25.832134198567978,25.340638270564337,25.996781347211112
1509.0004,25.691322326660156,25.084013975859197,25.83104058205931,25.340272663300393,25.995725613988977
1510.0002,25.691322326660156,25.083771038179062,25.8299488393126,25.339908109992603,25.994671689620986
1511.0002,25.718231201171875,25.08352875459923,25.82885831283259,25.33954438933794,25.99361893938776
1511.9998,25.718231201171875,25.08328726824812,25.82776965462103,25.33918171704943,25.99256799270546
1513.0008,25.718231201171875,25.083046143297974,25.826680904573166,25.33881943916382,25.991516957368102
1514.0004,25.709245681762695,25.08280605220342,25.825595106263407,25.33845856680753,25.99046877151953
1515.0006,25.709245681762695,25.082566511738168,25.824510083632152,25.338098374634406,25.989421334479673
1516.0009,25.709245681762695,25.082327640367623,25.82342637870444,25.33773904141753,25.98837516949761
1517.0004,25.690673828125,25.082089650282118,25.822344963153714,25.337380887300217,25.987331214587655
1518.0,25.690673828125,25.08185232446294,25.82126485985619,25.337023586631947,25.986288526473956
1519.0008,25.691602614104823,25.08161540109639,25.82018488112512,25.336666745747394,25.985245958611685
1520.0008,25.69160270690918,25.081379352075423,25.81910718417682,25.336311076084208,25.98420559349037
1521.0003,25.69160270690918,25.081144103271104,25.81803144107508,25.335956467016057,25.98316711453364
1522.0004,25.712058882727145,25.080909393908623,25.816956466262695,25.335602526216565,25.98212937725243
1523.0004,25.712060928344727,25.080675386809933,25.815883011349243,25.33524949989172,25.981093107220282
1524.0006,25.712060928344727,25.080442009910822,25.8148107526536,25.33489728008123,25.980057991968515
1525.0003,25.7080349181027,25.080209424281215,25.813740438119456,25.334546110717966,25.979024753531757
1525.9998,25.70803451538086,25.079977557466403,25.812671743228453,25.33419588333111,25.977993078633094
1527.0006,25.70803451538086,25.079746060654458,25.811603064607308,25.3338460715872,25.976961419440695
1528.0008,25.684194564819336,25.079515372100147,25.81053643075009,25.333497338347627,25.975931734180836
1529.0004,25.684194564819336,25.079285488664706,25.80947183728768,25.3331496798936,25.97490401863574
1530.0008,25.684194564819336,25.07905608665248,25.808407791771174,25.33280260741629,25.9738768320555
1530.9998,25.639270782470703,25.078827668027092,25.807346631069915,25.332456881250426,25.972852430359413
1532.0008,25.639270782470703,25.078599454064463,25.806284743045495,25.332111323383252,25.97182732653492
1533.0006,25.639270782470703,25.078372173200357,25.805225522185523,25.331767037391348,25.970804797483297
1533.9998,25.696842193603516,25.07814568535404,25.804168327237686,25.331423812219697,25.969784224165455
1535.0002,25.696842193603516,25.077919581211038,25.803111253150984,25.331081028213525,25.968763767522066
1536.0001,25.73558992061615,25.0776942437871,25.80205609586583,25.3307392666494,25.967745161281503
1537.0006,25.735593795776367,25.07746942339194,25.801001692975362,25.330398149563727,25.96672728330311
1538.0004,25.735593795776367,25.077245410163094,25.79994941248836,25.330058117951047,25.965711454207334
1539.0,25.614776611328125,25.07702208931593,25.798898724471776,25.32971899851643,25.964697162418197
1539.9999,25.614776611328125,25.076799347369384,25.797849101762694,25.329380619662004,25.963683899033914
1540.9998,25.614776611328125,25.076577249575383,25.79680085808677,25.32904308119853,25.96267196691256
1541.9998,25.65998077392578,25.076355771955377,25.79575388700388,25.3287063474073,25.96166126330114
1542.9999,25.65998077392578,25.076134912843813,25.79470818711701,25.328370416456927,25.96065178685103
1544.0,25.65998077392578,25.07591469256734,25.793663861383976,25.32803531998461,25.959643636953555
1545.0008,25.68165397644043,25.075694955807858,25.792620178484814,25.327700822247028,25.958636107621945
1546.0009,25.68165397644043,25.075476008107355,25.791578596603145,25.32736738909771,25.957630606527793
1547.0002,25.68165397644043,25.07525786809464,25.790539215004618,25.327035049948552,25.956627229498146
1548.0007,25.62191225230128,25.075040097732003,25.78949995249215,25.326703138094878,25.955623967429375
1548.9998,25.621906280517578,25.074823260926788,25.788463507594926,25.32637251377974,25.9546234253726
1549.9998,25.621906280517578,25.07460685621334,25.787427491526437,25.32604241321881,25.953623297289763
1551.0003,25.658769737737742,25.07439096965498,25.78639231976304,25.32571296813534,25.952623984264978
1552.0002,25.65877342224121,25.074175836703727,25.78535912843129,25.325384538577804,25.951626583068943
1553.0004,25.713272094726562,25.07396126163389,25.78432698516694,25.325056826529554,25.95063019363486
1554.0002,25.713272094726562,25.073747392725327,25.783296610338574,25.324730059194835,25.94963551137748
1555.0008,25.713272094726562,25.07353397186003,25.78226676627935,25.324403842839388,25.948641341503194
1556.0008,25.650711059570312,25.073321296043552,25.781238892532617,25.32407863211859,25.947649073689036
1557.0006,25.650711059570312,25.073109277681333,25.78021257454914,25.32375429396527,25.94665830774591
1558.0002,25.650711059570312,25.07289791462697,25.77918780974568,25.323430825890313,25.94566904118006
1559.001,25.648540496826172,25.07268690999807,25.778163163126585,25.323107774062414,25.944679888704627
1560.0006,25.648540496826172,25.072476768032555,25.77714109010837,25.3227859111902,25.94369322067957
1560.9999,25.648540496826172,25.07226729639386,25.77612066566538,25.322464943688612,25.94270814412248
1562.0008,25.65998077392578,25.072058096232478,25.77509995048576,25.322144260863322,25.94172278689998
1563.0005,25.65998077392578,25.071849751392524,25.774081799044193,25.321824758316005,25.940739904606684
1564.0001,25.65998077392578,25.07164202969986,25.773065086665365,25.32150608096117,25.93975841152646
1565.0008,25.64543914794922,25.071434680948055,25.772048593053672,25.321187845450307,25.938777129635184
1565.9999,25.64543914794922,25.071228262400282,25.77103505806592,25.320870907859998,25.937798703880013
1567.001,25.64543914794922,25.071022028904206,25.77002082873402,25.320554124696297,25.93681960783303
1568.0004,25.64017105102539,25.070816741226785,25.769009652432253,25.32023866516741,25.935843459058074
1569.0,25.64017105102539,25.0706120060249,25.76799960202927,25.319923925821374,25.93486839718035
1570.0003,25.66899965096359,25.070407719973556,25.766990172345242,25.319609748336326,25.933893934519634
1571.0008,25.669002532958984,25.070203984269916,25.76598186798991,25.319296288865296,25.93292055820581
1572.0006,25.669002532958984,25.07000098003282,25.764975593246486,25.318983826857608,25.931949141197375
1572.9997,25.68636148275615,25.069798704325148,25.763971343597557,25.318672358749684,25.9309796791334
1574.0004,25.686363220214844,25.069596690587126,25.76296680723486,25.318361166638383,25.930009940287533
1575.0008,25.686363220214844,25.069395321823006,25.761963892280832,25.318050840959895,25.929041766684126
1575.9998,25.685401916503906,25.06919481627447,25.7609636964063,25.31774171905019,25.928076217970283
1576.9998,25.685401916503906,25.06899469021471,25.759963814218448,25.31743305589942,25.927110972076893
1578.0,25.685401916503906,25.068795103110215,25.75896504626173,25.317125097912108,25.92614680181725
1578.9997,25.668323317869447,25.06859619271018,25.757968089217066,25.31681805836721,25.925184379738997
1580.0007,25.66832160949707,25.068397599889266,25.756971147871358,25.31651138344301,25.924221972815875
1581.0,25.66832160949707,25.068199917822028,25.75597720755376,25.31620598989369,25.923262462964118
1581.9998,25.694704055786133,25.068002708611875,25.75498407598974,25.315901202124063,25.92230373385042
1583.0002,25.694704055786133,25.067805951822514,25.75399165428452,25.31559698901549,25.921345690005744
1584.0008,25.694704055786133,25.06760972515774,25.753000339097373,25.315293471230117,25.920388714348938
1584.9998,25.66090965270996,25.067414378775986,25.752011909277645,25.3149911913124,25.91943452410934
1586.0004,25.66090965270996,25.0672192853019,25.751023196972483,25.31468917912606,25.91848006116971
1586.9999,25.66090965270996,25.06702496996157,25.750036869372146,25.314388248313186,25.917527900327833
1588.0009,25.68326187133789,25.06683092598725,25.749050359812546,25.31408761464711,25.916575563829834
1589.0008,25.68326187133789,25.066637656099665,25.74806622972969,25.313788057584873,25.915625524382612
1590.0004,25.677343368530273,25.06644500286911,25.747083687320238,25.313489334038064,25.914677017611186
1591.0008,25.677343368530273,25.06625275309406,25.74610165062504,25.31319111398841,25.913728999035882
1592.0006,25.677343368530273,25.066061174371892,25.745121492636414,25.312893813156343,25.912782794088056
1593.0004,25.67424201965332,25.065870149625297,25.744142622286926,25.31259725062092,25.911837832175056
1594.0002,25.67424201965332,25.065679677252383,25.74316503788499,25.312301424548707,25.910894111663907
1595.0003,25.67424201965332,25.0654896987505,25.74218844498518,25.312006244675747,25.90995134830888
1595.9997,25.663083239462416,25.06530040215677,25.741213817625756,25.311712003888083,25.909010482407176
1597.0007,25.663082122802734,25.065111350978288,25.740238912862196,25.31141802419208,25.908069348710725
1598.0002,25.663082122802734,25.06492312918646,25.73926674838906,25.31112521430818,25.907130860380004
1599.0004,25.690673828125,25.064735320250314,25.738295181156587,25.31083292704446,25.906192948601305
1600.0006,25.690673828125,25.064548054605858,25.73732489078783,25.31054136591706,25.905256269455286
1601.0,25.690673828125,25.064361479814675,25.73635665015271,25.310250761455976,25.90432156903936
1602.0,25.64451026916504,25.06417533278735,25.73538910084402,25.309960704555905,25.90338753600206
1603.0,25.64451026916504,25.06398972413664,25.73442282286447,25.309671368107303,25.90245473025458
1604.0008,25.64451026916504,25.06380450446247,25.733457043044737,25.30938251971368,25.90152240541047
1605.0,25.61664097275472,25.06362011574118,25.73249407421303,25.309094849411036,25.900592794180707
1605.9998,25.61663818359375,25.063436149643042,25.731531792575055,25.30880772096353,25.899663846340026
1607.0006,25.705853130924844,25.063252532302506,25.730569814514503,25.308521019434906,25.898735191560736
1608.0007,25.705862045288086,25.063069574318703,25.729609772993044,25.308235230376077,25.897808406238095
1609.0001,25.705862045288086,25.062887273043625,25.728651663699818,25.307950350526614,25.896883486210577
1609.9999,25.695632050528147,25.062705426058443,25.72769442985842,25.307666064249712,25.895959411308908
1611.0004,25.69563102722168,25.062523978141865,25.726737784663435,25.30738228565098,25.895035904662713
1612.0008,25.69563102722168,25.062343073330155,25.725782492526232,25.307099240519495,25.89411370420388
1613.0001,25.676134153201577,25.06216288999574,25.72482950444583,25.306817208770532,25.893193727988443
1614.0006,25.676132202148438,25.061983011991764,25.72387662555304,25.306535539635753,25.892273857178324
1615.0,25.676132202148438,25.061803851402185,25.722926044916974,25.306254878995954,25.891356205012453
1616.0002,25.70989418029785,25.061625065879568,25.721975953142557,25.305974691224165,25.890439024773887
1617.0006,25.70989418029785,25.061446761950883,25.72102692040222,25.305695143711972,25.889522866884054
1618.0002,25.70989418029785,25.061269115888734,25.72007989258637,25.305416513541182,25.888608644467375
1619.0,25.695357822945077,25.06109194802201,25.719133919529515,25.305138519622535,25.88769544027244
1620.0001,25.695356369018555,25.060915239529404,25.7181889059134,25.30486113295078,25.88678316228286
1621.0006,25.695356369018555,25.06073897179637,25.717244756916593,25.304584324798274,25.885871718961845
1622.0002,25.717021942138672,25.060563371995567,25.716302696757182,25.304308452608417,25.884962292120118
1623.0003,25.717021942138672,25.060388192409402,25.715361403649858,25.304033127886324,25.884053605759508
1624.001,25.67424201965332,25.06021341488883,25.714420783889107,25.303758322528743,25.883145569420492
1624.9998,25.67424201965332,25.060039473621366,25.713483183345726,25.303484720039553,25.882240447712025
1626.0003,25.67424201965332,25.059865740053382,25.712545220608835,25.303211332367326,25.88133497635656
1627.0004,25.718914031982422,25.059692578367986,25.71160886519952,25.30293873297544,25.880431056650245
1628.0002,25.718914031982422,25.05951996927097,25.7106740205796,25.302666892208354,25.879528595399012
1628.9998,25.718914031982422,25.059347893675373,25.709740590708332,25.30239578068871,25.878627499889006
1630.0,25.7108211517334,25.059176212721088,25.708807827665773,25.30212518016828,25.877727048108515
1630.9998,25.7108211517334,25.0590050967646,25.70787666278482,25.30185535972284,25.876828139128705
1632.0,25.7108211517334,25.058834407449567,25.706946349374007,25.3015861017833,25.875930052123795
1633.0003,25.7108211517334,25.058664194911252,25.706017165780434,25.30131748594764,25.875033055798834
1634.0,25.7108211517334,25.058494576465318,25.70508975971537,25.301049698028574,25.87413777542812
1635.0006,25.7108211517334,25.05832529640452,25.70416273859632,25.300782334865627,25.873242866668754
1636.0007,25.715814091210078,25.05815659045321,25.703237398603502,25.300515769288477,25.87234958080077
1637.0002,25.7158145904541,25.057988473258632,25.70231382865436,25.300250025208424,25.871458003661484
1638.0008,25.7158145904541,25.057820657832448,25.701390457207832,25.299984649485538,25.870566618148608
1639.0004,25.69442367553711,25.057653495042274,25.70046922076859,25.29972019753406,25.869677293685566
1640.0,25.69442367553711,25.057486815529177,25.69954919432097,25.299456402173348,25.86878913729958
1640.9998,25.731281280517578,25.057320584691272,25.69863019255938,25.29919320918948,25.867901970104118
1642.0006,25.731281280517578,25.057154668988975,25.697711480721427,25.298930407535888,25.867015082789223
1643.0006,25.731281280517578,25.056989365584506,25.696794709940995,25.298668468448575,25.86613006929289
1644.0004,25.720123291015625,25.05682457318984,25.695879326761226,25.298407232165673,25.865246395330214
1645.0003,25.720123291015625,25.056660240903394,25.694965054749296,25.298146618587595,25.864363794044106
1646.0004,25.720123291015625,25.056496351126018,25.6940518014294,25.297886600330354,25.863482176162155
1647.0,25.696317672729492,25.056333016981394,25.693140203896775,25.297627357490363,25.862602156710384
1648.0,25.696317672729492,25.056170089968504,25.69222943962926,25.29736865495532,25.861722941659107
1649.0008,25.696317672729492,25.05600750439867,25.691319144901748,25.297110388801734,25.86084417988279
1650.0002,25.727251052856445,25.055845615887833,25.690411318112915,25.29685312458725,25.85996780055483
1651.0002,25.727251052856445,25.055684098542105,25.689504139514863,25.296596345113624,25.85909204696408
1652.001,25.727251052856445,25.055522919685224,25.68859742860824,25.29633999877761,25.858216744863746
1653.0004,25.70062255859375,25.05536243185628,25.687693175924046,25.296084646932812,25.857343815832103
1654.0008,25.70062255859375,25.05520224802588,25.686789207673556,25.29582967440403,25.85647116138127
1655.0007,25.70062255859375,25.055042607378788,25.685886878596484,25.29557546239683,25.855600089322266
1656.0002,25.728181838989258,25.054883491985972,25.684986095289396,25.295321983061864,25.8547305094872
1656.9998,25.728181838989258,25.054724820708287,25.684086405045726,25.295069107745356,25.85386198485142
1658.0,25.728181838989258,25.05456651333021,25.683187357527668,25.294816709055908,25.852994080676996
1659.0004,25.704652786254883,25.054408632384163,25.682289312146438,25.294564887124977,25.85212714392501
1660.0002,25.704652786254883,25.054251302525703,25.681392984790385,25.294313841396544,25.851261865685156
1661.0002,25.695356369018555,25.054094396271793,25.680497655996597,25.294063369065764,25.850397551417
1661.9998,25.695356369018555,25.053938006314425,25.679603861062432,25.2938136186811,25.849534717874995
1662.9997,25.695356369018555,25.05378202175693,25.678710972359646,25.293564413709554,25.84867275917217
1664.0005,25.698453593692427,25.053626348503443,25.67781845467075,25.293315604186994,25.847811158631174
1665.0009,25.698453903198242,25.05347118779923,25.676927466677746,25.293067512232003,25.846951034796835
1665.9999,25.698453903198242,25.053316692228655,25.676038894310487,25.292820382638077,25.846093242910054
1667.0002,25.68326187133789,25.05316244287165,25.675150334309063,25.292573545865263,25.84523546296075
1668.0003,25.68326187133789,25.05300867047697,25.67426311950592,25.29232737154499,25.84437898161156
1668.9998,25.68326187133789,25.052855434723302,25.673377601818398,25.292081955880395,25.843524138589263
1670.0004,25.6882266998291,25.052702474026017,25.672492274454928,25.29183688039504,25.84266947929812
1670.9998,25.6882266998291,25.052550138635798,25.671609170744386,25.291592706819404,25.841816966631733
1672.0008,25.6882266998291,25.05239800074215,25.67072581567971,25.291348749908778,25.840964211318216
1673.0004,25.671823501586914,25.05224651516015,25.669844855501548,25.29110573947765,25.840113767931445
1674.0008,25.671823501586914,25.05209534682012,25.668964348753295,25.29086313863948,25.8392637622676
1675.0002,25.671823501586914,25.051944766318293,25.66808587784583,25.290621382221584,25.838415721922253
1676.0008,25.664697647094727,25.051794441044876,25.667207507809156,25.29037993672405,25.837567778953492
1677.0006,25.664697647094727,25.05164467047132,25.666330993505373,25.29013928361651,25.836721627434343
1678.0002,25.704648789541952,25.05149536280971,25.66545580567596,25.28989927609155,25.835876756439994
1679.0002,25.704652786254883,25.051346427316997,25.6645814178306,25.289659768781966,25.835032657717946
1680.0002,25.704652786254883,25.051197922577263,25.663708178903164,25.289420856367357,25.834189668114874
1681.0004,25.69752311706543,25.05104981777251,25.66283591308037,25.289182489765565,25.833347617907737
1681.9998,25.69752311706543,25.05090225935035,25.661965489914845,25.28894490528895,25.832507346527528
1683.0007,25.69752311706543,25.050754906932287,25.66109490592729,25.288707555314723,25.83166691989622
1683.9998,25.66090965270996,25.05060824491823,25.66022702944463,25.288471220662824,25.83082910698083
1685.0006,25.66090965270996,25.050461758232117,25.65935881848818,25.288235071863994,25.82999097117794
1686.0008,25.66090965270996,25.050315782995735,25.658492268729404,25.28799965113535,25.829154439028216
1687.0006,25.675825119018555,25.05017028816026,25.657627203684847,25.287764909066983,25.828319340161652
1687.9998,25.675825119018555,25.05002530097858,25.656763793201524,25.287530890290142,25.827485838541698
1689.0008,25.675825119018555,25.049880472741823,25.655899963986123,25.287297032309702,25.826651932694705
1690.0007,25.726041793823242,25.049736222258726,25.65503821834053,25.287064011801665,25.825820038241876
1691.0009,25.726041793823242,25.049592345845074,25.65417734684814,25.28683150036589,25.82498898766126
1691.9999,25.726041793823242,25.049449057504514,25.653318637544253,25.28659984448329,25.82416002437012
1693.0009,25.710822672125175,25.0493058975501,25.65245933967808,25.286368301370235,25.823330492904716
1694.0004,25.7108211517334,25.049163365652895,25.651602457151128,25.286137679619916,25.822503293110273
1695.0008,25.684194564819336,25.049021117995743,25.650745929918013,25.28590742351803,25.82167643630216
1696.0002,25.684194564819336,25.04887942348753,25.64989138308207,25.285677968868114,25.820851491289513
1697.0006,25.684194564819336,25.048737997379252,25.6490371050448,25.285448855064864,25.82002680576425
1698.0008,25.695356369018555,25.048597008619893,25.648184120401172,25.285220356202075,25.819203368828994
1699.0004,25.695356369018555,25.04845651192097,25.647332767456582,25.284992561566035,25.818381507070104
1700.001,25.695356369018555,25.04831628146236,25.64648168270005,25.284765105469393,25.817559904209133
1700.9999,25.68577862301388,25.04817669403878,25.64563316003974,25.2845385996776,25.816740774692416
1702.0007,25.68577766418457,25.048037245530555,25.64478414029593,25.284312226637777,25.815921165311355
1703.0011,25.68577766418457,25.047898256152145,25.643936575696408,25.284086506458625,25.81510296066784
1704.0005,25.644239767245377,25.04775980725242,25.643090970771336,25.283861571943266,25.814286647814914
1705.0006,25.644235610961914,25.047621661984177,25.642245885165895,25.283637038829525,25.81347083629219
1706.001,25.644235610961914,25.047483875041465,25.64140165708639,25.283412996370785,25.812655852590385
1707.0,25.67086410522461,25.047346678755584,25.640559717858252,25.283189822983914,25.81184307845328
1708.0004,25.67086410522461,25.04720968744025,25.63971770623482,25.282966891776212,25.81103023442867
1709.0004,25.67086410522461,25.04707314702814,25.638877137436673,25.282744603317337,25.810218783249343
1710.0006,25.692533493041992,25.046936974330134,25.63803750533681,25.28252282269264,25.809408236320717
1711.0006,25.692533493041992,25.04680122266208,25.637199144269413,25.282301637225018,25.808598916395518
1712.0009,25.642070093044325,25.046665823067677,25.636361633769194,25.282080935035538,25.80779041757353
1713.0004,25.642065048217773,25.046530923012575,25.6355258925488,25.281860957048117,25.80698362674285
1714.001,25.642065048217773,25.04639626510149,25.634690330954015,25.281641283979877,25.806177009315476
1715.0002,25.647302627563477,25.046262184474006,25.63385703469994,25.281422463081963,25.80537257875656
1716.0004,25.647302627563477,25.04612835771983,25.633024000174405,25.281203967082266,25.80456840085981
1717.0002,25.647302627563477,25.045994971386207,25.63219239293933,25.28098610095299,25.803765600811644
1718.0001,25.68512156867981,25.04586195747359,25.63136179517792,25.280768754147786,25.802963775268598
1719.0006,25.68512535095215,25.04572924875671,25.630531791260243,25.280551817205332,25.80216252299831
1720.0004,25.68512535095215,25.04559701650019,25.629703458054212,25.28033557058066,25.801362883565595
1721.0004,25.698453903198242,25.045465140273897,25.628876047660903,25.280119817871217,25.80056413497902
1722.0008,25.698453903198242,25.04533359293982,25.62804939414669,25.279904515074723,25.79976611705296
1723.0006,25.698453903198242,25.045202504775162,25.62722432207989,25.27968987591609,25.798969625792388
1723.9998,25.6882266998291,25.045071873997212,25.62640082808201,25.27947589810754,25.79817465793583
1725.0006,25.6882266998291,25.044941412459387,25.625577099216304,25.279262109995344,25.79737946334736
1726.0006,25.6882266998291,25.044811432378797,25.624755110727772,25.279049023577425,25.796585948848747
1727.0002,25.691322326660156,25.044681879994773,25.623934530453703,25.278836551346757,25.795793793783517
1728.0,25.691322326660156,25.04455267634551,25.62311486410678,25.278624564296535,25.79500252098665
1728.9997,25.691322326660156,25.044423859172866,25.622296356381735,25.278413124804533,25.794212366676568
1730.0004,25.686363220214844,25.044295286158,25.621478106687427,25.27820199961917,25.793422461458942
1731.0003,25.686363220214844,25.044167187604074,25.6206615857518,25.27799156735233,25.792634225115144
1732.0004,25.669933319091797,25.044039433990108,25.61984597459287,25.27778161577692,25.791846867033037
1733.0008,25.669933319091797,25.043912011747462,25.619031191051544,25.277572122992595,25.79106030789955
1734.0006,25.669933319091797,25.0437850342755,25.61821796624952,25.27736327593766,25.790275253510053
1735.0,25.66497039794922,25.043658474556906,25.61740613449969,25.277155030763787,25.789491543916895
1736.0003,25.66497039794922,25.04353216717836,25.616594639184303,25.276947115690085,25.788708159103965
1737.0004,25.66497039794922,25.043406250361315,25.61578437239834,25.276739758612127,25.787925960263742
1738.0004,25.673032760620117,25.043280710294564,25.614975251242594,25.27653293728136,25.787144867368667
1739.0006,25.673032760620117,25.043155508317117,25.61416703174105,25.276326588448992,25.786364644894164
1740.0008,25.673032760620117,25.04303066852262,25.613359874426585,25.276120752254023,25.785585447812174
1741.0006,25.690673828125,25.042906239572808,25.61255410006552,25.275915509434366,25.784807585777564
1742.0008,25.690673828125,25.042782120860274,25.611749062515763,25.275710694492947,25.784030435030836
1742.9999,25.690673828125,25.042658497108597,25.61094596659128,25.275506612791006,25.783255158650757
1744.0006,25.694704055786133,25.042535033463498,25.61014264138252,25.275302711928955,25.782479660928892
1745.0002,25.694704055786133,25.04241206227741,25.60934125375513,25.275099541174843,25.781706033669852
1745.9998,25.694704055786133,25.042289446607978,25.60854091870477,25.27489687486034,25.78093342252618
1747.0006,25.71488380432129,25.04216703886787,25.607740675955675,25.27469446934208,25.78016090048642
1748.0,25.71488380432129,25.042045155930893,25.606942602778673,25.27449284905255,25.77939047286396
1749.0008,25.672103881835938,25.041923455295564,25.60614446184507,25.274291447866755,25.778619979832015
1749.9998,25.672103881835938,25.041802324862278,25.605348803158023,25.274090908209814,25.777851883060677
1751.0002,25.672103881835938,25.041681375397243,25.604553076055176,25.273890586170793,25.777083720243482
1752.0002,25.661563873291016,25.041560824034107,25.603758712466984,25.273690841694496,25.776316873708286
1753.0008,25.661563873291016,25.041440549313876,25.602964916968535,25.27349147394881,25.77555057558399
1754.0006,25.661563873291016,25.041320718407043,25.6021727985223,25.27329276049988,25.774785896418187
1755.001,25.674924850463867,25.041201162406207,25.60138124625709,25.27309442171454,25.774021763820688
1756.0008,25.674924850463867,25.041082023718726,25.60059120828809,25.272896694278096,25.773259093063608
1757.0008,25.674924850463867,25.04096320580755,25.59980205046862,25.272699418458373,25.772497271967353
1757.9999,25.727245816046757,25.040844838015566,25.59901463842054,25.27250280952517,25.77173713616831
1759.0002,25.727251052856445,25.040726670707404,25.598227316193302,25.272306453231426,25.770977087078673
1760.0006,25.727251052856445,25.040608833504542,25.5974409502392,25.272110565242468,25.77021796113652
1761.0009,25.680819384816264,25.040491348975873,25.596655696408295,25.271915183507996,25.769459908793195
1762.0002,25.680814743041992,25.04037432127923,25.595872258156977,25.27172048180941,25.768703609137102
1763.0,25.680814743041992,25.040257573513774,25.595089457377025,25.27152616632178,25.767947924870125
1764.0004,25.7039737701416,25.04014109358123,25.59430721611813,25.27133221720562,25.767192780742185
1764.9998,25.7039737701416,25.040025066596396,25.59352678349802,25.271138943167777,25.766439382601103
1766.0,25.68512535095215,25.039909282510344,25.59274675223637,25.270945994765583,25.765686371915272
1767.0007,25.68512535095215,25.039793775733823,25.5919673569469,25.270753429614164,25.76493397517131
1768.0002,25.68512535095215,25.039678741171347,25.591189919252553,25.27056157315229,25.76418346821064
1769.0008,25.677993774414062,25.03956391309456,25.590412648652656,25.270369982629365,25.763433122556204
1770.0002,25.677993774414062,25.03944955443776,25.58963733030242,25.270179097184528,25.76268466152477
1771.0005,25.677993774414062,25.039335423794018,25.588862333254966,25.269988514322065,25.761936510666064
1772.0006,25.669933319091797,25.039221646059477,25.58808850948191,25.269798442939717,25.761189492439094
1773.0003,25.669933319091797,25.039108242736347,25.587316011479135,25.269608919447037,25.760443754057224
1774.0004,25.669933319091797,25.038995122123136,25.58654421972695,25.26941979100726,25.759698697461157
1775.0006,25.68326187133789,25.038882317449477,25.585773365166638,25.2692311135364,25.758954545592285
1776.0005,25.68326187133789,25.038769872783906,25.585003754441747,25.269042961182723,25.75821159447191
1777.0,25.68326187133789,25.038657798087026,25.584235462128497,25.268855351108723,25.7574699160929
1778.0006,25.69752311706543,25.038545924562914,25.583467334944082,25.268668001087608,25.7567283971226
1778.9998,25.69752311706543,25.03843453064487,25.582701290274937,25.268481377847113,25.75598888852846
1780.0003,25.69752311706543,25.03832331434433,25.581935256667172,25.26829497587563,25.75524939061253
1780.9998,25.701553344726562,25.038212530544175,25.58117099424815,25.268109222740748,25.754511602530698
1782.0009,25.701553344726562,25.038101890420403,25.58040651452307,25.267923634507905,25.75377360467037
1783.0004,25.70090103149414,25.03799174670538,25.57964425981909,25.267738803260535,25.75303775475558
1784.0008,25.70090103149414,25.03788182264123,25.578882321172905,25.267554265061218,25.752302209950223
1785.0008,25.70090103149414,25.03777226038917,25.578121688143316,25.26737025891711,25.751567925534413
1786.0002,25.703693389892578,25.037663080466743,25.57736251004219,25.26718681980529,25.750835045647793
1787.0008,25.703693389892578,25.03755408560027,25.576603419114004,25.267003616612566,25.750102249914416
1788.0001,25.703693389892578,25.037445547153208,25.57584631048822,25.266821105872637,25.749371367815737
1789.0002,25.684194564819336,25.03733723588787,25.575089591065836,25.266638902574034,25.74864086143831
1790.0004,25.684194564819336,25.03722922712984,25.5743337905329,25.26645713373164,25.747911242119653
1791.0001,25.684194564819336,25.037121584577875,25.573579360376627,25.266275906989865,25.747182945707294
1792.0002,25.649473190307617,25.037014210374462,25.572825619952543,25.266095058006798,25.746455315134547
1793.0006,25.649473190307617,25.03690711468162,25.572072644364546,25.26591460421915,25.745728422903674
1794.0004,25.649473190307617,25.036800392809102,25.57132110927281,25.265734706652644,25.745002921269734
1795.0004,25.674924850463867,25.036693958281095,25.570570411436098,25.265555219978776,25.74427822788799
1796.0,25.674924850463867,25.036587873973538,25.56982099968011,25.265376250646312,25.74355477603665
1797.0007,25.674924850463867,25.036481980128386,25.569071749175887,25.2651975294536,25.74283147985125
1798.0,25.7027645111084,25.036376540269963,25.568324530002865,25.265019501587332,25.742110144630978
1798.9999,25.7027645111084,25.036271342118884,25.567577844203342,25.264841809108816,25.741389324307946
1800.0001,25.7027645111084,25.03616641676699,25.56683191584053,25.26466450482923,25.740669235183734
1800.9997,25.654186248779297,25.036061857611767,25.5660874143857,25.264487746996195,25.739950523538873
1802.0007,25.654186248779297,25.035957454936522,25.565342850126708,25.26431118138574,25.73923175126541
1803.0008,25.673965454101562,25.035853447978724,25.564599933297682,25.264135212930665,25.738514569354322
1804.0004,25.673965454101562,25.035749793633958,25.563858363424863,25.263959769242486,25.737798687740373
1805.0003,25.673965454101562,25.03564640798585,25.56311754544027,25.263784708694015,25.73708353196896
1806.0006,25.718914031982422,25.03554328014199,25.562377404996884,25.26361001315198,25.73636903026847
1806.9998,25.718914031982422,25.035440563570003,25.56163904967287,25.26343594304581,25.73565625185015
1808.0005,25.718914031982422,25.035337990308886,25.560900557512355,25.263262044612947,25.73494334133539
1809.0001,25.682960292729152,25.03523582618138,25.560163846559046,25.2630887688583,25.734232150326154
1810.0006,25.68295669555664,25.0351338658304,25.559427441235286,25.262915767889186,25.733521254359346
1811.0005,25.68295669555664,25.03503226139803,25.558692444760243,25.262743300201585,25.732811718438203
1812.0004,25.671823501586914,25.03493095079785,25.557958413950765,25.26257126085128,25.73210311473161
1813.0002,25.671823501586914,25.03482994326827,25.557225420803928,25.26239966591606,25.731395512742633
1814.0004,25.671823501586914,25.034729187579607,25.556493097916235,25.262228428711936,25.73068855779477
1815.0,25.708683013916016,25.034628783535208,25.555762175910214,25.262057719255818,25.729982955201518
1816.0,25.708683013916016,25.034528629761034,25.555031922018998,25.26188736558644,25.729277997579317
1817.0004,25.708683013916016,25.03442872576498,25.554302336132327,25.261717367158585,25.728573684821736
1818.0002,25.691322326660156,25.034329170486448,25.553574145995746,25.261547892724824,25.727870719464935
1819.0008,25.691322326660156,25.03422982377059,25.552846330966204,25.261378704050657,25.727168116221325
1820.0004,25.684194564819336,25.03413086341519,25.55212019878098,25.261210104321318,25.726467137527674
1821.0004,25.684194564819336,25.03403214973143,25.551394730332326,25.261041855981702,25.72576679957851
1821.9997,25.684194564819336,25.03393379034861,25.55067072195376,25.260874142877416,25.725067871122057
1823.0,25.678956985473633,25.033835617241404,25.549946941145286,25.260706678846542,25.72436916235258
1823.9997,25.678956985473633,25.03373778678754,25.54922454492972,25.26053973096637,25.7236717902132
1825.0,25.678956985473633,25.033640180733954,25.54850266492173,25.260373097806063,25.722974916399767
1826.001,25.6634578704834,25.033542789054852,25.54778122955701,25.260206762484103,25.722278471826993
1827.0002,25.6634578704834,25.033445853704688,25.547062037812026,25.260041138713376,25.721584193154126
1828.0008,25.6634578704834,25.03334906325862,25.546342784616964,25.259875694799824,25.720889855159836
1829.0004,25.677993774414062,25.033252649231645,25.545625194469658,25.25971082679561,25.720197122604702
1830.0004,25.677993774414062,25.033156475529253,25.54490826025089,25.25954630240359,25.719505023256495
1831.0004,25.677993774414062,25.033060579981573,25.54419226806097,25.259382186661863,25.718813833304903
1832.0007,25.692532039651486,25.032964933140196,25.543477002287723,25.259218429504056,25.71812334460664
1833.0,25.692533493041992,25.03286965821622,25.542763390275187,25.259055242311213,25.717434452382193
1834.0006,25.692533493041992,25.032774535247945,25.54204978875354,25.258892248662264,25.716745570285227
1835.0,25.693492889404297,25.032679801144692,25.541337979565643,25.258729854851182,25.716058418434898
1835.9997,25.693492889404297,25.0325853125543,25.5406268918615,25.258567815590727,25.715371963075857
1837.0,25.699384689331055,25.03249104069873,25.53991631228413,25.258406081796714,25.714685998241883
1838.0,25.699384689331055,25.032397069729477,25.53920687935568,25.25824479816693,25.71400114033648
1839.0,25.699384689331055,25.032303370544163,25.538498378599627,25.258083915137956,25.71331718231267
1840.0008,25.654739379882812,25.032209867722457,25.53779024310762,25.25792330348773,25.712633576900025
1840.9999,25.654739379882812,25.032116793685717,25.537084239324482,25.257763362893385,25.711952029353057
1842.0004,25.654739379882812,25.032023858741045,25.536378175026375,25.257603595922532,25.71127042338738
1843.0,25.669654846191406,25.031931275955237,25.53567367282654,25.257444369166677,25.710590325408297
1844.0006,25.669654846191406,25.031838868613196,25.53496939255472,25.257285379047346,25.70991044166957
1845.001,25.669654846191406,25.03174674708314,25.534266178733816,25.25712681572934,25.70923158743949
1846.0002,25.689434051513672,25.031655002117027,25.533564731140075,25.256968835904352,25.708554438253802
1847.0008,25.689434051513672,25.031563394296153,25.53286322361237,25.256811027635685,25.70787723121029
1848.0002,25.689434051513672,25.03147216097029,25.53216347804226,25.256653800122013,25.707201725089497
1849.0001,25.677993774414062,25.031381145906185,25.531464301971017,25.25649688453225,25.706526768739916
1850.0002,25.677993774414062,25.031290375924723,25.530765904929517,25.256340327385523,25.705852564434196
1851.0007,25.677993774414062,25.031199832348555,25.530068146870942,25.256184096755288,25.705178976976793
1852.0002,25.699384689331055,25.03110964088023,25.52937200213743,25.256028409939855,25.704506946958265
1853.0,25.699384689331055,25.031019683180837,25.528676563122634,25.25587306307512,25.70383559821209
1854.0,25.699384689331055,25.030929967689065,25.52798189886848,25.255718071028326,25.703164997388562
1855.0005,25.675827473562858,25.03084046701026,25.527287800733507,25.255563386747724,25.702494943073635
1856.0,25.675825119018555,25.03075131438366,25.52659530746129,25.255409240899315,25.701826438028412
1857.0003,25.675825119018555,25.030662348428113,25.525903170468744,25.25525535481244,25.701158276921202
1858.0001,25.675825119018555,25.03057368413484,25.525212288477874,25.255101927700178,25.700491327341933
1859.0006,25.675825119018555,25.03048521441799,25.524521831341602,25.254948774577908,25.69982478790014
1860.0008,25.663732528686523,25.03039702711464,25.523832488522977,25.254796047803534,25.69915932417562
1861.0002,25.663732528686523,25.030309165148527,25.523144601937677,25.254643822154126,25.69849526623995
1862.0002,25.663732528686523,25.030221504625345,25.522457206505255,25.25449188333043,25.697831682443436
1863.0,25.661563873291016,25.030134115091062,25.521770851496868,25.254340352171262,25.69716910303028
1864.0,25.661563873291016,25.030046960849713,25.521085261129002,25.254189167114824,25.696507261770208
1865.0,25.661563873291016,25.029960058676885,25.520400571605155,25.25403835757607,25.695846290148584
1866.0004,25.666555404663086,25.029873373233396,25.519716508405555,25.253887862523126,25.695185923155094
1866.9998,25.666555404663086,25.029787024877788,25.519034026844892,25.253737891298023,25.69452708301198
1868.0004,25.666555404663086,25.029700822879466,25.51835162365046,25.25358811294932,25.69386831852046
1869.0008,25.69442367553711,25.02961488750027,25.517670253779748,25.253438736673388,25.69321055155794
1870.0,25.69442367553711,25.029529303397965,25.51699059527184,25.253289910083318,25.692554436675966
1871.0008,25.69442367553711,25.029443830175076,25.516310742919266,25.253141215431523,25.69189813466419
1872.0008,25.693214416503906,25.02935867238386,25.515632326961082,25.25299300882457,25.691243219289554
1873.0,25.693214416503906,25.02927382871796,25.514955344083635,25.252845288461252,25.6905896873532
1873.9999,25.70961570739746,25.029189171061315,25.514278776695605,25.252697831614842,25.68993655651356
1875.0008,25.70961570739746,25.029104673929123,25.513602422905336,25.252550594066978,25.68928363187257
1876.0002,25.70961570739746,25.02902054748265,25.51292797024225,25.25240394239634,25.688632542503004
1877.0,25.700347900390625,25.028936630677027,25.51225413384583,25.252257596287535,25.687982048052394
1878.0002,25.700347900390625,25.028852923100217,25.511580913614797,25.252111555272545,25.687332148422975
1879.0008,25.700347900390625,25.028769424340645,25.510908309447046,25.251965818883612,25.68668284351617
1880.0004,25.708683013916016,25.028686250308652,25.51023726046579,25.251820589802236,25.686035039923617
1881.0002,25.708683013916016,25.028603300168147,25.509566958870128,25.251675692351544,25.68538795782694
1882.001,25.708683013916016,25.02852050728212,25.508896868738997,25.251531010342614,25.684741079869582
1883.0004,25.664697647094727,25.028438069357026,25.508228595317668,25.25138688962505,25.68409595569052
1884.0,25.664697647094727,25.02835585329102,25.507561065988376,25.251243097929944,25.683451549827865
1885.0004,25.664697647094727,25.02827380940237,25.506893880236213,25.251099548595075,25.682807475640697
1886.0004,25.66804313659668,25.028192035558973,25.506227837737242,25.25095641313751,25.682164505104005
1887.0,25.66804313659668,25.028110530790585,25.50556293628914,25.250813690244826,25.68152263609175
1887.9998,25.66804313659668,25.02802924542029,25.50489877537978,25.250671293259938,25.68088148196569
1889.0008,25.66438865661621,25.027948097958657,25.504234691400868,25.25052907962001,25.680240402105188
1890.0004,25.66438865661621,25.02786729842766,25.503572407837023,25.250387417726266,25.679601060292693
1891.0002,25.663732528686523,25.027786716396367,25.502910861896225,25.25024607931753,25.678962430551714
1892.0002,25.663732528686523,25.027706351329076,25.502250052957162,25.250105063730906,25.678324512282444
1893.0004,25.663732528686523,25.027626202691252,25.501589980398744,25.249964370304664,25.677687304885325
1894.0008,25.665624618530273,25.02754626994953,25.500930643600128,25.249823998378233,25.677050807761006
1895.0004,25.665624618530273,25.02746663212602,25.500272699714987,25.249684087085416,25.676415655299117
1896.0006,25.665624618530273,25.027387176945354,25.49961522585538,25.249544439501644,25.675780956580898
1896.9997,25.647056530722626,25.027308038616216,25.498959337720393,25.24940529185758,25.675147788657206
1898.0,25.64705467224121,25.027229034326535,25.498303524403187,25.2492663230161,25.67451469295958
1899.0002,25.64705467224121,25.027150266466247,25.497648638494695,25.24912771329372,25.673882492544884
1900.0,25.68512535095215,25.02707175782905,25.49699487464343,25.248989503149208,25.673251375318927
1901.0006,25.68512535095215,25.026993413663007,25.49634144756056,25.248851526047954,25.67262058319558
1902.0004,25.68512535095215,25.026915358586727,25.495689400973472,25.24871400176804,25.671991123747127
1903.0002,25.65849494934082,25.026837529217172,25.495038210983697,25.248576819006562,25.671362491223135
1903.9999,25.65849494934082,25.02675993265243,25.494387941469643,25.248439990585354,25.670734747289238
1905.0004,25.65849494934082,25.02668249861948,25.49373800678654,25.248303392832714,25.67010732658762
1906.0002,25.651641845703125,25.02660534259575,25.493089380354427,25.24816722974951,25.669481168818685
1907.0,25.651641845703125,25.026528409679017,25.49244160602655,25.248031404804433,25.66885583363678
1908.0006,25.661563873291016,25.02645163793239,25.491794165381734,25.24789580888081,25.668230820579026
1909.0004,25.661563873291016,25.026375149473303,25.491148092585146,25.24776065796384,25.667607127986727
1910.0,25.661563873291016,25.026298897425292,25.490502997523897,25.247625869606402,25.666984379260644
1911.001,25.669933319091797,25.02622275949372,25.489857848044146,25.247491227830107,25.66636157800114
1912.0,25.669933319091797,25.02614699345304,25.48921483358679,25.247357188827326,25.66574083780605
1913.0005,25.669933319091797,25.02607133305513,25.488571699599962,25.247223281911154,25.665119982222038
1914.0007,25.662525177001953,25.02599591418074,25.487929603556715,25.24708974776526,25.664500128626848
1915.001,25.662525177001953,25.025920705969586,25.48728828730571,25.246956532060455,25.663881027811605
1916.0002,25.662525177001953,25.025845797687346,25.48664851782339,25.24682379328757,25.6632634201844
1916.9998,25.687294006347656,25.025771076025265,25.486009332697453,25.24669133101126,25.66264637667125
1917.9999,25.687294006347656,25.025696533173964,25.485370668014163,25.24655913160605,25.662029835572422
1919.0004,25.687294006347656,25.025622176253027,25.484732587663,25.246427207916685,25.661413858564238
1920.0,25.64543914794922,25.025548101093158,25.484095919002264,25.24629573029672,25.660799244344993
1921.0001,25.64543914794922,25.025474203196964,25.4834597687352,25.246164513593804,25.660185130562066
1922.0004,25.64543914794922,25.025400504336456,25.482824327466346,25.246033596700183,25.659571701217384
1922.9998,25.68512535095215,25.025327084714107,25.482190291996613,25.2459031224303,25.658959628974415
1924.0003,25.68512535095215,25.02525379684983,25.481556392646855,25.245772828968633,25.65834768813618
1925.0005,25.68512535095215,25.025180742935465,25.48092351633705,25.245642898218097,25.6577367348994
1926.0008,25.65660285949707,25.025107893078424,25.4802914086226,25.24551327731558,25.657126523633547
1926.9998,25.65660285949707,25.02503534824771,25.479660951601808,25.24538414629501,25.656517905880705
1928.0,25.667795181274414,25.02496292625913,25.479030566339265,25.245255181158253,25.65590935740038
1929.0008,25.667795181274414,25.024890670516033,25.478400632138417,25.245126459337293,25.6553012443568
1930.0005,25.667795181274414,25.0248187029921,25.477772217321778,25.244998198448425,25.654694598065394
1931.0,25.68109130859375,25.02474695788656,25.477144753447803,25.244870281606456,25.654088869775638
1931.9999,25.68109130859375,25.02467539159149,25.47651786301301,25.24474263132749,25.653483695060917
1933.0006,25.68109130859375,25.02460397525016,25.475891295636,25.24461519632813,25.652878832213133
1934.0,25.626598088701943,25.024532857978343,25.475266364488153,25.244488243009684,25.652275548914925
1935.0001,25.6265926361084,25.024461896673408,25.474641817135392,25.244361516242808,25.651672636116995
1936.0,25.6265926361084,25.0243911547534,25.474018215150956,25.244235129523318,25.651070635939472
1937.0,25.630624771118164,25.024320610369347,25.473395370234325,25.244109044102483,25.650469366604646
1938.0003,25.630624771118164,25.024250248943034,25.472773157230915,25.24398323417139,25.649868707293326
1938.9998,25.630624771118164,25.024180147106108,25.47215225868137,25.24385783706725,25.649269316902696
1939.9998,25.669002532958984,25.02411021300085,25.47153186557242,25.243732688776003,25.648670414444013
1941.0004,25.669002532958984,25.02404043938132,25.470911916138085,25.243607776522285,25.64807194029089
1942.0004,25.669002532958984,25.02397090934038,25.470293152799943,25.24348324933844,25.647474611147135
1942.9997,25.633044980110014,25.023901628855107,25.46967563477832,25.24335911830322,25.646878484181673
1944.0004,25.633041381835938,25.023832451963695,25.46905806416162,25.243235122114832,25.646282306443045
1945.0,25.71299171447754,25.02376355099791,25.46844198309524,25.243111569919662,25.645687566656157
1946.0008,25.71299171447754,25.023694766873078,25.46782597308043,25.242988176714647,25.645092895459584
1947.0006,25.71299171447754,25.023626250276447,25.467211387434606,25.242865213077263,25.64449959929132
1948.0002,25.651363372802734,25.023557945451394,25.466597731872984,25.242742579305485,25.643907200988792
1949.0,25.651363372802734,25.023489824492255,25.46598475977463,25.242620225567986,25.64331546247411
1950.0,25.651363372802734,25.02342188694616,25.465372470563842,25.242498151290917,25.64272438319151
1951.0005,25.696555389062706,25.023354112068358,25.464760680340397,25.24237631941554,25.642133785611144
1952.0002,25.69655990600586,25.023286587265517,25.464150182615068,25.242254887354676,25.641544435756277
1953.0002,25.69655990600586,25.023219237524515,25.463540303980544,25.24213372051491,25.640955683546675
1954.0002,25.702484130859375,25.023152082573223,25.462931226707227,25.242012854632744,25.64036770493882
1955.0008,25.702484130859375,25.023085081730027,25.462322585015993,25.24189221671121,25.639780146824332
1956.0004,25.702484130859375,25.023018341453835,25.461715350618057,25.24177199872961,25.63919394725397
1957.0002,25.67058563232422,25.02295178083203,25.461108792531768,25.241652055265835,25.638608400567566
1958.0005,25.67058563232422,25.022885379536536,25.46050272854226,25.241532349901114,25.63802333086224
1959.0009,25.67058563232422,25.022819163735832,25.459897400671576,25.241412930030652,25.637438971776312
1960.0005,25.675824594912655,25.02275319224359,25.459293351615223,25.241293902039168,25.636855847206103
1961.0001,25.675825119018555,25.022687411478664,25.45869009594292,25.241175169574632,25.636273488536823
1961.9998,25.624454498291016,25.02262181433746,25.458087572381764,25.241056720069526,25.635691836618086
1963.0001,25.624454498291016,25.02255636766082,25.457485479369964,25.240938493858135,25.635110600334315
1964.0002,25.624454498291016,25.022491123355195,25.45688429787172,25.240820584938422,25.634530243988927
1965.0007,25.680158769514904,25.022426041786808,25.456283666411192,25.240702921930236,25.63395041862774
1966.0001,25.680164337158203,25.022361219785758,25.455684483618803,25.240585680205527,25.633371991752284
1966.9998,25.680164337158203,25.02229656577738,25.455085908153013,25.240468694451945,25.632794151165406
1968.0008,25.6461238861084,25.022232014995193,25.45448734211291,25.24035184762323,25.632216319677706
1969.0004,25.6461238861084,25.022167740983154,25.45389039886051,25.240235454125095,25.631640054763732
1969.9998,25.6461238861084,25.02210366559513,25.45329435886029,25.240119372814238,25.631064661812946
1971.0006,25.687015533447266,25.02203968604537,25.452698268256135,25.24000341765065,25.630489220011164
1971.9998,25.687015533447266,25.021975993527708,25.45210391262668,25.23988793541935,25.629915453083903
1973.001,25.687015533447266,25.02191235814076,25.451509150018108,25.239772509508107,25.629341293275438
1973.9999,25.685125540159607,25.02184905257326,25.450916533467048,25.239657634812186,25.628769205184245
1974.9999,25.68512535095215,25.02178586048697,25.45032404342823,25.239542919101176,25.628197239222864
1976.0006,25.68512535095215,25.02172280712293,25.449731917976916,25.239428408322354,25.62762562521954
1977.0001,25.71271048168413,25.021660011533243,25.44914127975796,25.239314318972802,25.627055446930285
1978.0008,25.71271324157715,25.021597322405444,25.4485507095078,25.239200376394365,25.626485334255364
1979.0006,25.679887771606445,25.021534870850825,25.447961445885532,25.239086819122406,25.625916482946252
1980.0008,25.679887771606445,25.02147257500595,25.447372721094133,25.238973498588017,25.625348151802704
1981.0004,25.679887771606445,25.021410496577847,25.446785122491445,25.238860527304166,25.624780907836268
1982.0007,25.671824307691473,25.021348554338143,25.4461978849931,25.23874775769245,25.624214012465384
1983.0005,25.671823501586914,25.021286822129756,25.4456117122898,25.23863532442296,25.623648145004648
1984.0007,25.671823501586914,25.021225243837577,25.44502607559099,25.238523125547786,25.623082794981002
1985.0002,25.68484878540039,25.021163886587775,25.444441617610206,25.238411283642108,25.622518582844148
1986.0007,25.68484878540039,25.02110264558569,25.443857343606595,25.23829960791252,25.62195454831143
1987.0006,25.68484878540039,25.021041618360943,25.443274187402718,25.23818827642726,25.621391592857442
1988.0008,25.722007850998583,25.020980749391615,25.442691622751436,25.23807718816424,25.620829208464443
1989.0008,25.72201156616211,25.020920068621976,25.44210993998471,25.237966398010965,25.620267675407195
1990.0004,25.72201156616211,25.02085958752106,25.44152925374543,25.23785592719245,25.6197071043573
1991.0006,25.686086654663086,25.020799245128604,25.440948982339943,25.23774566459268,25.6191469337712
1992.0,25.686086654663086,25.020739125349,25.44036993675495,25.237635763785022,25.618587946542718
1993.0007,25.686086654663086,25.020679101480713,25.43979089983398,25.237525993363903,25.61802896767813
1994.0,25.695356369018555,25.02061933494598,25.439213432769495,25.237416648783363,25.61747150428961
1995.0,25.695356369018555,25.020559699463444,25.438636320234213,25.237307499296342,25.616914383149265
1996.0004,25.695356369018555,25.020500212708587,25.438059735616413,25.23719857742068,25.616357771639148
1997.0011,25.661563873291016,25.020440880309234,25.437483736350018,25.237089893654506,25.61580172520364
1998.0001,25.661563873291016,25.020381819989154,25.43690947104335,25.236981663974404,25.61524735266284
1999.0006,25.690086364746094,25.020322842018576,25.436335098986934,25.23687354094752,25.614692877070148
1999.9998,25.690086364746094,25.02026411101072,25.43576222685422,25.236765826580278,25.614139849443237
2001.0,25.690086364746094,25.02020549120637,25.435189534653894,25.236658272143856,25.61358699551579
2002.0005,25.682302474975586,25.02014702347059,25.434617423668634,25.236550952767804,25.613034702669896
2002.9998,25.682302474975586,25.020088794742463,25.4340467496326,25.23644402832728,25.61248379699677
2004.0,25.682302474975586,25.020030682091143,25.433476311965517,25.23633727334205,25.611933119504684
2005.0006,25.657564163208008,25.01997271440786,25.432906396305473,25.236230741036387,25.61138294593712
2006.0003,25.657564163208008,25.01991496639335,25.432337741551738,25.236124568961884,25.610833989597594
2007.0,25.657564163208008,25.019857385348292,25.43176983376832,25.236018660521548,25.610285754353058
2008.0009,25.64113426208496,25.019799901971624,25.431201991623503,25.235912888405913,25.60973758247337
2009.0006,25.64113426208496,25.019742653617545,25.4306355757321,25.235807505586145,25.60919078744115
2009.9998,25.64113426208496,25.019685599296913,25.430070186605107,25.235702436951797,25.60864498360583
2011.0,25.700347900390625,25.01962865300508,25.429504975060183,25.235597524319974,25.60809935120107
2012.0006,25.700347900390625,25.01957184877168,25.428940280739877,25.235492830524766,25.607554218104074
2012.9997,25.700347900390625,25.019515293712608,25.428377173720325,25.235388553288825,25.607010617323134
2014.0002,25.720123291015625,25.019458823170773,25.427814018434166,25.235284389251017,25.60646696994757
2014.9998,25.720123291015625,25.019402566613056,25.42725210907405,25.235180577419776,25.605924525338697
2016.0006,25.705583572387695,25.01934640545414,25.42669026451798,25.235076899176278,25.605382143289027
2017.0006,25.705583572387695,25.019290451553218,25.42612960702901,25.23497356122499,25.604840907186016
2018.0002,25.705583572387695,25.01923468176736,25.425569910047393,25.23487052112869,25.604300598318023
2019.0006,25.675825119018555,25.019179028774914,25.425010501141628,25.234767654705998,25.60376056754682
2020.0004,25.675825119018555,25.019123570040694,25.42445216242519,25.23466510535328,25.603221569893186
2021.0002,25.675825119018555,25.019068271672847,25.423894557201503,25.234562810664645,25.60268328032384
2022.0002,25.647987365722656,25.019013122193712,25.423337573183375,25.23446074962083,25.60214559044126
2022.9998,25.647987365722656,25.01895815418271,25.422781543379276,25.234358982751523,25.601608821718376
2024.0002,25.647987365722656,25.018903301286034,25.422225799763538,25.2342573874098,25.601072329270178
2025.0008,25.699384689331055,25.01884859618029,25.42167067578394,25.234156024278978,25.600536434993693
2026.0002,25.699384689331055,25.018794114710353,25.421116946094312,25.234055034177686,25.60000188670845
2027.0,25.699384689331055,25.018739769006782,25.420563722363315,25.23395425449827,25.599467826855246
2028.001,25.64705467224121,25.018685515506068,25.420010562712807,25.233853604578947,25.59893382886275
2029.0002,25.64705467224121,25.018631516210252,25.419459123354883,25.233753385221057,25.598401491571263
2030.0006,25.64705467224121,25.018577608397088,25.418907747038865,25.233653294680412,25.597869215137887
2031.0008,25.65849494934082,25.01852386728952,25.418357205517367,25.233553472782344,25.59733774458143
2032.0,25.65849494934082,25.0184703351411,25.41780793688159,25.233453998304594,25.59680750281746
2033.0006,25.65632438659668,25.01841688301537,25.41725862131452,25.233354631849974,25.59627721574791
2034.0002,25.65632438659668,25.01836363876554,25.41671057586766,25.23325561128943,25.595748154801132
2035.0004,25.65632438659668,25.01831051662704,25.416162921936493,25.233156777365842,25.595219471807795
2036.0008,25.660663604736328,25.018257537583462,25.41561587845601,25.23305816928854,25.594691378118902
2036.9997,25.660663604736328,25.01820479092012,25.415070372681768,25.23295995353707,25.594164768869533
2038.0007,25.660663604736328,25.018152086234334,25.414524438332037,25.232861775756977,25.593637745890682
2039.0008,25.71299171447754,25.01809958131511,25.41397971192184,25.23276393001997,25.59311188900789
2040.0004,25.71299171447754,25.018047254402425,25.41343597313582,25.23266637607506,25.5925869855376
2041.0006,25.71299171447754,25.017995047497244,25.41289262278887,25.232569006002777,25.592062457050712
2042.0006,25.680164337158203,25.017943002009666,25.41235009496399,25.232471897226937,25.591538722593416
2043.0001,25.680164337158203,25.017891132958596,25.411808550732996,25.232375078026216,25.591015937657943
2044.0004,25.680164337158203,25.01783937251286,25.411267285120164,25.232278421982038,25.590493421689196
2044.9998,25.6461238861084,25.01778780818266,25.410727216959813,25.232182092727314,25.589972061692727
2046.0008,25.6461238861084,25.017736310703498,25.410186995082114,25.2320858489494,25.589450553303735
2047.0,25.6461238861084,25.017685054515887,25.40964845326132,25.231990016884275,25.588930666773845
2048.0004,25.65660285949707,25.017633885163708,25.40910997300795,25.231894307997173,25.588410839678666
2049.0004,25.65660285949707,25.01758288423407,25.40857241546504,25.231798875055173,25.587891903330902
2050.0002,25.659425735473633,25.017532040965886,25.408035671555396,25.231703698167713,25.587373752431848
2051.0008,25.659425735473633,25.017481304211472,25.407499204134552,25.231608681762914,25.58685586844392
2052.0004,25.659425735473633,25.017430764772843,25.406963977126612,25.231513996109694,25.58633918190052
2053.0008,25.620147705078125,25.017380331174202,25.406429025599834,25.231419470048706,25.585822761295514
2053.9998,25.620147705078125,25.017330113771298,25.405895524421087,25.231325310659017,25.58530774079794
2055.0,25.620147705078125,25.017279981402886,25.405362083965127,25.231231272228023,25.58479277891969
2056.0,25.667518615722656,25.01723000403786,25.404829451029677,25.23113748615287,25.58427859658914
2057.0007,25.667518615722656,25.01718013638551,25.404297145848787,25.231043867620475,25.58376473065961
2057.9998,25.667518615722656,25.01713049244847,25.40376639000459,25.23095063091038,25.583252360397168
2059.0004,25.686086654663086,25.0170809177532,25.403235535648054,25.230857486116072,25.582739895034884
2060.0011,25.686086654663086,25.01703148159135,25.402705326286558,25.230764563541847,25.582228052324776
2061.0007,25.686086654663086,25.01698224261534,25.402176395764283,25.230671973695536,25.581717444154414
2062.0008,25.6777180457232,25.016933121469418,25.40164789591223,25.230579567593576,25.581207251735698
2063.0005,25.677717208862305,25.016884161967752,25.401120301523957,25.230487427856534,25.58069793341516
2064.0006,25.677717208862305,25.016835324520155,25.40059318948495,25.23039548018049,25.580189080735128
2064.9999,25.68447426888903,25.016786667231607,25.400067190940483,25.230303834186426,25.57968130297776
2066.0007,25.68447494506836,25.016738077851404,25.39954109506285,25.230212278612967,25.57917343125889
2067.0004,25.68447494506836,25.01668968228819,25.39901626811421,25.23012105088526,25.578666784512833
2068.0008,25.67275619506836,25.016641392913115,25.39849176379974,25.230029986042922,25.57816044922478
2069.0008,25.67275619506836,25.016593262481212,25.39796815824732,25.229939183756112,25.577654981565317
2070.0004,25.67464828491211,25.016545290421426,25.3974454497256,25.229848643192256,25.577150379863077
2070.9998,25.67464828491211,25.016497466608232,25.396923532129332,25.22975834547368,25.576646541688337
2072.0002,25.67464828491211,25.016449733383652,25.396401778702835,25.229668181889135,25.576142861996463
2072.9998,25.62132453918457,25.0164021762746,25.39588112753148,25.229578314178408,25.5756402463772
2074.0005,25.62132453918457,25.01635470454897,25.39536058838922,25.229488571068643,25.5751377389063
2075.0,25.62132453918457,25.016307426896937,25.39484135667709,25.229399158236724,25.57463649357566
2076.0004,25.66438865661621,25.016260243526972,25.394322340256814,25.22930988716794,25.574135456079084
2076.9999,25.66438865661621,25.016213238939812,25.39380447208817,25.229220917934473,25.573635527058272
2078.0,25.66438865661621,25.016166342137435,25.393286973777908,25.229132116365506,25.573135955083806
2079.0002,25.671823501586914,25.0161195763152,25.392770103869292,25.229043526540192,25.57263698974292
2080.0004,25.671823501586914,25.016072945776646,25.392253913247103,25.228955156800726,25.572138680157725
2081.0004,25.671823501586914,25.01602645941422,25.391738504032677,25.228867024204952,25.571641124912034
2082.0001,25.627806298182854,25.015980121385656,25.391223926367758,25.228779136856726,25.571144372410664
2083.0,25.6278018951416,25.015933908106124,25.39070992189526,25.22869145022287,25.57064817324611
2084.0002,25.6278018951416,25.015887814666584,25.39019643882796,25.228603955155123,25.570152477425086
2085.0006,25.6634578704834,25.015841845388778,25.38968352812228,25.228516660023146,25.56965733413886
2085.9997,25.6634578704834,25.01579606859415,25.389171956838485,25.228429694819788,25.569163483876437
2086.9998,25.69817543029785,25.01575037845722,25.388660546114785,25.22834285870928,25.568669788612254
2088.0003,25.69817543029785,25.015704802284056,25.388149603295016,25.228256203704664,25.56817654504363
2089.0001,25.69817543029785,25.01565938974174,25.38763968895006,25.228169824446034,25.567684294323065
2090.0006,25.650123596191406,25.015614076858594,25.387130088174505,25.228083599443405,25.567192346309742
2090.9998,25.650123596191406,25.015568953717363,25.386621818177968,25.227997700335077,25.566701682976753
2092.0002,25.650123596191406,25.015523907021286,25.38611360628811,25.227911911637417,25.566211075737602
2093.0005,25.68918800354004,25.015478995145173,25.38560611314024,25.227826344652758,25.56572116234295
2093.9999,25.68918800354004,25.015434253436,25.385099742729373,25.22774106696597,25.565232332793265
2095.0008,25.68918800354004,25.01538957419005,25.38459327875997,25.227655873450594,25.564743412925946
2096.0008,25.65632438659668,25.01534506428295,25.38408793537655,25.227570968051268,25.564255574827097
2097.0002,25.65632438659668,25.015300709698113,25.383583558607047,25.227486324295935,25.56376866985829
2097.9999,25.65632438659668,25.015256470062596,25.383079693069558,25.227401865341342,25.563282258412237
2099.0008,25.677717208862305,25.015212305465905,25.382575885768684,25.227317515101806,25.562795903185457
2100.0004,25.677717208862305,25.01516832583091,25.38207339412067,25.227233483710652,25.56231081803682
2101.0001,25.677717208862305,25.01512446896287,25.38157151229657,25.227149652580433,25.561826321587574
2102.0,25.706514358520508,25.015080730164208,25.381070189522884,25.227066012901115,25.561342364823027
2103.0004,25.706514358520508,25.015037096078025,25.380569275213137,25.226982539279362,25.560858802373073
2104.0006,25.693214416503906,25.014993596926757,25.380069119297442,25.226899289700448,25.560375972046117
2104.9998,25.693214416503906,25.014950266911296,25.37957011977286,25.22681632986352,25.559894258052452
2106.0002,25.693214416503906,25.014907010303176,25.37907117729514,25.226733476659263,25.559412599129523
2107.0005,25.693214416503906,25.014863883157474,25.37857294045008,25.226650837581488,25.558931621395875
2108.0002,25.693214416503906,25.014820906538336,25.37807565673226,25.226568453210458,25.55845156377278
2109.0011,25.693214416503906,25.014778002815707,25.377578430490335,25.22648617488409,25.55797156163459
2109.9998,25.657257080078125,25.01473531718564,25.37708294893585,25.22640428128265,25.55749324374722
2111.0006,25.657257080078125,25.01469266548359,25.376587077768576,25.22632241926715,25.55701454974339
2112.0006,25.657257080078125,25.014650171184034,25.376092254279605,25.226240825938742,25.556536867125892
2113.0006,25.638994216918945,25.014607799786987,25.37559808097302,25.226159435274138,25.55605981216822
2114.0006,25.638994216918945,25.014565550936993,25.3751045569945,25.226078246769948,25.555583384045647
2115.0,25.638994216918945,25.014523449519046,25.374611977021903,25.225997308455792,25.555107867228273
2115.9998,25.700347900390625,25.014481453016707,25.3741198471337,25.225916538783824,25.5546327849042
2116.9999,25.700347900390625,25.014439565406047,25.373628216381764,25.225835945544254,25.55415818442613
2118.0002,25.700347900390625,25.014397790614957,25.37313713355905,25.225755536447416,25.553684112896807
2119.0,25.677993774414062,25.014356157472196,25.372646941181102,25.225675367175594,25.55321090096691
2120.0008,25.677993774414062,25.014314603256338,25.372156903447426,25.225595317104002,25.552737838324344
2121.0,25.7108211517334,25.01427323546558,25.37166829201214,25.225515593522946,25.552266152572656
2121.9998,25.7108211517334,25.014231962490737,25.371180029259698,25.22543602010905,25.551794803425313
2123.0006,25.7108211517334,25.014190767760006,25.370691920542775,25.225356565009424,25.55132360297764
2124.0004,25.67464828491211,25.014149733251596,25.370204940455096,25.225277386516108,25.55085349206307
2125.0,25.67464828491211,25.014108825572936,25.36971869733954,25.225198420429177,25.55038409259163
2125.9998,25.67464828491211,25.01406802801135,25.369232995780727,25.225119634661347,25.549915215917206
2127.0008,25.702205657958984,25.01402729966686,25.368747350481236,25.22504095033508,25.549446393553257
2128.0002,25.702205657958984,25.013986754052866,25.368263118667976,25.22496258694296,25.548978935711848
2129.0002,25.702205657958984,25.013946301398633,25.367779232597538,25.224884371204244,25.5485118116366
2130.0008,25.70434548927018,25.013905941575697,25.3672956925786,25.224806302985318,25.548045021625498
2131.0005,25.704345703125,25.013865734696477,25.36681322236473,25.224728498748338,25.547579264361016
2131.9998,25.704345703125,25.01382566008709,25.366331578577167,25.22465091872096,25.547114304895118
2133.0005,25.685127271450966,25.013785645400546,25.36584989376717,25.22457342297082,25.54664930582782
2134.0006,25.68512535095215,25.013745770413788,25.365369130557877,25.22449616613319,25.546185196436635
2134.9999,25.68512535095215,25.013706042523985,25.364889382933825,25.224419162776634,25.545722067450434
2136.0002,25.701274871826172,25.01366638987192,25.364409786103895,25.224342273778994,25.545259084034793
2136.9997,25.701274871826172,25.013626883513183,25.36393120244454,25.224265637081388,25.544797078693115
2138.0006,25.701274871826172,25.01358743626149,25.363452578283237,25.224189083695762,25.544335034252494
2139.001,25.676786422729492,25.013548122822524,25.362974822209996,25.22411275872627,25.543873827829035
2140.0006,25.676786422729492,25.01350895443362,25.36249807544318,25.22403668421887,25.543413595749254
2141.0006,25.682053992896304,25.013469883677054,25.36202176445689,25.223960768263325,25.542953784354392
2142.0008,25.68205451965332,25.01343091814112,25.361545984253663,25.22388502574331,25.542494485356066
2143.0002,25.68205451965332,25.01339209635535,25.361071209133776,25.223809531748596,25.542036156624622
2144.0004,25.6315860748291,25.01335335584175,25.360596678179764,25.223734164949118,25.54157806360105
2145.0,25.6315860748291,25.013314750535198,25.360123054969762,25.22365903042789,25.541120846876897
2146.0004,25.6315860748291,25.0132762260761,25.359649675533465,25.22358402254555,25.540663865482042
2147.0005,25.680809821159546,25.013237824585016,25.35917706002865,25.223509223453906,25.540207621555787
2148.0,25.680814743041992,25.013199557108976,25.358705348570012,25.223434654876783,25.539752250359214
2149.001,25.680814743041992,25.013161343074387,25.358233550089306,25.22336015993059,25.53929679515505
2150.0007,25.631590998680693,25.013123289086565,25.35776298367369,25.22328594658806,25.53884252933678
2151.0008,25.6315860748291,25.013085329965804,25.357292847469946,25.22321188793979,25.538388678827676
2152.0001,25.6315860748291,25.013047510874454,25.356823704402483,25.223138072279276,25.53793578705225
2152.9998,25.677717208862305,25.013009786014834,25.356354989924053,25.223064410399004,25.53748330901936
2154.0006,25.677717208862305,25.01297212890099,25.355886376412577,25.222990850676805,25.5370309284559
2155.0006,25.677717208862305,25.01293461075753,25.35541875298934,25.222917532391964,25.53657950368364
2156.0003,25.707470778335246,25.012897212331133,25.354951884019098,25.22284441813072,25.536128807229847
2157.0006,25.707473754882812,25.012859899688017,25.35448534866259,25.222771441699983,25.535678432833283
2158.0005,25.69721705970764,25.01282270984918,25.354019612693065,25.2226986756576,25.535228830132635
2159.0002,25.697216033935547,25.01278563496695,25.35355458159768,25.22262610483598,25.53477990788902
2160.001,25.697216033935547,25.012748626663278,25.353089650675805,25.2225536346593,25.53433108234887
2161.0008,25.6922550201416,25.012711762299286,25.35262579479032,25.22248141677238,25.53388329460545
2162.0004,25.6922550201416,25.012675011875935,25.35216264088191,25.22240939261913,25.53343618452235
2163.0002,25.6922550201416,25.012638360378972,25.35170000281448,25.22233753293307,25.532989572411303
2164.0,25.673686981201172,25.01260181486473,25.351237972517307,25.222265851698467,25.532543547017127
2165.0008,25.673686981201172,25.01256533863242,25.350776087979924,25.22219427704359,25.532097662333566
2165.9998,25.673686981201172,25.012529033301618,25.350315639919806,25.222123008561844,25.531653164367157
2167.0008,25.69197654724121,25.012492760500336,25.349854876267017,25.222051774773426,25.53120836174033
2168.0002,25.69197654724121,25.012456650439454,25.34939545368163,25.221980831530225,25.53076485372582
2169.0,25.69197654724121,25.012420630363877,25.348936450883784,25.221910036103598,25.530321750957256
2170.0008,25.69197654724121,25.01238467857412,25.34847759289062,25.22183934593963,25.52987878797729
2171.0008,25.69197654724121,25.012348859461387,25.3480197043742,25.221768887794568,25.529436760891024
2172.0006,25.69197654724121,25.01231315107788,25.347562508906055,25.221698618694585,25.52899540284558
2172.9997,25.67151846610803,25.01227757084248,25.347106233528603,25.22162857311119,25.528554933018544
2173.9998,25.67151641845703,25.012242057962194,25.346650101356257,25.221558631504823,25.528114601435934
2174.9998,25.658218383789062,25.012206651338474,25.346194614105812,25.22148887060615,25.52767489243489
2176.0002,25.658218383789062,25.012171333016965,25.345739543515325,25.22141925518112,25.527235585660545
2177.0004,25.658218383789062,25.012136123914537,25.345285161910606,25.22134982660359,25.52679694400524
2178.0008,25.701553344726562,25.012101009654746,25.34483128678917,25.221280556677925,25.526358791288455
2178.9998,25.701553344726562,25.012066045920665,25.344378642203317,25.221211555453756,25.52592182648103
2179.9998,25.701553344726562,25.012031148361036,25.343926139578237,25.22114265663232,25.525484998716806
2181.0006,25.673965454101562,25.011996323935563,25.343473870238636,25.221073874029955,25.52504839615697
2182.0005,25.673965454101562,25.011961631491243,25.343022601556967,25.22100532403267,25.524612759591893
2183.0002,25.673965454101562,25.011927046283905,25.342572015853733,25.220936957945106,25.524177782346623
2184.0004,25.65632438659668,25.011892543851534,25.342121797111865,25.220868727550275,25.52374315935104
2185.0002,25.65632438659668,25.01185815496582,25.34167234975809,25.220800693846954,25.523309281022375
2186.0002,25.65632438659668,25.01182385867085,25.341223403115535,25.220732815535108,25.52287588606011
2187.0006,25.701274871826172,25.011789647908994,25.34077486714988,25.22066507877111,25.522442887548735
2188.0,25.701274871826172,25.011755570180238,25.34032736825499,25.220597577778335,25.52201089018361
2189.0004,25.701274871826172,25.01172155700204,25.339880010121384,25.220530177055867,25.521579028703744
2190.0,25.662525177001953,25.011687669318174,25.339433597075587,25.220462997510378,25.521148079573493
2191.0008,25.662525177001953,25.011653839100397,25.338987235513844,25.22039590441326,25.520717180143862
2192.0006,25.687015533447266,25.011620140461492,25.338541906051493,25.22032904488672,25.52028727706132
2193.0008,25.687015533447266,25.011586525843015,25.33809698380461,25.220262324745022,25.519857767088148
2194.0,25.687015533447266,25.011553041926753,25.33765309024522,25.220195836816224,25.519429250168344
2195.0006,25.659425735473633,25.011519608064027,25.33720915875812,25.220129421089204,25.519000696634663
2196.0,25.659425735473633,25.01148631087975,25.3367663422818,25.220063249780715,25.518573219487365
2197.0004,25.659425735473633,25.011453076767513,25.336323665093897,25.219997176767336,25.51814587680349
2198.0,25.652019500732422,25.01141996527518,25.335881923104854,25.219931320574027,25.517719436922828
2199.0006,25.652019500732422,25.011386916528906,25.3354403202707,25.219865562253588,25.51729313137668
2199.9998,25.652019500732422,25.011354009463865,25.334999914692236,25.21980005902719,25.516867981612837
2201.0,25.667518615722656,25.011321164706303,25.33455964743998,25.219734653057866,25.51644296538353
2202.0006,25.667518615722656,25.011288401883395,25.334119783075927,25.219669383518458,25.516018338086226
2203.0002,25.667518615722656,25.011255766475458,25.33368093576046,25.21960434118195,25.51559469260656
2204.0003,25.660385845112998,25.011223209164857,25.333242445766917,25.219539427921816,25.515171392071053
2205.0003,25.660385131835938,25.011190749267584,25.33280457575113,25.21947468237767,25.51474869003704
2205.9998,25.660385131835938,25.011158399410803,25.332367499586365,25.21941012990257,25.51432675435476
2207.0005,25.679885822901433,25.011126104399068,25.331930473718952,25.219345660471493,25.513904867227506
2208.0006,25.679887771606445,25.01109392213609,25.33149428400693,25.21928138979394,25.5134837872909
2209.0001,25.679887771606445,25.011061852184056,25.331058928663726,25.21921731718463,25.513063512820274
2210.0007,25.69225378415834,25.01102983979721,25.33062366689132,25.219153333388604,25.51264332867911
2211.0002,25.6922550201416,25.010997955092332,25.330189454939816,25.21908957869055,25.51222415799267
2211.9999,25.69197657509407,25.010966156206248,25.32975572652927,25.21902596955929,25.511805454097136
2213.0008,25.69197654724121,25.01093441125711,25.329322048248915,25.218962442305315,25.511386798595268
2214.0002,25.69197654724121,25.010902805571867,25.328889588971954,25.218899167834497,25.510969319870057
2215.0,25.62755584716797,25.010871278647144,25.32845752484539,25.218836025201675,25.510552222607085
2216.0006,25.62755584716797,25.010839817769547,25.32802568328473,25.21877298903691,25.51013534020025
2217.0006,25.62755584716797,25.010808466721368,25.327594667929564,25.218710147195175,25.509719255378844
2218.0,25.644886016845703,25.010777225076147,25.327164477014676,25.218647499006504,25.509303966438793
2219.0004,25.644886016845703,25.01074604260934,25.326734421416827,25.21858494387947,25.508888808128347
2220.0002,25.644886016845703,25.01071496898575,25.326305188546154,25.218522581569026,25.508474444045504
2221.0008,25.716745376586914,25.010683960459644,25.325876176782945,25.218460324410895,25.50806029341087
2222.0005,25.716745376586914,25.010653069440476,25.325448114184105,25.218398277770767,25.507647059061203
2223.001,25.716745376586914,25.01062224312485,25.325020271999424,25.218336335730324,25.507234037490463
2224.0006,25.651086807250977,25.01059153361954,25.32459337637377,25.218274603132546,25.506821929689586
2225.0001,25.651086807250977,25.010560915956013,25.32416708407375,25.218213029959408,25.506410404314924
2226.0006,25.651086807250977,25.010530356300848,25.32374092596311,25.218151548272456,25.505999008481268
2227.0007,25.644612006057955,25.01049989723957,25.323315498132743,25.218090243860523,25.5055883176307
2228.0004,25.644611358642578,25.010469538410728,25.32289079917579,25.21802911616143,25.505178330405098
2229.0001,25.684844760852805,25.01043926735975,25.32246665809251,25.21796814024754,25.504768881728214
2230.0004,25.68484878540039,25.01040906574351,25.3220428200906,25.21790727928169,25.504359725633858
2230.9998,25.68484878540039,25.0103789785584,25.321619919753783,25.217846624083844,25.50395147472351
2232.0003,25.6879460100124,25.01034894536743,25.321197110208704,25.217786052940568,25.503543311459847
2233.0002,25.687946319580078,25.010319017014975,25.32077510955876,25.217725668509946,25.503135929070886
2233.9998,25.687946319580078,25.01028918415349,25.320353789712318,25.217665452098583,25.50272920390214
2235.0008,25.6724796295166,25.010259395938938,25.319932434324457,25.21760530117203,25.50232244442314
2236.0007,25.6724796295166,25.010229726556528,25.319512095252488,25.217545365652885,25.501916666054473
2237.0003,25.6724796295166,25.010200151838806,25.319092434303442,25.217485596903902,25.50151154231829
2238.0008,25.671823501586914,25.010170636110804,25.318672947453592,25.217425922937874,25.501106586650447
2239.0001,25.671823501586914,25.01014124103883,25.318254514212786,25.217366468572163,25.500702648094233
2240.0008,25.671823501586914,25.01011188992078,25.317836045333294,25.217307078793304,25.50029867513387
2241.0006,25.652019500732422,25.010082650034747,25.317418502309973,25.21724788984601,25.499895595957675
2242.0008,25.652019500732422,25.01005348305219,25.317001341093814,25.21718882429238,25.49949288536269
2242.9998,25.652019500732422,25.010024435285263,25.316585227631226,25.2171299760774,25.49909118622671
2244.0002,25.64919662475586,25.009995430915556,25.316169078388555,25.217071191722237,25.498689452550074
2245.0005,25.64919662475586,25.009966513352833,25.315753517687668,25.217012559289834,25.498288287027922
2246.0002,25.651086807250977,25.009937696721003,25.315338751954535,25.216954107571883,25.497887888935537
2247.0005,25.651086807250977,25.009908946187817,25.31492428260337,25.216895766043518,25.497487776958337
2248.0,25.651086807250977,25.009880301726007,25.31451068883796,25.21683761595437,25.49708851023627
2248.9997,25.655118942260742,25.00985173436176,25.31409755565297,25.216779598635387,25.496689688139952
2250.0007,25.655118942260742,25.009823212607994,25.313684428973534,25.216721650214097,25.49629087232383
2250.9998,25.655118942260742,25.009794827329948,25.313272628282828,25.216663955452763,25.49589333656369
2251.9998,25.65632438659668,25.00976649861538,25.31286099797452,25.216606352087833,25.495495965283837
2253.0,25.65632438659668,25.00973824619228,25.312449826371562,25.216548880321984,25.495099036819607
2254.0,25.65632438659668,25.009710081122346,25.3120392771989,25.216491562783894,25.494702709224452
2254.9999,25.664696809768678,25.009682000316054,25.311629308448865,25.216434393323123,25.494306941945872
2256.0,25.664697647094727,25.009653995124918,25.31121979649057,25.216377354454824,25.493911615635593
2257.0,25.664697647094727,25.00962607372691,25.310810863538197,25.216320462957498,25.493516848274254
2258.0006,25.624454498291016,25.009598216403305,25.310402223034547,25.2162636787611,25.4931223632311
2259.0004,25.624454498291016,25.00957046187315,25.30999444586593,25.21620708092241,25.49272871161673
2260.0,25.624454498291016,25.00954279312689,25.30958728580756,25.21615063491462,25.492335655735683
2261.0006,25.658218383789062,25.009515176812723,25.309180254010293,25.216094272794663,25.49194272367272
2262.0,25.658218383789062,25.009487673394723,25.308774244543844,25.21603811809465,25.491550778526655
2263.0005,25.661563538942673,25.009460219334066,25.308368322242863,25.215982041212516,25.49115891752661
2264.0008,25.661563873291016,25.00943285018027,25.30796301456137,25.215926114853286,25.490767649855407
2265.0008,25.661563873291016,25.009405568380267,25.30755836091727,25.21587034415754,25.490377013565496
2266.0007,25.65632491054535,25.009378368201357,25.307154279360876,25.21581471754292,25.489986929545957
2266.9998,25.65632438659668,25.009351268351274,25.30675105136257,25.215759273421526,25.489597669516932
2268.0004,25.65632438659668,25.009324206299187,25.306347748522068,25.215703883958746,25.489208337238274
2269.0004,25.628454208374023,25.00929723872029,25.30594521728637,25.215648665246334,25.488819749835738
2270.0008,25.628454208374023,25.009270338397087,25.305543054268764,25.215593561682482,25.488431517896082
2271.0006,25.628454208374023,25.009243531970164,25.305141660617835,25.21553862796692,25.48804402867195
2272.0002,25.64113426208496,25.009216808396737,25.304740874416648,25.21548384161804,25.48765712585528
2273.0004,25.64113426208496,25.009190146111642,25.304340374531293,25.21542915853213,25.487270499436345
2274.0008,25.64113426208496,25.00916355564665,25.303940321069152,25.215374600403035,25.486884303976364
2274.9997,25.645162179162195,25.00913708181454,25.303541392133177,25.215320259340974,25.486499194088534
2275.9998,25.64516258239746,25.009110652800462,25.3031425085027,25.215265988066314,25.48611412793681
2277.0005,25.64516258239746,25.009084284445265,25.30274391021047,25.215211819167404,25.485729337239103
2277.9999,25.64423570371471,25.00905802651257,25.302346352824898,25.21515785501699,25.485345551390658
2279.0006,25.644235610961914,25.00903181047013,25.30194880138781,25.215103954889756,25.484961771284638
2280.0002,25.644235610961914,25.009005698995527,25.30155220882547,25.215050247762736,25.484578916837588
2280.9998,25.661563873291016,25.008979663010674,25.301156137164888,25.214996673981695,25.484196565248062
2282.001,25.661563873291016,25.008953660803783,25.300759953002963,25.21494314778256,25.48381410505428
2282.9998,25.62969398498535,25.00892779595105,25.300365237869077,25.214889882523575,25.483433063000856
2284.0002,25.62969398498535,25.00890196456134,25.299970409698478,25.214836664398483,25.48305191182635
2285.0008,25.62969398498535,25.00887620276951,25.299576021748507,25.214783567911137,25.48267118562307
2286.0006,25.62969398498535,25.008850536038622,25.299182467022188,25.21473064567896,25.482291263780258
2287.001,25.62969398498535,25.00882492819019,25.29878919359625,25.21467782322882,25.481911613493477
2288.0006,25.62969398498535,25.00879941482395,25.298396750998887,25.21462517411673,25.481532765255054
2288.9999,25.663729122788613,25.00877398284219,25.29800494140047,25.214572671465984,25.48115452808826
2289.9998,25.663732528686523,25.008748609159984,25.29761341148018,25.214520267725295,25.480776560911437
2290.9998,25.663732528686523,25.00872330632989,25.29722235688663,25.2144679889121,25.480399052595857
2292.0002,25.655118942260742,25.008698066603692,25.29683166001284,25.214415819116844,25.480021889608487
2293.0004,25.655118942260742,25.008672904929327,25.296441554661747,25.214363789345093,25.479645297653253
2294.0002,25.655118942260742,25.008647826061413,25.296052117702697,25.214311909562426,25.479269350936704
2295.0001,25.622287219047546,25.008622817214892,25.29566315347445,25.21426015344478,25.478893860575386
2296.0008,25.622283935546875,25.008597860769715,25.295274389692583,25.214208484612776,25.478518563716914
2296.9998,25.622283935546875,25.00857301876676,25.294886796225995,25.21415703165567,25.478144396633557
2297.9998,25.67151641845703,25.00854822378126,25.2944993243185,25.21410565505842,25.477770346898442
2299.0,25.67151641845703,25.008523495570618,25.29411228419514,25.21405439583475,25.477396713990295
2300.0,25.64919662475586,25.00849884381669,25.293725829971915,25.214003274167233,25.477023646686487
2301.0006,25.64919662475586,25.008474248633938,25.293339652121734,25.213952248918385,25.47665084618205
2302.0002,25.64919662475586,25.00844974910212,25.292954367186884,25.213901401288147,25.476278907662028
2302.9999,25.651086618194917,25.008425317959524,25.29256954983387,25.213850674836358,25.47590742052663
2304.0,25.651086807250977,25.00840094772278,25.29218508429728,25.213800054121503,25.475536273020598
2305.0008,25.651086807250977,25.008376630993478,25.291800855418145,25.213749523853373,25.475165353974123
2306.0004,25.698453903198242,25.008352413679777,25.29141759160517,25.213699179556176,25.474795366563555
2307.0006,25.698453903198242,25.00832825190651,25.291034601590283,25.213648930149436,25.474425643466603
2308.0,25.698453903198242,25.008304179269928,25.290652420639926,25.21359884562035,25.474056701407882
2309.0004,25.662525177001953,25.008280152232114,25.290270359905016,25.21354883549004,25.4736878754003
2309.9997,25.662525177001953,25.008256221017962,25.289889220657468,25.2134990044103,25.473319938959413
2310.9998,25.662525177001953,25.008232339894214,25.28950827734045,25.213449257271556,25.47295219166195
2312.0004,25.677993774414062,25.00820851595904,25.28912764454365,25.213399608930043,25.472584744128167
2313.0008,25.677993774414062,25.008184765710286,25.2887475881171,25.213350093867117,25.472217852998952
2314.0006,25.677993774414062,25.008161098362397,25.28836825876573,25.21330073142678,25.471851663758756
2314.9999,25.64085578918457,25.008137511236566,25.287989617070455,25.21325151616404,25.471486138353995
2316.0006,25.64085578918457,25.008113959380136,25.287610943125614,25.213202354365134,25.471120581816802
2317.0008,25.659425735473633,25.00809048740492,25.28723295592593,25.213153339233248,25.47075568823566
2318.0,25.659425735473633,25.00806710669474,25.28685584265581,25.213104494693713,25.47039163831083
2319.0006,25.659425735473633,25.00804376093528,25.286478697163904,25.21305570319633,25.47002755728039
2320.0,25.653255462646484,25.008020510613857,25.28610249893819,25.21300709125801,25.469664390702484
2321.0,25.653255462646484,25.007997313598924,25.285726569319024,25.212958570914992,25.469301483426495
2322.0006,25.653255462646484,25.007974169816816,25.28535090854622,25.212910142084386,25.46893883568393
2323.0004,25.621601104736328,25.0079511114352,25.28497604143215,25.212861872190352,25.46857695410746
2323.9999,25.621601104736328,25.0079281266189,25.28460177904421,25.212813736596438,25.46821565630918
2325.0,25.621601104736328,25.00790519450838,25.284227783952247,25.212765691715116,25.467854616547644
2326.0008,25.66438865661621,25.00788231274774,25.283854019072667,25.212717732678147,25.46749379902385
2327.0,25.66438865661621,25.00785953364177,25.283481342068995,25.212669969245894,25.467134031691536
2328.0001,25.66438865661621,25.007836799936474,25.283108819342846,25.21262228149362,25.46677441329251
2328.9998,25.634685516357422,25.00781414104158,25.2827369348493,25.212574731203524,25.46641541101747
2330.0006,25.634685516357422,25.00779152283722,25.28236513046432,25.21252724685861,25.466056486076006
2331.0002,25.634685516357422,25.00776899710427,25.281994259938948,25.212479937274452,25.4656984626449
2332.0008,25.64919662475586,25.00774651405744,25.281623506242966,25.212432697999933,25.465340551996174
2333.0005,25.64919662475586,25.007724116210206,25.281253572818663,25.212385618461546,25.464983433204605
2334.0008,25.669654846191406,25.007701769738414,25.2808839037402,25.21233862767461,25.464626569601837
2335.0008,25.669654846191406,25.00767949458958,25.280514831189784,25.2122917676802,25.464270281863165
2336.0005,25.669654846191406,25.00765729051877,25.280146354092633,25.212245038083616,25.46391456895103
2337.0009,25.65353554699336,25.007635135167487,25.27977810351453,25.212198391921834,25.463559074711238
2337.9999,25.653533935546875,25.007613074790434,25.27941085132876,25.21215192670284,25.463204544279094
2339.0008,25.653533935546875,25.007591036378123,25.279043384116612,25.212105488736857,25.462849806269165
2339.9997,25.62132453918457,25.00756910560907,25.278677133005456,25.21205925866528,25.462496242234035
2341.0008,25.62132453918457,25.007547190107278,25.27831055755669,25.212013041855947,25.462142365096472
2342.0,25.62132453918457,25.00752537947267,25.277945158662504,25.211967027356014,25.46178962375719
2343.0007,25.61419176807602,25.00750359926841,25.27757969205037,25.211921058236996,25.461436817045744
2344.0,25.61419105529785,25.007481912439964,25.277215216273383,25.211875267449408,25.461084966846542
2345.001,25.61419105529785,25.007460251557067,25.27685060024971,25.21182951270991,25.460732981258847
2346.0007,25.668689998299342,25.007438681393577,25.276486936392466,25.211783930931173,25.46038191485418
2347.0006,25.6686954498291,25.00741716930025,25.27612367762347,25.21173845325067,25.460031239505355
2348.0,25.6686954498291,25.007395730128742,25.275761077407022,25.211693111174082,25.45968119989657
2349.0008,25.642995834350586,25.007374323024035,25.275398446405728,25.211647818371393,25.459331130569335
2350.0007,25.642995834350586,25.007352997050155,25.27503661773516,25.21160267873732,25.45898183577979
2351.0006,25.642995834350586,25.00733173274935,25.27467526444849,25.211557651211137,25.458632999906666
2352.0005,25.61084747314453,25.007310529943265,25.27431438592114,25.21151273551442,25.458284622347023
2353.0006,25.61084747314453,25.00728938423146,25.273953909488657,25.211467922418844,25.457936632953523
2353.9998,25.67058563232422,25.00726831863039,25.27359423051541,25.211423260820023,25.457589413394977
2355.0006,25.67058563232422,25.007247280321092,25.27323444895852,25.21137863881476,25.457242094806322
2356.0004,25.67058563232422,25.00722632383795,25.27287549930643,25.211334172151677,25.456895579304973
2357.0004,25.650436508930895,25.007205423779332,25.272516949545718,25.211289807052083,25.456549449842615
2358.0006,25.650434494018555,25.00718458000622,25.272158799339383,25.21124554330779,25.45620370609392
2359.0002,25.650434494018555,25.007163808979307,25.271801334248956,25.211201415983048,25.45585862372846
2359.9998,25.612058663947757,25.007143098002604,25.271444338668573,25.21115739821921,25.455513994609042
2361.0008,25.6120548248291,25.007122418021307,25.271087312973,25.2111134283243,25.45516933641763
2362.0006,25.6120548248291,25.007101822594255,25.270731184025685,25.21106962026689,25.454825543910786
2363.0004,25.673412322998047,25.007081286721643,25.270375522927,25.21102592099943,25.45448220304612
2364.0004,25.673412322998047,25.007060806141077,25.270020258056043,25.210982321542698,25.454139244683702
2365.0008,25.673412322998047,25.007040376637974,25.269665318165963,25.210938813004685,25.4537966000447
2366.0008,25.630624771118164,25.00702001437803,25.26931098648156,25.210895429909236,25.453454542542904
2367.0008,25.630624771118164,25.00699971101005,25.268957120377767,25.210852154569938,25.45311293449383
2368.0002,25.630624771118164,25.006979478492926,25.268603931144217,25.210809012587674,25.45277197986796
2369.0006,25.644886016845703,25.006959284300553,25.26825085300674,25.210765934691285,25.452431132489753
2370.0006,25.644886016845703,25.00693915657682,25.267898379884745,25.21072298099584,25.452090869169066
2371.0004,25.647987365722656,25.006919091074817,25.267546440256996,25.210680142548746,25.45175112086218
2372.0001,25.647987365722656,25.006899085593155,25.267194998106,25.21063741475248,25.45141185279927
2372.9998,25.647987365722656,25.006879137954254,25.266844017600413,25.210594793052916,25.451073030390198
2374.0007,25.626594773444022,25.006859224150332,25.26649307766104,25.210552226215746,25.45073424714211
2374.9998,25.6265926361084,25.006839403650414,25.266143229140322,25.210509841468593,25.450396517505524
2375.9999,25.6265926361084,25.006819620671667,25.26579349042192,25.210467519638183,25.450058893867663
2377.0006,25.6315860748291,25.006799883098065,25.265444001886344,25.210425277642436,25.449721511746198
2378.0002,25.6315860748291,25.006780224251656,25.265095356300133,25.210383186902632,25.449384943374017
2379.0006,25.6315860748291,25.006760606574918,25.264746890161693,25.21034116710657,25.449048548233467
2379.9998,25.62997055053711,25.006741069089095,25.26439929924831,25.210299301938065,25.448712997999852
2381.0006,25.62997055053711,25.006721556915274,25.264051609198905,25.210257473884013,25.448377352064323
2382.0008,25.62997055053711,25.006702112867067,25.26370458440476,25.210215774790004,25.44804234833936
2383.0,25.68109130859375,25.006682744422285,25.263358361953195,25.210174220825596,25.447708119163533
2384.0002,25.68109130859375,25.006663412650447,25.263012248246024,25.210132728559177,25.447373994965155
2385.0002,25.68109130859375,25.00664414065017,25.262666658484715,25.210091347638897,25.44704037656295
2386.0008,25.6396484375,25.006624912875544,25.26232131587219,25.210050044765627,25.446706996748205
2387.0006,25.6396484375,25.006605756051353,25.2619767028652,25.210008877442547,25.44637432126519
2388.0008,25.6396484375,25.00658664699065,25.261632404977153,25.209967795942696,25.446041949985275
2389.0008,25.6396484375,25.00656759701292,25.26128862828618,25.209926824686676,25.44571008184797
2390.0007,25.6396484375,25.006548604028495,25.26094533761682,25.20988595927808,25.44537868289631
2391.0002,25.610193252563477,25.006529673535336,25.260602635034918,25.209845211648933,25.445047851660537
2392.0004,25.610193252563477,25.00651078456533,25.260260142989324,25.209804536747978,25.444717223668015
2393.0002,25.610193252563477,25.006491957758456,25.259918237756896,25.209763979102792,25.44438716216123
2394.0008,25.657939910888672,25.006473170392677,25.25957650864751,25.20972348984395,25.444057270676517
2395.0006,25.657939910888672,25.00645445235223,25.25923550150941,25.20968313346513,25.44372807615374
2396.0,25.657939910888672,25.006435795893765,25.258895078515746,25.20964289339027,25.443399445540408
2397.0006,25.637479782104492,25.006417171057308,25.25855469461129,25.20960270506775,25.443070852662228
2398.001,25.637479782104492,25.006398603826682,25.258214826130512,25.20956262462884,25.44274275735325
2399.0008,25.637479782104492,25.006380101405462,25.257875607842493,25.209522667731743,25.442415289714113
2400.0002,25.642719268798828,25.00636165985684,25.25753697063461,25.209482825987333,25.442088383026274
2401.001,25.642719268798828,25.006343245891443,25.25719830467635,25.209443027539532,25.441761448583986
2402.0,25.642719268798828,25.006324918200708,25.256860691981206,25.209403399336566,25.44143553091938
2403.0005,25.646779608207062,25.006306616064798,25.256523016527495,25.20936381018458,25.44110955267019
2403.9999,25.646780014038086,25.006288386924005,25.256186155516094,25.209324362778553,25.44078436065072
2404.9998,25.642995834350586,25.00627020139364,25.255849568664285,25.209284993632295,25.440459433293857
2406.0008,25.642995834350586,25.006252048535103,25.255513054479966,25.20924567911339,25.44013457608725
2406.9998,25.642995834350586,25.006233984343048,25.255177653937277,25.20920654060041,25.43981079394531
2408.0006,25.635862350463867,25.006215939937256,25.254842090524832,25.20916742894632,25.43948685457548
2409.0002,25.635862350463867,25.006197969303535,25.254507369945685,25.209128461238244,25.43916372884289
2410.0011,25.635862350463867,25.00618002735409,25.254172654549844,25.209089539791012,25.438840608114052
2411.0004,25.66038267808555,25.006162165900108,25.253838913363406,25.209050777091417,25.43851842784764
2411.9997,25.660385131835938,25.00614435606912,25.25350561039555,25.209012110604387,25.438196670619753
2413.0004,25.660385131835938,25.006126572868855,25.253172279039703,25.20897348612179,25.437874885987245
2414.0008,25.59658432006836,25.00610884644542,25.252839485709526,25.20893496917893,25.437553620742996
2415.0006,25.59658432006836,25.006091181896537,25.25250732903684,25.208896570958643,25.437232970102183
2415.9998,25.59658432006836,25.00607357898197,25.25217580766153,25.20885829105165,25.436912932751806
2417.0008,25.6315860748291,25.006055995364928,25.251844125506803,25.208820037447126,25.436592740191475
2418.0008,25.6315860748291,25.006038480144056,25.251513210304935,25.208781917025867,25.436273288016466
2419.001,25.6315860748291,25.006021012093054,25.251182663862533,25.208743883693487,25.435954191826955
2419.9998,25.660385131835938,25.00600361891785,25.25085301359558,25.20870599788607,25.43563596076904
2421.0008,25.660385131835938,25.005986237842173,25.250523071287315,25.208668122929385,25.435317447786232
2422.0008,25.660385131835938,25.005968924374827,25.250193891908836,25.20863037983767,25.43499967130504
2423.0006,25.624458091713713,25.005951664429375,25.249865210767798,25.208592738013813,25.43468237580215
2424.0,25.624454498291016,25.0059344612688,25.249537092656784,25.208555204670784,25.43436562382572
2425.0,25.638717651367188,25.005917297550265,25.24920920882299,25.208517742048606,25.43404909801105
2426.0006,25.638717651367188,25.005900173219267,25.248881559475574,25.208480350083285,25.433732798560072
2427.0006,25.638717651367188,25.005883108669032,25.248554536991612,25.208443073387034,25.433417104257757
2428.0002,25.666278839111328,25.00586610026932,25.248228074756117,25.20840590413485,25.43310195079669
2429.0008,25.666278839111328,25.00584912410041,25.24790171536078,25.20836879012214,25.43278689661336
2430.0004,25.666278839111328,25.005832213952008,25.247576110569334,25.208331805303104,25.432472570894163
2431.0004,25.677471160888672,25.005815345954364,25.247250803403873,25.208294897566542,25.432158532491073
2432.0006,25.677471160888672,25.005798523383568,25.24692585874849,25.2082580741484,25.43184484404058
2433.0008,25.677471160888672,25.005781749476927,25.246601341145432,25.208221342211562,25.431531567849152
2434.0008,25.635587692260742,25.00576502743323,25.24627731479611,25.208184708846332,25.43121876589425
2435.0002,25.635587692260742,25.00574836374296,25.245953908239958,25.20814818837027,25.43090656226265
2436.0005,25.635587692260742,25.00573173327745,25.245630635708014,25.2081117257847,25.430594488012606
2437.0006,25.58848762512207,25.005715154235855,25.245307852581014,25.208075361056235,25.430282886214336
2438.0,25.58848762512207,25.00569863470301,25.244985719103695,25.208039112018525,25.42997191156164
2439.0,25.58848762512207,25.005682153044837,25.24466381563055,25.20800293128176,25.429661158945684
2440.0002,25.634685516357422,25.00566571577307,25.244342270874537,25.207966833202526,25.42935075262077
2441.0002,25.634685516357422,25.005649329323415,25.24402121287198,25.207930831993913,25.429040816187985
2442.0003,25.60399362369195,25.0056329886353,25.243700544686927,25.2078949166194,25.42873125606928
2443.0006,25.60399055480957,25.00561669195899,25.24338023389097,25.207859083305802,25.42842204095958
2444.0006,25.60399055480957,25.005600447296583,25.24306043997453,25.207823349729406,25.42811332482449
2445.0004,25.624454498291016,25.005584252852028,25.242741130089932,25.207787712029177,25.4278050759542
2445.9998,25.624454498291016,25.005568111686873,25.24242236718242,25.207752177034042,25.42749735511351
2447.0002,25.624454498291016,25.005552001096568,25.242103704542142,25.20771669482487,25.427189731066754
2447.9999,25.58635139465332,25.00553594834413,25.241785683317094,25.207681325517765,25.426882726216366
2449.001,25.58635139465332,25.00551991962263,25.241467635350936,25.207645994688193,25.426575695551186
2449.9998,25.58635139465332,25.005503973976342,25.24115073501542,25.207610832580002,25.426269772762296
2451.0006,25.65298080444336,25.00548804260173,25.24083361726507,25.207575687557103,25.425963640089904
2452.0,25.65298080444336,25.005472179530276,25.240517359266118,25.207540678878715,25.425658337386796
2453.0006,25.65298080444336,25.005456343346143,25.24020113758162,25.207505715224617,25.4253530697402
2454.0002,25.661041259765625,25.005440568749105,25.23988564706074,25.207470873278805,25.425048507929432
2454.9998,25.661041259765625,25.005424839757318,25.239570570918694,25.207436117839823,25.424744346143267
2456.0008,25.661041259765625,25.005409134305047,25.23925546819767,25.20740140019707,25.424440158698825
2457.0004,25.62321662902832,25.005393496192013,25.23894121975969,25.20736681724834,25.424136795944744
2458.0001,25.62321662902832,25.005377901731993,25.238627352693648,25.20733231671659,25.42383380135173
2459.0004,25.62132453918457,25.00536234304203,25.238313709909725,25.20729788122312,25.423531023271625
2460.0001,25.62132453918457,25.005346838656525,25.23800066712455,25.2072635518653,25.42322882440608
2461.0008,25.62132453918457,25.005331363657753,25.23768772302465,25.20722927353837,25.422926720807318
2461.9999,25.63468417918997,25.00531595808263,25.237375689785274,25.207195135015272,25.42262549651653
2463.0,25.634685516357422,25.00530058167101,25.23706375447964,25.207161047168068,25.42232436676702
2463.9999,25.634685516357422,25.005285252797307,25.236752291345976,25.207127050789172,25.422023692833267
2465.0004,25.69197654724121,25.005269959095166,25.23644105089583,25.207093118519108,25.42172323386919
2465.9998,25.69197654724121,25.00525472638949,25.23613056112918,25.207059307740963,25.42142349958465
2466.9998,25.69197654724121,25.005239528608154,25.23582029305306,25.20702556066956,25.4211239793112
2468.0002,25.626317977905273,25.005224368729266,25.2355103087967,25.206991883971522,25.42082473302589
2469.0007,25.626317977905273,25.00520925120466,25.235200701087702,25.20695828760025,25.420525850244193
2470.0003,25.626317977905273,25.005194190964968,25.234891778355504,25.206924804827324,25.420227628711448
2471.0006,25.67464828491211,25.005179163764613,25.23458304546947,25.206891381826598,25.419929590448522
2472.0006,25.67464828491211,25.005164184526382,25.2342748107799,25.206858051854294,25.419632033124344
2473.0004,25.67464828491211,25.005149251594144,25.23396704262642,25.206824811309087,25.419334926175278
2473.9998,25.642995834350586,25.005134367790955,25.233659801679075,25.206791666560555,25.41903832816972
2475.0003,25.642995834350586,25.005119510698083,25.233352626692753,25.20675856774325,25.418741793840276
2476.0004,25.67151641845703,25.00510470251063,25.23304597809283,25.206725564362387,25.418445767663005
2477.0,25.67151641845703,25.00508994452712,25.23273988546663,25.20669265940304,25.418150278200322
2477.9998,25.67151641845703,25.005075226269796,25.23243413375328,25.206659829582183,25.41785511784114
2479.0004,25.668445587158203,25.00506053884639,25.232128539539485,25.206627055117384,25.417560109525663
2480.0002,25.668445587158203,25.00504590561954,25.23182359095476,25.206594388213745,25.41726572447443
2481.0005,25.668445587158203,25.00503130742027,25.23151889077842,25.20656178615698,25.41697157922662
2482.0001,25.657258199376553,25.00501676162612,25.23121480389448,25.20652928783202,25.41667802602653
2483.0007,25.657257080078125,25.005002243396152,25.23091081280215,25.206496837804785,25.416384565299794
2484.0006,25.657257080078125,25.00498777729375,25.230607433630965,25.206464491042972,25.416091695297023
2485.0008,25.664696903261174,25.004973348704755,25.23030436220706,25.20643221494807,25.415799122381053
2486.0006,25.664697647094727,25.00495896759989,25.230001810054492,25.206400031897243,25.415507050748662
2487.0004,25.664697647094727,25.004944628079922,25.229699655366407,25.20636792876761,25.41521536281244
2488.0007,25.668695050208676,25.004930322884494,25.22939774681082,25.20633588936571,25.414923912482593
2489.0002,25.6686954498291,25.004916070466233,25.229096476051083,25.206303955096434,25.414633077855104
2490.0004,25.6686954498291,25.004901849309984,25.228795390374376,25.206272077824874,25.4143424218993
2491.0006,25.654186248779297,25.004887669292547,25.228494700393778,25.206240279746787,25.414052147932548
2492.0005,25.654186248779297,25.004873534529622,25.22819449560049,25.206208570167437,25.413762342346033
2492.9999,25.654186248779297,25.004859447680797,25.227894835049067,25.20617695513871,25.41347306214864
2494.0,25.648950576782227,25.00484539172576,25.227595358531115,25.206145396527837,25.413183959609725
2495.0008,25.648950576782227,25.004831366632065,25.22729606635569,25.20611389430442,25.412895035027653
2496.0006,25.657256249344723,25.004817396087407,25.22699746621852,25.206082501749403,25.41260677851136
2496.9998,25.657257080078125,25.004803474288124,25.226699437197027,25.2060512059217,25.41231907332709
2498.0008,25.657257080078125,25.004789567750876,25.226401263639055,25.206019931597638,25.412031228613138
2499.0004,25.62941551208496,25.00477572083977,25.226103898467045,25.205988778608557,25.41174416428235
2500.0008,25.62941551208496,25.004761902926948,25.22580668634879,25.205957678127696,25.41145724770348
2501.0003,25.62941551208496,25.004748137371667,25.225510131771003,25.205926682800985,25.41117096588763
2501.9998,25.642719268798828,25.004734411609405,25.22521396666183,25.205895764422895,25.410885060049058
2503.0006,25.642719268798828,25.004720707750113,25.22491780606149,25.20586488273812,25.410599158563127
2504.0004,25.642719268798828,25.00470705719046,25.224622330258413,25.205834108561476,25.410313918152823
2505.0009,25.626317977905273,25.00469343658736,25.22432703615678,25.205803389341327,25.41002885314976
2506.0008,25.626317977905273,25.004679863530452,25.224032306995,25.205772764814242,25.40974433351682
2507.0006,25.626317977905273,25.00466633107734,25.22373799447709,25.205742219396978,25.409460216095052
2507.9998,25.63128089904785,25.004652845841026,25.223444244874177,25.20571176809681,25.409176642088692
2509.0005,25.63128089904785,25.00463937941941,25.223150440831795,25.205681346828648,25.40889301552867
2510.0002,25.63128089904785,25.004625965371392,25.22285731612849,25.20565103146126,25.40861004477516
2511.0004,25.62873077392578,25.00461258342807,25.22256443014878,25.205620776263693,25.408327304475772
2512.0006,25.62873077392578,25.004599240195894,25.22227192908889,25.205590596229847,25.408044935762437
2513.0008,25.625383377075195,25.004585935562872,25.22197981244294,25.20556049117299,25.4077629381468
2514.0004,25.625383377075195,25.004572677363935,25.221688254595385,25.205530478899025,25.40748147997257
2515.0005,25.625383377075195,25.004559450892195,25.221396934142497,25.205500526184355,25.407200250969563
2516.0008,25.611398696899414,25.00454626004447,25.22110593837025,25.205470641906874,25.406919335400143
2517.0006,25.611398696899414,25.004533113923753,25.220815470239476,25.205440846761068,25.406638929194497
2518.0002,25.611398696899414,25.00452000843516,25.220525441689126,25.20541113154453,25.406358947342042
2519.0004,25.64919662475586,25.004506933002933,25.22023562033095,25.205381472336136,25.406079165504547
2520.0002,25.64919662475586,25.004493900601634,25.21994629554194,25.205351898627967,25.405799863034876
2521.0,25.64919662475586,25.00448090588527,25.219657350840556,25.205322398361137,25.405520927486453
2522.0002,25.600889205932617,25.004467943568482,25.219368670354232,25.205292959594736,25.40524224700058
2523.0006,25.600889205932617,25.004455016168244,25.21908031164995,25.205263588099125,25.4049638771501
2524.0003,25.600889205932617,25.004442135178056,25.218792533364084,25.20523431006169,25.404686067612122
2525.0005,25.60305955168558,25.004429285016755,25.21850498944764,25.205205090135184,25.404408484324925
2526.0004,25.603059768676758,25.004416475865835,25.218217909506283,25.205175951532038,25.40413134894054
2526.9999,25.603059768676758,25.00440370885995,25.217931321358407,25.205146896910154,25.403854688313725
2528.0004,25.628454208374023,25.004390966042493,25.217644823423477,25.205117885457987,25.403578114774845
2529.0,25.628454208374023,25.00437827151146,25.217358959337233,25.205088972101322,25.403302153127896
2530.0004,25.620147705078125,25.004365603565386,25.21707324238514,25.20506010747799,25.403026333518316
2531.0,25.620147705078125,25.004352982358707,25.21678812903805,25.205031337574564,25.40275109660464
2532.0007,25.620147705078125,25.004340383811982,25.21650307703912,25.20500260756041,25.402475918913993
2533.0003,25.623492859897254,25.00432783551704,25.21621871257176,25.204973980419833,25.402201404938566
2534.0008,25.623493194580078,25.004315312250913,25.21593446607493,25.204945398676976,25.401927004847128
2534.9998,25.623493194580078,25.00430284391692,25.215651018572594,25.204916930653333,25.401653376072712
2536.0008,25.608020782470703,25.00429038675454,25.215367376794376,25.204888476487856,25.401379559752204
2537.0,25.608020782470703,25.004277987960222,25.21508461712469,25.20486014404395,25.40110659498366
2538.0004,25.608020782470703,25.00426561017126,25.214801889780787,25.204831848017232,25.400833661421117
2539.0007,25.63034788087481,25.0042532694277,25.21451956228588,25.20480362511899,25.400561113856654
2540.0002,25.63035011291504,25.004240974213722,25.214237831220917,25.204775494830077,25.400289142061578
2541.0002,25.63035011291504,25.004228708418324,25.21395632949828,25.204747420357275,25.400017391664324
2541.9998,25.60399055480957,25.004216482983256,25.21367531003884,25.204719426804616,25.399746106824487
2543.0005,25.60399055480957,25.004204279497575,25.21339435104667,25.204691472064823,25.39947488035731
2544.0,25.60399055480957,25.004192125902104,25.213114097734866,25.204663620205704,25.399204335125468
2545.0003,25.635859164558664,25.004179997754278,25.21283398861011,25.204635815281623,25.39893392908598
2546.0007,25.635862350463867,25.00416790348694,25.21255421970289,25.20460807667158,25.39866385147877
2547.0006,25.619182586669922,25.004155850231257,25.212274958103045,25.204580420799125,25.398394263605606
2547.9999,25.619182586669922,25.00414383903399,25.211996230651057,25.204552850145646,25.398125191377222
2549.0008,25.619182586669922,25.004131843403353,25.21171742378478,25.20452530394546,25.39785604248549
2549.9998,25.636825561523438,25.004119905170253,25.211439511804983,25.20449787832275,25.397587757481038
2551.0007,25.636825561523438,25.00410797882363,25.21116143710756,25.204470468785853,25.397319315395553
2552.0008,25.636825561523438,25.004096096492663,25.210883949941614,25.20444314921701,25.39705144048924
2553.0002,25.61853210388153,25.0040842568121,25.210607021260405,25.20441591656265,25.39678410472154
2554.0009,25.6185302734375,25.00407243601981,25.210330096722767,25.204388716217167,25.396516772953877
2555.0002,25.6185302734375,25.004060665905474,25.210053922969347,25.20436162139201,25.396250165962986
2556.0001,25.6315860748291,25.004048922772615,25.209777946351878,25.204334577610954,25.39598374927918
2557.0,25.6315860748291,25.00403721359999,25.2095023323227,25.204307600995293,25.39571768262347
2558.0007,25.6315860748291,25.004025528961737,25.209226860326726,25.204280669875146,25.395451753080884
2559.0008,25.61394691467285,25.004013885117043,25.20895191538741,25.20425382178125,25.395186332337513
2560.0004,25.61394691467285,25.004002280748278,25.208677468941033,25.20422705375279,25.394921392819096
2561.0006,25.61394691467285,25.00399070299319,25.2084032185552,25.204200336177518,25.39465664256962
2562.0,25.592552185058594,25.00397916795031,25.208129547521963,25.204173706267586,25.39439245160374
2563.0,25.592552185058594,25.00396765935406,25.207856071890582,25.204147126534103,25.394128449270923
2563.9998,25.592552185058594,25.00395618633485,25.207583010184877,25.204120618116264,25.393864846525247
2565.0,25.618253707885742,25.003944741921185,25.207310198170603,25.20409416496162,25.393601484821595
2566.001,25.618253707885742,25.003933321499805,25.207037526918498,25.204067756445728,25.393338259004054
2566.9999,25.620147705078125,25.003921957996702,25.206765785215946,25.20404146878567,25.393075930536124
2568.0001,25.620147705078125,25.00391061259841,25.206494047224012,25.20401521226363,25.39281360565027
2569.0006,25.620147705078125,25.003899296631783,25.2062225850141,25.203989013125256,25.39255154699325
2569.9998,25.61329460144043,25.003888028049325,25.205951831704624,25.20396291300862,25.392290172680088
2571.0,25.61329460144043,25.00387678080322,25.205681163435575,25.203936851644595,25.39202888046152
2571.9998,25.61329460144043,25.00386557057153,25.205410958919497,25.2039108654091,25.39176803593135
2573.0006,25.652019500732422,25.00385438159187,25.20514083964665,25.20388491781141,25.391507273691545
2574.0007,25.652019500732422,25.003843232791038,25.204871264145588,25.203859052795774,25.39124703638707
2575.0003,25.652019500732422,25.003832121787795,25.204602177402325,25.203833264913868,25.390987270909644
2575.9998,25.62132453918457,25.003821044013822,25.204333470955607,25.20380754362926,25.390727872555146
2577.0007,25.62132453918457,25.003809982813745,25.204064741768594,25.20378185030633,25.390468452248086
2578.0,25.62132453918457,25.00379897123907,25.203796794734135,25.203756261777922,25.390209786999517
2579.0006,25.60209846496582,25.003787977226956,25.20352885163879,25.203730703598115,25.389951125553615
2580.0006,25.60209846496582,25.00377702159476,25.203261421176038,25.203705224207095,25.38969295898252
2581.0004,25.60209846496582,25.0037660998302,25.202994395489153,25.203679813179406,25.3894351831657
2581.9998,25.62941551208496,25.00375521399803,25.202727827216645,25.203654475384333,25.389177848918255
2583.0004,25.62941551208496,25.003744346616944,25.202461289552954,25.20362917017593,25.38892054421932
2583.9998,25.644886016845703,25.003733523661978,25.20219542134474,25.20360395809399,25.388663885785682
2585.0008,25.644886016845703,25.003722714738526,25.20192947746357,25.203578768383743,25.38840715430042
2586.0006,25.644886016845703,25.003711950009528,25.201664201558724,25.203553671387837,25.388151067652537
2587.0008,25.636547088623047,25.003701212120102,25.201399168225866,25.20352862671268,25.387895215173852
2587.9998,25.636547088623047,25.003690518120177,25.20113480055801,25.20350367419235,25.387640005301286
2589.0001,25.636547088623047,25.003679841162864,25.20087043656923,25.203478751237988,25.38738479898035
2590.0004,25.60209846496582,25.003669195094822,25.200606420050494,25.203453890206507,25.387129928092968
2591.0007,25.60209846496582,25.003658579826684,25.200342750545104,25.203429090944056,25.38687539219826
2592.0005,25.60209846496582,25.003648000552385,25.200079559132455,25.20340436564691,25.386621317834976
2593.0,25.596858978271484,25.003637455030134,25.199816792293518,25.20337970914234,25.386367653338016
2594.001,25.596858978271484,25.003626924234958,25.199553976978944,25.203355076984234,25.38611394204463
2595.0007,25.596858978271484,25.003616437544512,25.199291847986153,25.203330537939912,25.385860893298588
2596.0002,25.64181900024414,25.003605983263583,25.199030115657536,25.203306064719097,25.385608227476116
2596.9998,25.64181900024414,25.003595558162136,25.19876870093031,25.203281649815768,25.385355868253207
2598.0002,25.64181900024414,25.003585154892995,25.198507420753156,25.203257276063646,25.385103638919507
2598.9998,25.619182586669922,25.003574790007548,25.198246692555934,25.203232982294537,25.384851942444946
2600.0002,25.619182586669922,25.0035644468283,25.197986098555425,25.20320872947246,25.384600375518474
2601.0002,25.646780014038086,25.003554137693346,25.19772595109462,25.203184546575425,25.384349239663397
2602.001,25.646780014038086,25.00354385016305,25.19746593775154,25.203160404470285,25.384098233280167
2603.0002,25.646780014038086,25.00353360878581,25.197206681200413,25.20313636083063,25.38384795747333
2604.0004,25.622283935546875,25.003523386799976,25.19694750607872,25.203112352890194,25.383597760275173
2605.0006,25.622283935546875,25.003513194384194,25.196688671572986,25.203088404593267,25.383347891893916
2606.0004,25.622283935546875,25.0035030355114,25.196430280544696,25.20306452533341,25.383098451627877
2607.0,25.617979049682617,25.003492908037725,25.196172280552897,25.203040710132708,25.382849388852676
2608.0,25.617979049682617,25.0034828058081,25.195914516391476,25.203016944566823,25.382600553738605
2609.0006,25.617979049682617,25.003472726761213,25.1956569365703,25.202993223824283,25.38235189657916
2610.0003,25.608956285847928,25.003462685908914,25.19539992662997,25.202969583291694,25.382103789559675
2611.0005,25.60895538330078,25.00345266908802,25.195143126001028,25.202945989680735,25.381855884600956
2612.0006,25.60895538330078,25.003442682240824,25.19488668849175,25.20292245703406,25.381608330183294
2613.0008,25.62132453918457,25.003432723286327,25.19463056237625,25.202898980500006,25.381361076372617
2614.0002,25.62132453918457,25.00342280107203,25.19437497732591,25.202875580996828,25.3811143448844
2615.0006,25.62132453918457,25.003412897652545,25.19411947267014,25.202852216252776,25.380867691005847
2616.0,25.5897274017334,25.003403032743822,25.19386455877281,25.20282893283434,25.38062160742165
2617.0004,25.5897274017334,25.003393186521365,25.193609725058938,25.20280568400259,25.38037560124332
2618.0002,25.64984893798828,25.003383374667404,25.193355378860222,25.202782506831802,25.38013006569244
2619.0008,25.64984893798828,25.003373583368724,25.193101163680925,25.202759368741237,25.37988465662242
2620.0008,25.64984893798828,25.00336382625131,25.192847434869776,25.202736301978995,25.379639717072568
2620.9998,25.5977949750112,25.003354107068372,25.192594292679278,25.20271331549152,25.37939534382261
2622.0001,25.597789764404297,25.00334440337452,25.19234115401164,25.202690356240478,25.379150973973477
2623.0004,25.597789764404297,25.00333472775421,25.192088348059908,25.202667454033357,25.378906925314848
2624.0,25.586627960205078,25.003325086867775,25.191836050949266,25.20264462469548,25.37866336787086
2625.0002,25.586627960205078,25.003315468091923,25.191583934076007,25.20262183838703,25.378419984420763
2626.0008,25.586627960205078,25.003305873311106,25.19133204791469,25.202599099608403,25.378176823690662
2627.0008,25.61301612854004,25.003296312025515,25.191080643665604,25.20257643092713,25.377934128179174
2628.0005,25.61301612854004,25.003286781249138,25.19082964502642,25.202553825326248,25.377691824227107
2629.0004,25.61301612854004,25.00327727613106,25.190578925976745,25.202531271351326,25.377449790179462
2630.0004,25.60988426208496,25.00326779755457,25.190328511306024,25.202508771143783,25.377208049966974
2631.0001,25.60988426208496,25.003258349223376,25.190078500648642,25.202486333547814,25.376966699772645
2632.0006,25.60988426208496,25.003248920682417,25.18982861872451,25.202463933777675,25.376725473852197
2632.9998,25.59658565099421,25.003239531622267,25.18957938934573,25.20244161866926,25.37648487787269
2634.0,25.59658432006836,25.003230160339715,25.189330238246967,25.202419336693595,25.37624435746155
2634.9998,25.59658432006836,25.003220819897827,25.189081514034456,25.202397118951406,25.37600424914916
2636.0002,25.625383377075195,25.003211500883996,25.18883296760208,25.202374943099585,25.375764312458543
2637.0002,25.625383377075195,25.003202212543446,25.188584847065354,25.20235283118454,25.37552478691038
2638.001,25.606163024902344,25.003192943668296,25.188336854445932,25.202330756568045,25.37528538484842
2639.0002,25.606163024902344,25.003183716376192,25.18808958363108,25.202308771984615,25.37504667958745
2640.0006,25.606163024902344,25.003174504716462,25.187842341084835,25.202286815659136,25.374808001615854
2641.0001,25.5792179107666,25.00316532796069,25.187595645528333,25.20226493357041,25.374569851686065
2641.9997,25.5792179107666,25.00315617681863,25.18734924932672,25.20224310362474,25.374331990741403
2643.0006,25.5792179107666,25.003147040283398,25.18710285694067,25.202221299594665,25.374094133480128
2644.001,25.593759536743164,25.003137934741062,25.1868569114403,25.20219956062236,25.373856707624252
2645.0002,25.593759536743164,25.00312886641933,25.186611583669013,25.202177901646735,25.37361987809909
2645.9998,25.593759536743164,25.00311982068965,25.186366479976634,25.202156287787034,25.373383264890656
2647.0005,25.593759536743164,25.003110791200555,25.18612142902349,25.2021347038948,25.37314670259455
2648.0002,25.593759536743164,25.00310179682895,25.185876944681635,25.202113195139173,25.372910687282104
2649.0005,25.593759536743164,25.003092823088338,25.185632635042616,25.20209172693053,25.372674840620725
2650.001,25.585420608520508,25.00308387352303,25.18538859776397,25.202070307784837,25.372439256885055
2651.0002,25.585420608520508,25.00307496143288,25.185145197767895,25.202048969594518,25.37220428835624
2652.0001,25.585420608520508,25.00306606888139,25.184901947155392,25.202027669469192,25.3719694640363
2653.0001,25.605199813842773,25.003057201160985,25.184658991854985,25.202006420122135,25.371734924798734
2654.0008,25.605199813842773,25.00304835290742,25.18441618605661,25.20198520873566,25.371500529884393
2655.0002,25.605884552001953,25.0030395417076,25.184174014325606,25.201964077524334,25.371266747073093
2655.9998,25.605884552001953,25.00303075422071,25.183932112241806,25.201942994554813,25.371033224568315
2657.0009,25.605884552001953,25.003021979009613,25.183690165599607,25.201921932411548,25.370799659048657
2658.0002,25.59562110900879,25.003013244915746,25.18344897138494,25.201900960369617,25.37056681989216
2659.0004,25.59562110900879,25.003004528232967,25.183207877071126,25.201880021564456,25.370334077175915
2660.0008,25.59562110900879,25.00299583503029,25.182967051496714,25.20185913060675,25.37010159388983
2660.9999,25.593759723049434,25.002987178227905,25.18272685481743,25.20183831860562,25.36986971771372
2662.0008,25.593759536743164,25.002978530911644,25.18248654157403,25.20181752089569,25.369637729011313
2663.0002,25.593759536743164,25.00296992153083,25.182246903814445,25.201796805942536,25.369406392393707
2664.0004,25.64705467224121,25.00296133017348,25.182007389295023,25.20177612589074,25.36917517474718
2664.9998,25.64705467224121,25.002952770511037,25.181768380748846,25.201755513694046,25.368944445546795
2666.0008,25.64705467224121,25.002944221945846,25.18152930417466,25.201734919787377,25.36871365067492
2667.0005,25.645851135253906,25.002935709183475,25.181290851930385,25.20171440372921,25.368483458505928
2668.0006,25.645851135253906,25.002927217643077,25.181052617689307,25.20169393043581,25.368253476788425
2669.0003,25.645851135253906,25.002918754046018,25.18081479160819,25.201673516157634,25.36802388909206
2670.0,25.604927342307917,25.00291031492014,25.180577277929316,25.201653152569826,25.36779460297622
2671.0006,25.604923248291016,25.00290189263014,25.18033986283719,25.20163282128205,25.367565412032036
2672.0008,25.592553421793898,25.002893498066065,25.18010285461002,25.20161254862132,25.367336613858857
2673.0,25.592552185058594,25.002885136142204,25.17986639436039,25.201592346517593,25.36710834468107
2674.0,25.592552185058594,25.00287679171759,25.179630055616816,25.2015721784379,25.366880192800323
2675.0002,25.616085052490234,25.002868469765172,25.179393980240256,25.201552056433655,25.36665229516346
2676.0,25.616085052490234,25.00286017520009,25.179158309346487,25.201531992436216,25.36642478799795
2677.0,25.616085052490234,25.00285190296781,25.17892290100419,25.201511974265685,25.36619753428903
2678.0008,25.603715896606445,25.002843648071487,25.178687614025492,25.20149198986196,25.365970397739627
2679.0,25.603715896606445,25.00283543020919,25.178453011870463,25.201472086966202,25.365743922291347
2680.0004,25.603715896606445,25.00282722626914,25.17821843653573,25.20145220965269,25.3655174727343
2681.001,25.595349194322825,25.002819044433085,25.177984122744903,25.201432377771663,25.365291275661175
2682.0004,25.595348358154297,25.002810896044576,25.177750397473723,25.201412618874542,25.36506564672116
2682.9998,25.595348358154297,25.002802771208813,25.177516979126,25.201392909025714,25.364840314072655
2684.0001,25.593483157655516,25.002794662572686,25.17728365751011,25.201373230419986,25.364615074805155
2685.001,25.593482971191406,25.00278657255285,25.177050502888253,25.201353588947526,25.36438999674695
2686.0,25.593482971191406,25.00277852124271,25.176818096622856,25.201334033451328,25.36416564112186
2687.0002,25.597789764404297,25.002770483566074,25.176585716809804,25.20131450307644,25.363941311032796
2687.9999,25.597789764404297,25.002762473141356,25.176353758335264,25.20129503094821,25.36371738768692
2689.0002,25.616085052490234,25.002754481090687,25.176121965612865,25.20127559552764,25.36349362435147
2689.9998,25.616085052490234,25.002746517730156,25.175890639436687,25.201256221945844,25.363270311400903
2691.0,25.616085052490234,25.00273857263294,25.175659478516565,25.20123688487996,25.363047157981857
2692.0002,25.60399055480957,25.002730650519215,25.17542862139527,25.20121759585362,25.36282429783794
2693.0004,25.60399055480957,25.002722751322494,25.175198067673552,25.201198354747472,25.362601730583716
2694.0008,25.60399055480957,25.002714873403814,25.174967770942,25.201179157609353,25.36237941141743
2695.0,25.62941296780824,25.0027070276876,25.174738052635295,25.201160031114277,25.36215765063913
2696.0007,25.62941551208496,25.002699192917778,25.174508291755792,25.201140923482342,25.361935848762773
2696.9998,25.62941551208496,25.002691393296153,25.174279199622294,25.201121893780705,25.36171469246681
2698.0002,25.58848762512207,25.00268360610775,25.174050110736882,25.201102886634352,25.361493539306412
2699.0009,25.58848762512207,25.002675839125448,25.173821254423576,25.201083921038713,25.36127261066174
2700.0,25.58848762512207,25.002668106987237,25.17359306422343,25.201065032794077,25.361052325055816
2701.001,25.551898956298828,25.002660382551344,25.173364740491184,25.20104615563615,25.360831910543396
2702.0002,25.551898956298828,25.002652694308313,25.17313712683174,25.201027359231155,25.360612181506593
2703.0002,25.551898956298828,25.0026450221547,25.1729096301325,25.20100859448274,25.36039256537844
2704.0007,25.543558954310946,25.002637368371136,25.17268231883253,25.2009898669953,25.36017312822726
2705.0002,25.54355812072754,25.002629744351776,25.172455533111606,25.200971204695367,25.359954198448875
2706.0,25.54355812072754,25.002622140093248,25.172228977295358,25.20095258314559,25.359735490611175
2707.0002,25.566164016723633,25.002614554794334,25.172002628644904,25.20093400041693,25.359516982762973
2708.0003,25.566164016723633,25.002606992193183,25.171776600054592,25.200915465704774,25.35929878388791
2709.0004,25.616361618041992,25.002599451466857,25.171550868488367,25.200896977034258,25.359080871747903
2710.0006,25.616361618041992,25.00259193180136,25.17132541102949,25.200878532449206,25.358863224220062
2711.0,25.616361618041992,25.002584439877126,25.171100429848384,25.200860148384272,25.35864603647156
2712.0005,25.581090637762117,25.002576961397818,25.1708754969681,25.200841789795547,25.358428895350713
2713.0008,25.581087112426758,25.00256950604712,25.17065090466563,25.200823480485383,25.358212083009942
2713.9998,25.581087112426758,25.00256208191238,25.170426898866197,25.200805240372397,25.35799583685552
2715.0003,25.62445016415291,25.002554668129328,25.17020285142649,25.20078701823384,25.35777955050326
2716.0,25.624454498291016,25.002547281701563,25.16997927732043,25.2007688558947,25.357563721088187
2717.0004,25.624454498291016,25.002539911480884,25.16975584065519,25.200750725984072,25.357348024352934
2717.9998,25.57949447631836,25.00253256992029,25.16953292060322,25.20073265917819,25.357132826335278
2718.9999,25.57949447631836,25.00252524446043,25.169310137455327,25.200714624613003,25.356917760479288
2719.9998,25.57949447631836,25.002517941648062,25.16908769153107,25.200696638440167,25.35670302016538
2720.9998,25.596858978271484,25.002510659227674,25.16886551566152,25.200678695145335,25.356488540551382
2722.0,25.596858978271484,25.002503396419417,25.168643587376405,25.200660792843266,25.356274299945404
2723.0008,25.596858978271484,25.002496150283022,25.168421817888387,25.20064292431709,25.35606021263573
2724.0006,25.57828712463379,25.002488932329666,25.168200561186804,25.200625117996456,25.355846620349375
2725.0004,25.57828712463379,25.00248173524799,25.16797959515141,25.20060735589482,25.355633308660426
2726.0006,25.59162139892578,25.002474556110712,25.167758831170442,25.20058963082258,25.35542019202666
2727.0002,25.59162139892578,25.002467402029122,25.16753848949529,25.200571960378486,25.355207483069876
2728.0004,25.59162139892578,25.00246026435483,25.167318305229017,25.200554323240183,25.354994926069274
2729.0,25.56495475769043,25.00245315159151,25.16709854215961,25.200536740459018,25.354782775675115
2730.0005,25.56495475769043,25.002446053015305,25.16687887026041,25.20051918556112,25.35457071329299
2730.9998,25.56495475769043,25.002438983457054,25.166659750102692,25.200501695265284,25.354359183539824
2732.0008,25.593759536743164,25.00243192235664,25.1664405456297,25.200484218738413,25.35414757239209
2732.9998,25.593759536743164,25.00242489574572,25.166222066579998,25.200466820451652,25.35393666153871
2734.0008,25.593759536743164,25.00241787543063,25.16600343778401,25.200449430634336,25.353725606126318
2735.0002,25.557554053019857,25.00241088661267,25.16578544531415,25.200432111745837,25.353515164997475
2736.0001,25.55755043029785,25.00240391451438,25.165567630260867,25.200414827216306,25.35330489513943
2737.0006,25.55755043029785,25.00239695841333,25.16534997093652,25.20039757528116,25.353094775615816
2738.0004,25.53642463684082,25.002390027286566,25.16513274973778,25.20038037824361,25.35288507904097
2739.0002,25.53642463684082,25.00238311620209,25.16491581390376,25.20036322391202,25.352675657945706
2739.9998,25.53642463684082,25.00237622647844,25.16469920636995,25.200346115599103,25.352466553778207
2741.001,25.62132453918457,25.00236934569322,25.164482537310306,25.200329022481046,25.352257390216153
2742.0006,25.62132453918457,25.002362495780893,25.164266498860634,25.200311999084665,25.352048835419506
2743.0,25.568058013916016,25.00235566703664,25.16405078730502,25.200295021347944,25.35184059619318
2744.0002,25.568058013916016,25.002348852588142,25.163835186684874,25.20027807221598,25.351632464059477
2745.0001,25.568058013916016,25.00234205988747,25.16361993395355,25.200261170255946,25.351424667763602
2746.0002,25.5816650390625,25.002335285477987,25.163404921059215,25.200244306905137,25.351217102996667
2747.0005,25.5816650390625,25.00232852931461,25.1631901477997,25.200227482084404,25.351009769563515
2748.0006,25.5816650390625,25.00232179404231,25.162975699687188,25.200210702417582,25.350802750014147
2749.0007,25.589726595577748,25.00231507825179,25.162761533380863,25.200193964432728,25.350596002509096
2750.0006,25.5897274017334,25.002308383223898,25.162547691254986,25.2001772713611,25.35038956795476
2750.9998,25.5897274017334,25.002301712224188,25.162334279492388,25.20016063139087,25.35018354885576
2752.0008,25.592552185058594,25.002295048537682,25.162120764230526,25.20014400285411,25.34997742984275
2753.0004,25.592552185058594,25.002288413422633,25.161907827835353,25.200127438831075,25.349771869644268
2754.0004,25.592552185058594,25.00228179484647,25.16169508607922,25.200110909330206,25.349566497342458
2755.0001,25.57921924446077,25.0022751973896,25.1614826875558,25.200094425826162,25.349361456383647
2755.9998,25.5792179107666,25.002268619008255,25.16127056803364,25.200077983252037,25.34915668476139
2757.0002,25.5792179107666,25.002262055061003,25.161058578910666,25.200061570035817,25.34895203902124
2758.0002,25.54948616027832,25.002255512718808,25.16084695304071,25.20004520414171,25.34874774395089
2759.0008,25.54948616027832,25.002248985390064,25.160635478515168,25.200028869114703,25.348543594982324
2760.0,25.592798233032227,25.00224248604423,25.160424577330776,25.20001259745562,25.34833999949416
2761.0007,25.592798233032227,25.00223599576633,25.1602136370609,25.199996341844145,25.348136366274442
2762.0003,25.592798233032227,25.002229531376177,25.1600032055687,25.19998014443915,25.347933224208155
2762.9998,25.5816650390625,25.002223086318835,25.159793071476397,25.199963988864006,25.34773036923972
2764.0005,25.5816650390625,25.002216652188267,25.159582961565665,25.199947854072324,25.347527537615196
2765.0012,25.5816650390625,25.002210236679574,25.159373127925825,25.19993175938471,25.34732497269144
2766.0008,25.589726595174508,25.002203846760395,25.15916380039453,25.199915722327354,25.347122896344434
2767.0004,25.5897274017334,25.002197475314837,25.158954747803033,25.199899725087377,25.346921085413207
2768.0,25.5897274017334,25.002191122289485,25.158745969790214,25.19988376756592,25.346719539549152
2769.0007,25.57422637939453,25.002184780670277,25.15853723670039,25.199867832169456,25.346518037051943
2770.0003,25.57422637939453,25.00217846434586,25.158329007064637,25.199851953832876,25.346317020568968
2770.9999,25.57422637939453,25.002172166282296,25.158121050926656,25.1998361149196,25.3461162681097
2772.0012,25.578286719126975,25.002165875762245,25.1579130149573,25.199820288495136,25.34591543858444
2773.0007,25.57828712463379,25.002159614718497,25.157705625936917,25.199804529776394,25.345715233597605
2774.0001,25.57828712463379,25.00215337239768,25.15749852999139,25.199788811750842,25.345515311533397
2774.9999,25.610193252563477,25.002147145632556,25.15729162327534,25.1997731264752,25.345315572143694
2776.0003,25.610193252563477,25.002140933152354,25.157084864449622,25.199757470773307,25.345115975521338
2777.0011,25.610193252563477,25.00213473617391,25.156878294899567,25.199741847736565,25.344916561618067
2778.0002,25.58542308776831,25.002128567613557,25.156672347188334,25.199726289974855,25.34471774801289
2779.0005,25.585420608520508,25.002122409501116,25.156466422969753,25.19971075220463,25.34451895708657
2780.0005,25.57088279724121,25.002116271043445,25.156260831047216,25.199695257681697,25.344320486945435
2781.0004,25.57088279724121,25.00211015095068,25.156055529784638,25.199679803188175,25.344122297395685
2782.0005,25.57088279724121,25.002104047337916,25.155850457271004,25.19966438399743,25.343924328670933
2783.0012,25.57115552084242,25.002097957733938,25.155645531454372,25.199648993892993,25.34372650156154
2783.9999,25.571155548095703,25.00209189787261,25.155441283850042,25.199633672685795,25.343529329170927
2784.9999,25.571155548095703,25.002085847661032,25.15523703892783,25.199618369615134,25.343332159369517
2786.0005,25.55352005777962,25.00207981133356,25.155032940071536,25.19960309540702,25.343135130574247
2787.0005,25.553518295288086,25.00207379607881,25.15482923170011,25.199587868285064,25.342938478737306
2788.0001,25.553518295288086,25.002067800617123,25.154625872317848,25.19957268505283,25.342742163800413
2789.0003,25.597515106201172,25.002061818905535,25.154422658212567,25.199557530438412,25.34254598910805
2789.9999,25.597515106201172,25.002055858070534,25.154219832841438,25.19954242253007,25.34235018968394
2791.0009,25.597515106201172,25.00204990615633,25.154016990360503,25.19952733105144,25.342154373742716
2792.0002,25.58136147977544,25.002043981537817,25.15381475848318,25.199512302629294,25.34195914725356
2792.9998,25.58135986328125,25.002038072271652,25.15361273155374,25.199497307014173,25.341764118612826
2793.9999,25.58135986328125,25.002032177146507,25.153410869120354,25.199482341157818,25.341569248769936
2795.0012,25.571156567100616,25.002026292030255,25.1532090302211,25.199467394587455,25.341374401645947
2795.9997,25.571155548095703,25.002020440342655,25.153008020178973,25.199452526830378,25.341180354667163
2796.9999,25.5556583404541,25.002014595634368,25.15280693230503,25.199437670727942,25.340986232552684
2798.0003,25.5556583404541,25.00200876666995,25.152606068576706,25.19942284857332,25.34079232681934
2799.0005,25.5556583404541,25.002002955731133,25.152405508959994,25.199408066201293,25.340598714663063
2800.0012,25.55069210089082,25.001997158709855,25.1522051128628,25.199393313191294,25.340405260361926
2801.0005,25.550691604614258,25.001991386541487,25.15200526006967,25.199378617413746,25.340212330544603
2802.0006,25.550691604614258,25.001985626454843,25.15180551001396,25.199363946391394,25.340019499905836
2802.9997,25.54355812072754,25.001979888763795,25.15160622178636,25.19934932642792,25.339827115097275
2803.9997,25.54355812072754,25.001974162506276,25.151407016014197,25.199334729624475,25.339634809887862
2805.0006,25.54355812072754,25.001968447679022,25.151207893060274,25.19932015598879,25.33944258462784
2805.9999,25.580429077148438,25.001962758490997,25.151009349665756,25.199305641794115,25.339250918851064
2807.0001,25.580429077148438,25.001957080644154,25.150810888506435,25.19929115060173,25.339059332460828
2808.0008,25.580429077148438,25.00195141639608,25.150612589155728,25.199276688193002,25.338867902274092
2809.0001,25.55000877380371,25.001945776431697,25.150414827424488,25.199262281889375,25.33867699108349
2809.9997,25.55000877380371,25.001940151082046,25.150217266110957,25.19924790703469,25.338486273368044
2810.9999,25.55000877380371,25.001934538633673,25.15001984593235,25.199233559274166,25.338295691898562
2812.0,25.575187072875952,25.00192894297963,25.14982270490862,25.199219248587276,25.338105379913927
2812.9999,25.5751895904541,25.00192336462519,25.149625862294418,25.19920497630042,25.337915356001798
2814.0,25.59875061959654,25.001917801291974,25.14942923900444,25.199190736615815,25.337725543816422
2815.0005,25.598752975463867,25.00191225183524,25.149232795610594,25.19917652662958,25.337535905295507
2816.0009,25.598752975463867,25.001906718988987,25.149036630061936,25.199162353371126,25.33734653499512
2816.9997,25.55282974243164,25.001901210961943,25.148841035492907,25.199148237914425,25.33715771589541
2818.0013,25.55282974243164,25.001895703472112,25.148645150378076,25.199134118052616,25.336968616314515
2819.0003,25.55282974243164,25.001890226171128,25.1484500305467,25.199120069834574,25.33678025550737
2819.9999,25.5897274017334,25.00188476142042,25.14825504988202,25.199106048069066,25.336592029046134
2821.0007,25.5897274017334,25.001879305936733,25.148060091704128,25.199092044347125,25.336403824292734
2822.0008,25.5897274017334,25.001873870043298,25.1478655259927,25.19907808519409,25.336215998410616
2823.0007,25.567094802856445,25.001868450955545,25.147671254792588,25.19906416349781,25.336028456837827
2824.0,25.567094802856445,25.001863050777057,25.147477355177916,25.199050284699933,25.33584127397862
2825.0013,25.567094802856445,25.001857655445047,25.147283322856712,25.19903641267689,25.335653963009882
2826.0011,25.529293060302734,25.00185228378516,25.147089835916468,25.19902259585788,25.33546717852991
2827.0004,25.529293060302734,25.001846930332867,25.146896699733354,25.199008820234692,25.335280732656706
2828.0005,25.529293060302734,25.001841588085885,25.146703662834884,25.198995067816686,25.33509438262889
2828.9999,25.55500030517578,25.00183626501434,25.146511014452262,25.19898135915063,25.334908407658585
2830.0007,25.55500030517578,25.001830949904576,25.14631834971375,25.19896766538198,25.33472241689896
2831.0011,25.569263458251953,25.00182565229464,25.146126015185448,25.19895401110621,25.33453674491095
2832.0005,25.569263458251953,25.001820375285167,25.14593412535843,25.19894040435685,25.334351502219594
2833.0009,25.569263458251953,25.001815108271487,25.14574229589057,25.198926817819828,25.33416631779654
2833.9999,25.48905372619629,25.001809863836126,25.14555098650627,25.198913283985664,25.33398163544115
2835.0,25.48905372619629,25.001804628804006,25.14535971800905,25.198899768886978,25.333796992556497
2836.0008,25.48905372619629,25.001799405265952,25.145168567247,25.198886277936438,25.333612463328627
2837.0001,25.507625579833984,25.001794204642636,25.14497795378407,25.19887284066681,25.333428452787633
2837.9997,25.507625579833984,25.001789017495593,25.144787533494572,25.198859432730718,25.33324462872847
2839.001,25.507625579833984,25.00178383656146,25.144597040105456,25.198846035366643,25.33306073410189
2839.9997,25.537389755249023,25.00177868402573,25.14440729100853,25.198832705980852,25.332877557984933
2841.0001,25.537389755249023,25.00177353764016,25.14421746855459,25.198819387054947,25.33269431105208
2842.0,25.537389755249023,25.001768408705985,25.144027990307343,25.19880610785619,25.33251139640247
2842.9999,25.531158447265625,25.00176329460429,25.14383876100363,25.198792861637383,25.332328722072894
2844.0001,25.531158447265625,25.001758193764452,25.143649723653773,25.198779644357156,25.332146233047826
2845.0003,25.531158447265625,25.00175310768027,25.143460934742652,25.198766459912942,25.33196398385548
2845.9999,25.550966262817383,25.00174803934687,25.14327250697131,25.198753316102792,25.331782083292897
2847.0009,25.550966262817383,25.001742978598582,25.143084063304705,25.19874018658642,25.331600167385666
2848.0007,25.550966262817383,25.001737938542174,25.142896092955656,25.198727105395115,25.331418708400097
2849.0003,25.522159576416016,25.00173291406361,25.142708407071847,25.19871405929577,25.331237524025784
2850.0007,25.522159576416016,25.001727900107337,25.1425208177899,25.198701035185568,25.33105643290701
2850.9999,25.54355812072754,25.001722906646545,25.142333699666622,25.198688059002446,25.330875796625783
2852.0005,25.54355812072754,25.001717920650243,25.14214656555536,25.19867509691066,25.33069514491041
2853.0013,25.54355812072754,25.001712948090862,25.1419596401492,25.19866216445256,25.330514694670512
2854.0005,25.518133800571107,25.001707997839926,25.14177325880605,25.198649284740515,25.33033476964708
2855.0005,25.518131256103516,25.001703057948525,25.14158697323571,25.198636426720256,25.33015493707885
2855.9997,25.518131256103516,25.00169813627912,25.141401081173598,25.19862361088523,25.329975484387578
2857.0005,25.516895294189453,25.00169322098604,25.141215136093415,25.19861080641175,25.329795980514795
2858.0009,25.516895294189453,25.001688321876408,25.141029509706552,25.198598038866415,25.32961678429568
2858.9999,25.516895294189453,25.001683443767984,25.140844386585595,25.198585320847023,25.329438073909152
2860.001,25.569258227712194,25.001678569544158,25.140659118086305,25.1985726077504,25.329259223180248
2861.0003,25.569263458251953,25.00167371815905,25.140474425751734,25.198559949038888,25.3290809286575
2861.9999,25.569263458251953,25.001668879345242,25.140289920589943,25.19854731796132,25.328902814823802
2863.0006,25.542629996077906,25.00166404921898,25.140105455128335,25.19853470439666,25.328724739315057
2864.0001,25.542627334594727,25.00165923883921,25.13992145298578,25.19852213725318,25.328547111075814
2865.0006,25.542627334594727,25.001654437573205,25.13973750876389,25.198509588782112,25.328369538750845
2865.9997,25.56833267211914,25.001649656889693,25.139554063245683,25.19849708898855,25.328192447854278
2866.9999,25.56833267211914,25.001644884779825,25.139370656978187,25.198484606503474,25.32801539484876
2868.0003,25.544523239135742,25.001640125524574,25.13918745514724,25.19847215254224,25.32783853919803
2869.0005,25.544523239135742,25.001635380986936,25.139004530687448,25.198459732007386,25.32766195131022
2869.9998,25.544523239135742,25.001630654424968,25.138822010907443,25.1984473534638,25.32748575408393
2871.0001,25.55878448486328,25.001625936814293,25.138639548496997,25.198434993303785,25.327309612239905
2872.0001,25.55878448486328,25.001621234260753,25.13845738052272,25.19842266754661,25.327133754632662
2872.9999,25.55878448486328,25.00161654624443,25.138275488273198,25.198410374860472,25.326958163198967
2874.001,25.54976171976654,25.001611865714928,25.138093598935452,25.198398096776994,25.326782574576185
2875.0006,25.549760818481445,25.001607205720035,25.13791222085416,25.198385867552016,25.32660747949974
2875.9997,25.549760818481445,25.00160256151828,25.137731171549323,25.198373674784488,25.32643270181081
2876.9998,25.54139220954156,25.00159792610822,25.13755017906803,25.19836150011614,25.326257978977033
2878.0001,25.541391372680664,25.00159330318312,25.13736938830534,25.198349353264973,25.326083450874258
2879.0012,25.541391372680664,25.001588689951312,25.137188690863027,25.198337226915164,25.325909012859203
2880.0011,25.560270309448242,25.00158409558241,25.13700844728403,25.198325145199682,25.32573501298546
2881.0013,25.560270309448242,25.00157951312759,25.136828386543783,25.198313089878727,25.325561189616874
2882.0007,25.560270309448242,25.00157494757819,25.136648706180967,25.198301074113523,25.3253877334493
2882.9999,25.55500030517578,25.001570396135115,25.136469297657737,25.198289090571176,25.32521453970469
2884.0012,25.55500030517578,25.001565848321047,25.136289748366483,25.198277111678294,25.32504121006831
2885.0008,25.520000144833325,25.00156132136504,25.136110739540232,25.198265182839442,25.324868402175017
2886.0004,25.519996643066406,25.001556807496716,25.13593196583188,25.19825328361794,25.32469582125506
2886.9997,25.519996643066406,25.001552308027076,25.135753480480528,25.198241417498156,25.3245235187033
2888.001,25.559028542063206,25.001547812595554,25.135574872972292,25.198229557170734,25.324351098226224
2889.0,25.559032440185547,25.00154334046393,25.135396909908675,25.19821775348241,25.324179299869957
2890.0001,25.559032440185547,25.001538876350804,25.135218984879735,25.19820596613445,25.324007538230834
2890.9997,25.541391372680664,25.001534427372288,25.13504138244037,25.1981942139383,25.32383608800666
2891.9999,25.541391372680664,25.001529988597138,25.1348639068776,25.19818248389305,25.32366476026403
2893.0007,25.541391372680664,25.00152556001125,25.13468655830452,25.198170775978625,25.323493555112123
2893.9999,25.546658942425776,25.001521151293367,25.13450972592023,25.19815911581585,25.323322848268024
2895.0005,25.546659469604492,25.00151674916587,25.134332878426804,25.198147468315298,25.32315212683818
2896.0003,25.546659469604492,25.001512363282213,25.13415640455918,25.198135859040192,25.322981766091605
2897.0005,25.532121658325195,25.00150798833383,25.133980092061723,25.198124273967426,25.322811561125267
2898.0001,25.532121658325195,25.001503628654316,25.13380411683755,25.19811272459951,25.32264168174894
2899.0011,25.532121658325195,25.001499275499363,25.133628126768574,25.198101187791433,25.322471788042044
2899.9999,25.529293343474023,25.00149494447311,25.133452754205102,25.198089704928602,25.322302490450024
2901.0005,25.529293060302734,25.001490618186697,25.133277296371773,25.19807822993607,25.32213311054193
2901.9998,25.537388945093436,25.001486310016748,25.13310229673188,25.198066798315548,25.32196417295528
2903.0009,25.537389755249023,25.001482006571727,25.132927212276154,25.19805537455469,25.321795153490847
2904.0007,25.537389755249023,25.00147772115094,25.132752585040162,25.19804399397896,25.321626575407887
2905.0003,25.56833267211914,25.001473448975563,25.132578222076585,25.198032643933075,25.321458252442845
2906.0013,25.56833267211914,25.00146918319379,25.132403844404216,25.19802130623026,25.321289915278527
2907.0007,25.56833267211914,25.00146493655074,25.132229974263655,25.198010014771167,25.32112206806493
2907.9999,25.49215316772461,25.001460703028677,25.13205636717236,25.19799875359255,25.320954474788472
2908.9999,25.49215316772461,25.001456478366233,25.13188284928977,25.19798751137981,25.320786967630493
2910.0001,25.49215316772461,25.001452265081138,25.131709524768986,25.19797629485073,25.320619647136198
2910.9999,25.519996643066406,25.00144806566186,25.13153649721601,25.197965110656153,25.32045261332263
2912.0003,25.519996643066406,25.00144387587654,25.131363593337614,25.197953947548775,25.32028569889951
2913.0008,25.519996643066406,25.00143969779681,25.131190899490846,25.19794281106801,25.320118987232444
2914.0001,25.507896423339844,25.001435536796468,25.131018639392597,25.197931715569513,25.319952694288684
2915.0,25.507896423339844,25.00143138533468,25.13084650225555,25.197920640973894,25.31978652004671
2916.0013,25.507896423339844,25.001427240091186,25.130674350737618,25.197909578434697,25.319620331922003
2916.9997,25.53952980041504,25.001423118805707,25.13050292332369,25.197898575328985,25.319454842818068
2918.0005,25.53952980041504,25.001418999556794,25.130331309525975,25.19788757315806,25.319289173786746
2919.0003,25.53952980041504,25.001414896329244,25.130160092542212,25.197876609288894,25.319123887823597
2920.0005,25.522436141967773,25.001410803332224,25.129989032121646,25.197865668276563,25.31895875300024
2921.0001,25.522436141967773,25.001406724620043,25.129818298927514,25.197854760984107,25.318793934068065
2922.0003,25.529293060302734,25.001402655262055,25.129647687702693,25.197843874250047,25.318629232880138
2923.0001,25.529293060302734,25.001398599296223,25.129477368796813,25.19783301889977,25.318464813885118
2924.0003,25.529293060302734,25.001394553443085,25.129307205632916,25.1978221861801,25.31830054523712
2925.0002,25.515307871437074,25.001390520502,25.12913731704088,25.19781138360948,25.318136541649707
2926.0003,25.51530647277832,25.0013864984207,25.1289676177406,25.197800605715223,25.317972720796913
2927.0008,25.51530647277832,25.001382486371572,25.12879807370294,25.197789850299408,25.317809049828387
2928.0001,25.497392654418945,25.001378490723127,25.12862895550254,25.19777913446354,25.317645789945956
2929.0009,25.497392654418945,25.00137450065119,25.12845980600774,25.197768429200234,25.317482499853174
2930.0004,25.497392654418945,25.00137052728907,25.128291098233184,25.197757764402123,25.31731963617928
2931.0006,25.537633686870414,25.001366562642335,25.128122494102765,25.19774711863902,25.317156872559256
2932.0001,25.53763771057129,25.001362612227158,25.127954229323905,25.197736506746246,25.31699443653552
2933.0012,25.53763771057129,25.001358666935303,25.127785916701587,25.19772590427416,25.316831954325647
2934.0013,25.529293060302734,25.00135473699046,25.12761799327599,25.19771533871708,25.316669847830568
2935.0004,25.529293060302734,25.001350822325502,25.127450458094376,25.197704809930823,25.31650811613056
2936.0007,25.529293060302734,25.001346914290956,25.12728294202366,25.19769429467389,25.31634640287944
2937.0013,25.542627334594727,25.001343016395683,25.127115595989025,25.19768380240099,25.316184853774285
2938.0001,25.542627334594727,25.001339136762308,25.126948770422693,25.197673355009197,25.316023807108216
2938.9997,25.542627334594727,25.001335265242233,25.126782030439237,25.197662925198998,25.315862843060405
2939.9997,25.542627334594727,25.001331403372426,25.12661544286801,25.19765251712625,25.3157020261452
2941.0008,25.542627334594727,25.001327548442333,25.12644889130244,25.197642123499133,25.315541243988406
2942.0007,25.542354583740234,25.001323709274548,25.12628275806955,25.197631768128588,25.315380865673088
2943.0003,25.542354583740234,25.00131988235621,25.12611689285541,25.197621441571783,25.31522074609225
2944.0013,25.542354583740234,25.00131606116512,25.12595101364932,25.19761112624502,25.315060613004153
2945.0009,25.547592163085938,25.0013122563579,25.125785584162593,25.197600850938624,25.314900914056967
2946.0001,25.547592163085938,25.001308464066526,25.125620438025983,25.197590605240592,25.314741488644547
2947.0009,25.547592163085938,25.0013046766883,25.125455244788228,25.197580368625612,25.31458201776258
2948.0001,25.532123206459364,25.001300906301424,25.125290532360072,25.197570173761473,25.31442301103479
2949.0004,25.532121658325195,25.001297142677835,25.125125855214204,25.197559993017837,25.314264038367092
2949.9999,25.532121658325195,25.001293392939647,25.12496152595645,25.197549845680825,25.314105401536537
2950.9999,25.518131256103516,25.00128965217341,25.124797330470436,25.19753971847816,25.313946893843816
2952.0003,25.518131256103516,25.001285920736436,25.12463328518332,25.19752961239393,25.31378853114705
2953.0013,25.518131256103516,25.001282197867624,25.12446935733884,25.19751952538286,25.313630281824658
2953.9998,25.496187500406453,25.001278495034445,25.12430605370898,25.197509488549723,25.313472635093863
2955.001,25.496185302734375,25.001274792925315,25.124142523620655,25.19749944956985,25.313314769749205
2956.0003,25.506690979003906,25.0012711085314,25.123979518386303,25.19748945453518,25.313157411077384
2957.0003,25.506690979003906,25.001267432216387,25.123816613227124,25.197479477333736,25.31300014901409
2958.001,25.506690979003906,25.001263763971796,25.123653808311293,25.197469517955916,25.31284298372168
2959.0003,25.510997772216797,25.001260111453654,25.12349144478416,25.19745959721425,25.3126862445281
2959.9997,25.510997772216797,25.00125646912806,25.123329278232585,25.197449700107704,25.312529695486766
2960.9997,25.510997772216797,25.001252835153302,25.123167227468365,25.19743982164942,25.312373258221875
2962.0003,25.545694698281515,25.001249209517837,25.12300529259488,25.197429961822532,25.312216932833213
2962.9997,25.545698165893555,25.00124559870406,25.122843764448856,25.19742013828109,25.312061000082828
2963.9997,25.545698165893555,25.00124199616887,25.122682351634367,25.1974103332493,25.311905178668844
2964.9998,25.536154747581367,25.001238403694277,25.122521134801726,25.197400551594676,25.311749546447825
2966.0003,25.53615379333496,25.001234820180308,25.122360065470858,25.197390790340723,25.311594056619064
2967.0001,25.53615379333496,25.00123124953213,25.12219932035582,25.19738106014818,25.311438879775174
2968.0,25.527129122161867,25.00122768885337,25.1220387703665,25.19737135314935,25.311283891297776
2969.0003,25.527128219604492,25.00122413705358,25.12187836721384,25.197361666389895,25.311129044570556
2970.0003,25.527128219604492,25.001220596590027,25.12171822290073,25.197352006592233,25.310974447716593
2971.0005,25.53642463684082,25.00121706566122,25.121558257046424,25.19734236886308,25.31082002313955
2972.0012,25.53642463684082,25.00121354318919,25.121398421614884,25.19733275027722,25.310665724467377
2972.9999,25.545427322387695,25.00121003792151,25.12123911516675,25.1973231747511,25.310511936454432
2973.9999,25.545427322387695,25.001206538235632,25.121079810810578,25.19731361056005,25.310358150460978
2975.0012,25.545427322387695,25.00120304414173,25.120920509087853,25.19730405773768,25.31020436700975
2976.0008,25.532397620150356,25.00119956607311,25.120761686882506,25.197294544831955,25.310051046465237
2977.0004,25.53239631652832,25.001196098059786,25.12060307328108,25.197285055545215,25.309897927298532
2977.9999,25.53239631652832,25.00119264041812,25.120444683846053,25.19727559076459,25.309745024533008
2979.0009,25.520957182199375,25.001189187605135,25.120286265191094,25.197266135329734,25.309592093559747
2980.0008,25.52095603942871,25.001185748566225,25.120128228644447,25.197256713755877,25.30943953145842
2981.0002,25.52095603942871,25.00118232118499,25.11997047860257,25.197247320274975,25.309287245937234
2981.9997,25.576671600341797,25.001178903369073,25.119812919961575,25.19723794917547,25.30913514518673
2983.0005,25.576671600341797,25.001175491007153,25.119655363719257,25.197228589197397,25.308983046751813
2984.0011,25.576671600341797,25.001172089201358,25.119498046090335,25.197219254350006,25.308831178664633
2984.9997,25.525920867919922,25.001168704010254,25.119341249122794,25.197209961291694,25.308679813202925
2986.001,25.525920867919922,25.001165319482986,25.11918423478283,25.197200666250545,25.30852823789866
2986.9997,25.525920867919922,25.001161953507424,25.119027833926342,25.197191418372473,25.30837725482657
2988.0001,25.577629642591425,25.00115859154955,25.118871372605273,25.197182177751436,25.30822621338442
2988.9997,25.577634811401367,25.001155241995892,25.11871524182405,25.197172967453703,25.30807549103209
2990.0002,25.577634811401367,25.001151899123247,25.118559175814745,25.197163771761918,25.30792483120795
2991.0003,25.541696548461914,25.001148567254415,25.11840337724591,25.1971546025848,25.307774429560048
2992.0003,25.541696548461914,25.00114524535472,25.118247798959526,25.197145457098024,25.307624240563925
2993.0004,25.55689087573873,25.00114193273191,25.118092409570906,25.197136333415926,25.30747423392208
2994.0006,25.55689239501953,25.001138629361076,25.117937208872654,25.197127231488867,25.307324409434298
2995.0001,25.55689239501953,25.001135337848073,25.117782320548717,25.197118158520304,25.307174886500064
2996.0012,25.520959628757076,25.001132050603854,25.117627388184708,25.19710909360625,25.307025321051324
2997.0005,25.52095603942871,25.001128778762386,25.117472937643363,25.197100067470817,25.30687622073473
2998.0004,25.52095603942871,25.001125514421197,25.11731859735056,25.197091058339776,25.30672722684763
2998.9997,25.53426170349121,25.001122261470538,25.117164552266757,25.197082076969526,25.306578517943375
3000.0001,25.53426170349121,25.001119014356295,25.117010540217432,25.19707310804223,25.306429840929273
3001.0003,25.53426170349121,25.00111577728349,25.116856761345357,25.1970641631875,25.306281389015073
3002.0001,25.554725646972656,25.001112550863816,25.116703245952298,25.19705524411859,25.30613319145288
3003.0011,25.554725646972656,25.00110932991808,25.11654974834109,25.19704633653354,25.305985011056563
3004.0005,25.554725646972656,25.001106123423334,25.116396697489602,25.19703746528035,25.305837261944045
3005.0001,25.561857223510742,25.001102925557994,25.116243817053274,25.197028614279915,25.30568967734344
3006.0011,25.561857223510742,25.001099732478476,25.11609092372036,25.197019772904866,25.305542080292994
3007.0005,25.561857223510742,25.00109655372493,25.115938475388397,25.197010967591627,25.3053949128285
3008.0006,25.524993767764087,25.00109338194269,25.115786120681022,25.1970021779917,25.305247835745398
3008.9999,25.52499008178711,25.001090221861006,25.115634087814396,25.19699341723061,25.305101069354365
3010.0003,25.526193618774414,25.00108706744911,25.115482087550735,25.19698466860684,25.304954334436918
3011.0013,25.526193618774414,25.0010839202804,25.115330196106484,25.196975936494304,25.30480770456933
3012.0001,25.526193618774414,25.001080789109917,25.115178837611637,25.19696724521247,25.304661589189582
3012.9997,25.55689239501953,25.001077664487507,25.11502755676493,25.196958568556933,25.30451554876822
3013.9999,25.55689239501953,25.001074547031163,25.11487638399106,25.196949908255416,25.304369612676002
3015.0003,25.55689239501953,25.0010714379723,25.114725379724195,25.196941267743636,25.304223839253645
3016.0004,25.538568421569593,25.00106833883739,25.11457461914538,25.19693265128344,25.304078301077894
3017.0001,25.53856658935547,25.00106524990088,25.11442411686038,25.196924059660592,25.303933012248567
3018.0005,25.53856658935547,25.001062167742027,25.114273707095748,25.196915483377925,25.303787812734658
3018.9997,25.541391372680664,25.001059098182076,25.114123675107834,25.196906938654898,25.30364297791115
3020.0002,25.541391372680664,25.00105603351653,25.113973645286322,25.196898404062882,25.30349814517899
3021.0001,25.541391372680664,25.001052979548984,25.11382390249332,25.19688989577904,25.30335358953257
3022.0001,25.56953720922006,25.001049934109176,25.113674341491667,25.196881407778463,25.303209209380178
3023.0002,25.56954002380371,25.0010468971742,25.1135249620818,25.196872940014977,25.303065004529167
3024.0001,25.56954002380371,25.00104386962825,25.1133758087854,25.196864494973138,25.302921017958962
3025.0008,25.530262103755412,25.001040848425955,25.113226732352715,25.19685606417369,25.302777105589886
3026.0001,25.530258178710938,25.00103784017612,25.113078060088743,25.196847666080473,25.302633583388968
3027.0003,25.504526138305664,25.00103483792312,25.11292944940372,25.196839281296665,25.30249012063388
3028.0013,25.504526138305664,25.0010318419641,25.112780915396996,25.196830910661877,25.30234673190093
3029.0003,25.504526138305664,25.00102886063865,25.11263287294059,25.19682257750132,25.302203817690806
3029.9998,25.511930465698242,25.001025886441525,25.112484950863436,25.196814260862997,25.30206101968995
3031.0001,25.511930465698242,25.001022918471882,25.11233710489046,25.196805958239597,25.301918295156998
3032.0002,25.511930465698242,25.001019959679653,25.112189482742718,25.196797677898513,25.301775786695888
3033.0004,25.529291324390456,25.001017009151163,25.11204203985353,25.196789417301556,25.301633451283752
3034.0002,25.529293060302734,25.00101406833279,25.111894849587525,25.196781180517874,25.30149135974383
3035.0005,25.529293060302734,25.001011134553856,25.111747779221385,25.196772960084985,25.301349383950406
3036.0003,25.506690979003906,25.00100821072267,25.11160097552725,25.196764764170037,25.30120766559136
3037.0002,25.506690979003906,25.00100529505496,25.11145435003558,25.196756587791562,25.301066119261783
3038.0003,25.506690979003906,25.00100238723847,25.11130788791566,25.196748430090427,25.3009247306447
3039.0004,25.51906394958496,25.000999487832843,25.111161618261562,25.196740292653644,25.300783527826344
3040.0004,25.51906394958496,25.0009965971024,25.111015555417044,25.196732176241504,25.300642524653608
3041.0005,25.51906394958496,25.000993714444746,25.11086966991697,25.19672407918052,25.30050169268204
3041.9999,25.47788429260254,25.00099084213409,25.11072407803345,25.196716007879523,25.30036114415604
3043.0011,25.47788429260254,25.000987972974954,25.1105784156323,25.196707942131308,25.300220527555165
3044.0002,25.50141861917879,25.000985118115885,25.11043324977857,25.196699913295774,25.30008039030112
3044.9998,25.501420974731445,25.000982270083725,25.11028820199134,25.19669190038148,25.29994036702371
3046.001,25.501420974731445,25.000979425746483,25.11014311300432,25.19668389458391,25.299800303973683
3047.0003,25.53763771057129,25.000976595019868,25.109998489684095,25.196675923831375,25.29966069045958
3047.9999,25.53763771057129,25.000973771628463,25.109854012929503,25.19666797047898,25.29952121843402
3049.0007,25.53763771057129,25.00097095302491,25.109709552837167,25.196660027361165,25.29938176249353
3049.9997,25.494291305541992,25.00096814762732,25.109565542020835,25.19665211822143,25.299242740265953
3051.0001,25.494291305541992,25.000965346420973,25.10942151882153,25.196644217664385,25.29910370608436
3051.9997,25.494291305541992,25.000962555549904,25.109277799885326,25.196636343033198,25.298964965626073
3053.0005,25.524301528930664,25.00095976941154,25.109134097523977,25.19662847853529,25.298826241168484
3054.0001,25.524301528930664,25.00095699466392,25.108990756099285,25.196620642981774,25.29868786514457
3055.0007,25.524301528930664,25.000954225174425,25.10884745982914,25.19661281907315,25.298549532711032
3056.0009,25.488124650041,25.00095146480201,25.108704409129864,25.196605017725446,25.2984114373417
3057.0006,25.488121032714844,25.000948713788702,25.10856161780238,25.196597239644195,25.298273592359422
3058.0005,25.488121032714844,25.000945970181537,25.10841898553137,25.196589479326278,25.29813590092384
3058.9998,25.515988422246462,25.00094323614787,25.108276626075245,25.196581742921055,25.297998472852733
3060.0008,25.5159912109375,25.000940505385124,25.108134211840603,25.1965740126062,25.29786099190066
3061.0006,25.5159912109375,25.000937785787652,25.107992155310516,25.196566310743872,25.29772385626212
3061.9997,25.4924259185791,25.000935075950107,25.10785038466448,25.19655863338014,25.2975869966045
3063.0007,25.4924259185791,25.00093236881195,25.10770853105725,25.19655096052274,25.29745005685949
3063.9997,25.497665405273438,25.000929674896636,25.10756714689258,25.19654332201571,25.297313570295383
3065.0001,25.497665405273438,25.00092698500602,25.107425750570805,25.196535691797692,25.29717707199529
3066.0012,25.497665405273438,25.000924301024238,25.1072844413708,25.196528075220275,25.297040657799037
3066.9999,25.516895294189453,25.0009216312202,25.10714365615245,25.196520495773598,25.296904749433516
3067.9997,25.516895294189453,25.000918966199908,25.10700290092101,25.19651292681133,25.29676887001615
3069.0005,25.516895294189453,25.000916306231883,25.10686219009457,25.196505369103026,25.29663303346558
3070.0003,25.459583282470703,25.00091365660951,25.106721804626698,25.1964978377053,25.296497511003032
3071.0,25.459583282470703,25.000911014912738,25.106581617597712,25.196490325761026,25.296362180105373
3072.001,25.459583282470703,25.000908377433685,25.10644143277623,25.196482822737458,25.296226851338748
3072.9997,25.49576759338379,25.000905753624256,25.10630175380541,25.19647535554423,25.296092010899933
3073.9999,25.49576759338379,25.000903133469826,25.106162048751752,25.1964678957005,25.295957145281797
3075.0003,25.49576759338379,25.000900520373296,25.106022499422433,25.196460452903327,25.295822429993645
3075.9997,25.494592666625977,25.00089791743814,25.105883272748468,25.196453036012286,25.295688026183946
3077.0013,25.494592666625977,25.000895316321664,25.105743923025642,25.196445621266335,25.29555350358785
3078.0011,25.494592666625977,25.00089272739443,25.10560500663159,25.196438238242322,25.29541939930985
3078.9999,25.48959732055664,25.00089014853165,25.10546641140335,25.196430880909826,25.295285605072365
3079.9998,25.48959732055664,25.000887574290697,25.105327845729047,25.196423533757134,25.295151839365055
3081.0002,25.47719697940831,25.00088500621258,25.105189392954227,25.196416201191422,25.29501818264635
3082.0003,25.477195739746094,25.000882446331634,25.10505116361208,25.19640888903652,25.29488474162052
3083.0009,25.477195739746094,25.00087989258088,25.104913046945505,25.19640159140347,25.29475140936714
3084.001,25.517164048612702,25.000877347491116,25.10477518074954,25.19639431554039,25.29461831890798
3085.0006,25.517168045043945,25.000874811029927,25.104637564513904,25.196387061375134,25.29448546975042
3085.9999,25.517168045043945,25.000872282659735,25.10450017024941,25.196379827389798,25.29435283487484
3087.0,25.488368053051072,25.00086975958167,25.10436284661456,25.196372605590184,25.294220268182272
3088.0008,25.488365173339844,25.00086724204329,25.104225607509168,25.196365396694148,25.294087783091026
3089.0001,25.488365173339844,25.00086473554891,25.104088754164465,25.196358216482533,25.293955670397573
3090.0003,25.49146270751953,25.00086223405113,25.1039519575034,25.19635104765021,25.29382361242422
3091.0011,25.49146270751953,25.000859738295567,25.103815258724914,25.196343892343176,25.29369164894275
3091.9997,25.49146270751953,25.00085725522651,25.103679039612675,25.19633677049341,25.293560148511713
3093.0002,25.511928420149754,25.000854774624994,25.103542740568738,25.196329652808295,25.293428570917843
3094.0003,25.511930465698242,25.00085230218893,25.10340667509188,25.196322555646162,25.2932972188002
3095.0002,25.511930465698242,25.000849837396682,25.103270815575367,25.19631547752793,25.293166065508355
3096.0007,25.544769287109375,25.000847378259817,25.103135053192904,25.19630841275729,25.293035005985804
3097.0,25.544769287109375,25.000844929175543,25.102999631799616,25.196301373985023,25.292904275640428
3098.0013,25.541391372680664,25.00084248228924,25.102864117722778,25.19629433864868,25.2927734558221
3099.0005,25.541391372680664,25.000840047598565,25.10272906558822,25.19628733550964,25.292643081944203
3100.0001,25.541391372680664,25.000837618973474,25.10259413680837,25.19628034695823,25.292512827147956
3101.0001,25.53143310546875,25.000835196402047,25.102459331363043,25.19627337297212,25.292382691413874
3102.0008,25.53143310546875,25.000832779148766,25.10232460886996,25.19626641144458,25.292252635758544
3103.0003,25.53143310546875,25.00083037177768,25.102190224757287,25.19625947553726,25.292122906762
3104.0007,25.506693451980066,25.00082796920743,25.102055896365027,25.196252550626756,25.29199323155569
3105.0003,25.506690979003906,25.000825575501647,25.101921851754632,25.196245648440495,25.291863830300933
3106.0006,25.506690979003906,25.000823187047207,25.101787889520356,25.196238758575763,25.29173450856876
3106.9999,25.46265411376953,25.00082080788014,25.10165423701917,25.19623189269155,25.291605485840403
3108.0012,25.46265411376953,25.00081843084829,25.101520493045083,25.19622503015887,25.2914763748078
3109.0003,25.46265411376953,25.00081606590027,25.101387218310045,25.196218199715464,25.291347716759635
3110.0009,25.500761032104492,25.000813704250806,25.1012539188382,25.19621137600573,25.29121903483155
3110.9997,25.500761032104492,25.000811353665824,25.10112103394534,25.196204581484682,25.29109075312128
3112.0003,25.500761032104492,25.000809005653306,25.10098808444103,25.196197791620563,25.290962409037725
3112.9997,25.49336051940918,25.00080666723952,25.10085546886242,25.196191026744028,25.290834387312554
3113.9999,25.49336051940918,25.000804333721124,25.10072292148493,25.196184273265224,25.290706431426
3115.0012,25.498322944953483,25.000802004397887,25.100590402819737,25.19617752916458,25.29057850325713
3116.0007,25.498323440551758,25.00079968598946,25.100458296260275,25.196170813915316,25.290450972918496
3117.0006,25.498323440551758,25.000797373359205,25.100326310432983,25.196164112659808,25.290323559129824
3117.9997,25.503591537475586,25.00079506925917,25.100194603404784,25.19615743338899,25.29019641448254
3118.9999,25.503591537475586,25.00079276929129,25.10006292455713,25.19615076336697,25.290069297039615
3120.0011,25.503591537475586,25.000790473687204,25.099931287372915,25.196144103271603,25.289942219816897
3121.0007,25.564546585083008,25.00078818838309,25.09980003331549,25.196137470342318,25.28981551244931
3122.0007,25.564546585083008,25.0007859087754,25.099668899233624,25.19613085123715,25.289688920901284
3123.0005,25.564546585083008,25.00078363621476,25.099537963632933,25.196124249891596,25.28956252095897
3124.0007,25.49146270751953,25.00078136932027,25.099407147761582,25.196117662308144,25.289436236598522
3125.0003,25.49146270751953,25.000779110337394,25.099276582131697,25.196111095027426,25.28931019381109
3126.0012,25.49146270751953,25.000776854960254,25.099146018523687,25.196104535543114,25.289184152975487
3127.0008,25.540455684799248,25.000774609028653,25.09901579587219,25.196098000854,25.289058441285544
3128.0002,25.54046058654785,25.000772370037584,25.098885770264378,25.196091483692037,25.28893291981361
3129.0,25.54046058654785,25.00077013662602,25.098755863464675,25.196084980109166,25.288807513034232
3130.0005,25.54786491394043,25.000767908115744,25.09862603655054,25.196078488140387,25.288682183373158
3131.0003,25.54786491394043,25.000765687606428,25.0984964709645,25.19607201682978,25.288557105987667
3131.9997,25.54786491394043,25.000763474402543,25.098367127324,25.196065564168993,25.28843224285945
3133.0001,25.473848342895508,25.000761265390942,25.09823782436869,25.196059121093402,25.28830741900707
3133.9999,25.473848342895508,25.000759064089955,25.098108768779202,25.196052697877604,25.288182833951662
3135.0001,25.511930465698242,25.000756868277445,25.097979831199943,25.19604628805255,25.288058362818568
3136.0012,25.511930465698242,25.00075467684969,25.09785094728254,25.19603988840538,25.28793394348846
3137.0011,25.511930465698242,25.000752494382404,25.09772238708683,25.19603351231385,25.287809836666206
3137.9997,25.47599220275879,25.000750321051836,25.09759416261406,25.196027160316746,25.28768605393733
3139.0009,25.47599220275879,25.000748148364153,25.097465773194912,25.196020807598057,25.287562111975873
3140.001,25.47599220275879,25.000745984344604,25.09733769345862,25.196014477630943,25.28743846896974
3140.9997,25.515029907226562,25.000743829600683,25.09720996097241,25.196008172216036,25.28731516118482
3142.0007,25.515029907226562,25.000741676139786,25.097082102516776,25.19600186797507,25.287191731794103
3142.9998,25.515029907226562,25.000739532983133,25.096954654441006,25.19599559132991,25.287068698567534
3144.0005,25.45741844177246,25.000737392602108,25.09682716997875,25.195989320246586,25.286945630214923
3145.0006,25.45741844177246,25.00073525969361,25.096699929430702,25.19598306849645,25.286822797327243
3146.0002,25.45741844177246,25.000733134016272,25.09657291957799,25.195976835390063,25.286700187143524
3146.9999,25.485017776489258,25.00073101427266,25.096446063864448,25.19597061713822,25.286577725759535
3147.9997,25.485017776489258,25.000728900446838,25.09631936212094,25.195964413707117,25.286455413012003
3149.0004,25.485017776489258,25.000726790838854,25.096192712996608,25.19595822011778,25.286333151060898
3149.9997,25.506688810165468,25.000724690275153,25.096066407237167,25.195952050555704,25.286211220580395
3151.0001,25.506690979003906,25.000722593480265,25.095940128563594,25.19594588954105,25.28608931624749
3152.0001,25.509763717651367,25.000720503586923,25.095814066274283,25.195939746289657,25.285967620803223
3153.0003,25.509763717651367,25.000718419321824,25.095688144464052,25.195933617072967,25.28584606097178
3153.9999,25.509763717651367,25.000716342330954,25.095562463533298,25.195927506746344,25.285724733675664
3154.9997,25.5159912109375,25.00071427093102,25.09543692258058,25.19592141037265,25.285603541508692
3156.0002,25.5159912109375,25.000712204076834,25.09531145882867,25.19591532488586,25.285482423868267
3156.9998,25.5159912109375,25.00071014505459,25.09518627265306,25.195909259975732,25.285361574188784
3158.0011,25.46482276916504,25.00070808849854,25.095061038420265,25.195903199847724,25.285240678116846
3158.9998,25.46482276916504,25.000706043215153,25.094936293500314,25.19589717046883,25.285120254407765
3159.9997,25.46482276916504,25.000704001392585,25.094811562684605,25.195891148828707,25.28499984431435
3161.0007,25.494592666625977,25.000701963238324,25.094686858797676,25.19588513554402,25.284879460216896
3162.0009,25.494592666625977,25.00069993260655,25.094562418398382,25.19587914199813,25.284759330479762
3162.9999,25.494592666625977,25.000697910274678,25.094438290547018,25.195873170506196,25.28463950246378
3164.0,25.522156820276265,25.00069589156883,25.094314189224544,25.19586720728086,25.284519700057718
3165.0005,25.522159576416016,25.000693877898193,25.09419020144583,25.19586125649246,25.28440000726222
3166.0009,25.522159576416016,25.000691870254816,25.094066389032683,25.195855321084743,25.28428048375756
3167.0003,25.480018615722656,25.00068987041843,25.093942862889193,25.19584940633639,25.284161236606064
3167.9999,25.480018615722656,25.000687875964054,25.093819474286438,25.195843505091194,25.284042122230844
3168.9997,25.48905372619629,25.000685886878436,25.09369622310862,25.195837617321494,25.283923140520113
3170.0011,25.48905372619629,25.00068390037516,25.093572936994015,25.195831734785862,25.28380412508281
3170.9999,25.48905372619629,25.00068192476062,25.09345013256482,25.195825882098177,25.28368557464516
3172.0011,25.49525260925293,25.00067995012653,25.09332719479971,25.195820029919158,25.2835668954904
3173.0001,25.49525260925293,25.00067798553051,25.09320468837104,25.195814205104824,25.28344863273042
3174.0003,25.49525260925293,25.000676024261193,25.093082195885977,25.195808387773138,25.28333038343104
3174.9999,25.512588500976562,25.00067406983684,25.092959937720337,25.1958025883703,25.28321236033417
3176.0003,25.512588500976562,25.000672119505452,25.092837742480935,25.19579679874233,25.283094397983746
3177.0002,25.512588500976562,25.00067017578764,25.092715768819215,25.195791026383418,25.28297664953547
3178.0,25.518790578336613,25.000668237884458,25.092593967585557,25.195785268935772,25.282859067542287
3179.0008,25.51879119873047,25.0006663036551,25.09247220477735,25.19577952004862,25.28274152264348
3179.9997,25.51879119873047,25.000664378680582,25.092350832798374,25.195773796325636,25.28262435503543
3180.9997,25.493085861206055,25.000662457156764,25.09222948672998,25.1957680805242,25.282507212440414
3182.0013,25.493085861206055,25.0006605381293,25.092108106335527,25.195762369808623,25.282390036708406
3182.9999,25.493085861206055,25.000658630383885,25.091987248528792,25.195756690341195,25.28227336546148
3184.0002,25.483126682364247,25.000656724914716,25.091866343961954,25.195751015328206,25.28215664907424
3185.0009,25.483125686645508,25.000654824199565,25.091745550055492,25.195745352154326,25.282040039514058
3186.0013,25.488121032714844,25.00065292955287,25.091624951120853,25.195739704748068,25.281923618171803
3187.0001,25.488121032714844,25.00065104340517,25.091504703213882,25.195734080373207,25.28180753569749
3187.9999,25.488121032714844,25.000649160825837,25.09138449296401,25.195728464341403,25.281691489575813
3189.001,25.53211726353638,25.00064728125301,25.091264284638495,25.195722854980968,25.28157544531183
3189.9999,25.532121658325195,25.000645411234878,25.09114449808357,25.195717271849638,25.28145980820815
3191.0001,25.532121658325195,25.000643544196137,25.091024713164323,25.195711695331585,25.28134417268349
3192.0003,25.546934127807617,25.000641682558346,25.090905085670123,25.195706132667414,25.28122868913061
3193.0005,25.546934127807617,25.00063982630588,25.090785615394076,25.195700583822703,25.28111335734979
3193.9998,25.546934127807617,25.000637977086214,25.090666409419512,25.19569505373749,25.28099828071495
3195.0009,25.500490188598633,25.000636129894655,25.090547145670232,25.195689527454423,25.280883148306728
3196.001,25.500490188598633,25.00063428988859,25.09042815769979,25.195684020412408,25.280768282124267
3197.0003,25.500490188598633,25.000632456670225,25.090309421084747,25.1956785314391,25.280653658590158
3198.0002,25.450560794830324,25.000630627654274,25.09019076922524,25.195673052806498,25.280539116875623
3198.9998,25.4505558013916,25.00062880447408,25.09007230878393,25.195667589418154,25.28042475994848
3200.0005,25.4505558013916,25.000626984567198,25.08995387383188,25.195662133604763,25.280310427627647
3201.0007,25.4924259185791,25.000625170832926,25.089835653667862,25.19565669406799,25.280196302654502
3202.0005,25.4924259185791,25.000623363067607,25.089717636057888,25.195651270212064,25.280082373218853
3203.0001,25.4924259185791,25.00062156088974,25.089599797050056,25.195645860906325,25.279968616198506
3203.9997,25.459583282470703,25.000619763922074,25.089482112817056,25.195640465031005,25.27985500859153
3205.0009,25.459583282470703,25.000617969285717,25.089364395156682,25.195635073948065,25.279741368715115
3206.0012,25.496454367217666,25.000616181452283,25.089246937969296,25.195629701099797,25.27962798028881
3207.0003,25.496458053588867,25.00061440092665,25.08912977579195,25.195624348022243,25.27951487665328
3208.0001,25.496458053588867,25.000612624303958,25.08901268549776,25.195619004492286,25.279401842410852
3208.9999,25.488636016845703,25.00061085281861,25.088895749025756,25.195613674232092,25.279288956662153
3210.0001,25.488636016845703,25.00060908575009,25.088778919482095,25.195608355084108,25.279176174137753
3211.0003,25.488636016845703,25.00060732379332,25.08866224347943,25.195603049150616,25.279063539835636
3212.0005,25.497392654418945,25.000605566933526,25.088545720815983,25.195597756398783,25.278951053561006
3212.9998,25.497392654418945,25.00060381672996,25.088429455933078,25.19559248154065,25.278838816137306
3214.0005,25.497392654418945,25.00060206914344,25.08831318114769,25.19558721241274,25.27872656915415
3215.0001,25.449350357055664,25.000600328527515,25.088197186811435,25.195581962151994,25.27861459290526
3216.0003,25.449350357055664,25.00059859190355,25.088081275339846,25.195576721787102,25.278502696650573
3217.001,25.449350357055664,25.000596859438897,25.087965458372768,25.195571491831075,25.278390891626728
3218.0006,25.47598953750812,25.00059513388452,25.087849920750585,25.195566280601952,25.278279356271163
3218.9999,25.47599220275879,25.000593413834448,25.08773456948736,25.19556108386963,25.27816800081901
3220.0012,25.47599220275879,25.000591695328065,25.087619139276754,25.195555889674058,25.27805656915425
3221.0007,25.487459942625428,25.000589984874306,25.087504068030306,25.19555071769934,25.27794548401899
3222.0001,25.48746109008789,25.000588279535467,25.08738915939849,25.19554555908004,25.27783455586533
3223.0011,25.441946029663086,25.000586576407525,25.087274218060706,25.195540405038184,25.27772359613865
3224.001,25.441946029663086,25.00058488007376,25.08715955396326,25.19553526945355,25.277612904048596
3224.9997,25.441946029663086,25.000583190672643,25.087045177855416,25.19553015276393,25.27750248997208
3226.0004,25.47908602553687,25.000581502782747,25.086930723239956,25.195525038558216,25.27739200010748
3227.0012,25.479089736938477,25.00057981961006,25.086816407704536,25.195519936555034,25.277281644505134
3228.0011,25.479089736938477,25.00057814281643,25.086702345095276,25.195514851805513,25.27717153306749
3229.0004,25.45958523428724,25.000576471873778,25.08658850065528,25.195509782724173,25.27706163224165
3229.9997,25.459583282470703,25.000574805760465,25.086474805698632,25.195504726224755,25.276951875720993
3231.0003,25.459583282470703,25.000573142304464,25.086361112413428,25.195499675722466,25.276842120813882
3231.9997,25.477195739746094,25.000571485648717,25.086247704688585,25.195494643806686,25.276732641575215
3233.0001,25.477195739746094,25.00056983213103,25.086134332636274,25.195489619365635,25.276623196773368
3233.9999,25.477195739746094,25.000568184384992,25.08602117747282,25.19548461041165,25.27651396134727
3235.0003,25.402248245675484,25.000566540419072,25.085908103189073,25.195479610901785,25.276404803999174
3236.0007,25.402240753173828,25.00056490120975,25.085795177540746,25.1954746238148,25.27629579013771
3236.9999,25.402240753173828,25.000563268701,25.08568253552215,25.19546965507967,25.276187050080935
3237.9998,25.453377377380072,25.000561639771327,25.08556996263612,25.195464695208216,25.276078376761955
3239.0003,25.45338249206543,25.000560014579175,25.08545747023515,25.195459744689863,25.27596978113999
3240.0005,25.44745445251465,25.000558394574966,25.085345159383845,25.19545480795277,25.275861360778755
3240.9997,25.44745445251465,25.00055678086975,25.08523310820211,25.195449888397505,25.275753191092036
3242.0008,25.44745445251465,25.00055516877279,25.085120991486427,25.195444971731998,25.275644958141484
3243.0009,25.48219108581543,25.000553562946816,25.085009134023185,25.19544007218502,25.27553697546277
3243.9997,25.48219108581543,25.000551963844014,25.084897568665554,25.19543519115395,25.275429274771025
3245.001,25.48219108581543,25.000550365375396,25.084785871027005,25.19543031006024,25.27532144638062
3246.0006,25.503864027300374,25.000548774237988,25.084674509611805,25.19542544936227,25.27521394256666
3246.9997,25.50386619567871,25.000547188493083,25.084563350056776,25.195420603154883,25.275106633620364
3247.9999,25.50386619567871,25.00054560559204,25.08445221428588,25.195415763658055,25.2749993476343
3249.0008,25.464552038842506,25.000544026166995,25.084341146946883,25.19541093280975,25.274892127709638
3250.0003,25.464548110961914,25.000542453513713,25.08423038072633,25.195406120703165,25.274785198472557
3251.0003,25.464548110961914,25.000540884623295,25.08411970467468,25.195401318144757,25.2746783562809
3251.9998,25.453656332642616,25.000539321051484,25.084009229276866,25.19539652990742,25.27457170779235
3253.0009,25.453655242919922,25.00053775950748,25.083898722467104,25.19539174592083,25.274465028979975
3254.0001,25.453655242919922,25.000536205435573,25.083788570338193,25.195386982875657,25.274358692562174
3254.9999,25.479089736938477,25.000534654925634,25.083678496816034,25.19538222880215,25.27425243202816
3256.0011,25.479089736938477,25.00053310673747,25.083568414068115,25.19537747990234,25.274146162587964
3257.0007,25.436016082763672,25.000531565495756,25.083458651713325,25.195372750372975,25.274040202442364
3258.001,25.436016082763672,25.00053002763524,25.083348956812173,25.19536802928659,25.273934307413782
3259.001,25.436016082763672,25.000528494683092,25.083239438923627,25.19536332134071,25.27382858326602
3260.0003,25.467233657836914,25.000526967232982,25.083130141449615,25.195358628371856,25.273723071897553
3261.0005,25.467233657836914,25.000525442827787,25.08302088924581,25.19535394284048,25.27361760423111
3262.0001,25.467233657836914,25.000523923742872,25.082911846033706,25.195349271749773,25.273512338316824
3263.0011,25.47599220275879,25.00052240693137,25.08280279362301,25.19534460573884,25.273407063522587
3264.0001,25.47599220275879,25.000520897528638,25.082694102104394,25.19533996061702,25.273302137118993
3265.0,25.47599220275879,25.00051939113313,25.082585455532787,25.195335322852138,25.273197254105423
3266.0001,25.477195739746094,25.000517888793993,25.082476930016398,25.195330695681324,25.273092487953672
3267.0003,25.477195739746094,25.000516390650812,25.082368536283262,25.195326079543808,25.27298784902016
3268.0009,25.477195739746094,25.0005148962449,25.082260241741146,25.195321473035065,25.27288330584165
3269.0007,25.47409279390821,25.000513407353345,25.082152175992974,25.19531688164423,25.272778983531573
3270.0005,25.474092483520508,25.000511922767117,25.082044252211386,25.195312301655346,25.27267479827031
3271.0007,25.474092483520508,25.000510441882394,25.081936427116812,25.19530773121455,25.272570708277502
3272.0011,25.401004791259766,25.000508964986725,25.0818287222111,25.195303171217716,25.272466734310168
3272.9999,25.401004791259766,25.000507494716103,25.081721330802367,25.195298629817575,25.272363062980162
3273.9999,25.401004791259766,25.00050602693393,25.08161395156283,25.195294094248048,25.272259403397804
3275.0007,25.4989013671875,25.000504562227757,25.081506627682124,25.195289566329155,25.272155797256627
3276.0001,25.4989013671875,25.000503103801275,25.08139959477175,25.195285055976242,25.27205247200646
3277.0011,25.47599220275879,25.00050164726558,25.08129253139704,25.195280549625547,25.27194911734726
3278.0003,25.47599220275879,25.00050019755449,25.081185800982862,25.195276062552175,25.271846084114706
3279.0011,25.47599220275879,25.000498749721586,25.08107904012822,25.1952715794567,25.27174302149616
3280.0005,25.513442993164062,25.00049730809603,25.080972568717463,25.195267113753314,25.271640238295053
3281.0009,25.513442993164062,25.000495869201224,25.080866130797407,25.19526265468357,25.271537487424517
3282.0002,25.513442993164062,25.000494436044956,25.080759949593602,25.195258211578576,25.271434984377485
3282.9997,25.455520629882812,25.0004930067452,25.080653886601663,25.195253778615836,25.271332595447415
3284.0008,25.455520629882812,25.00049157929911,25.08054779345237,25.195249349588455,25.271230177404657
3285.0001,25.455520629882812,25.000490158541474,25.080442030241144,25.19524493950792,25.27112807787078
3286.0007,25.44531733441498,25.000488740049835,25.08033626858475,25.19524053465785,25.271025979837884
3286.9997,25.445316314697266,25.000487327921622,25.080230814763084,25.195236147772526,25.2709241789762
3288.0,25.445316314697266,25.000485918043864,25.080125362408968,25.195231766085175,25.270822379531225
3288.9999,25.498323440551758,25.000484512806327,25.080020090742632,25.19522739703007,25.270720754514944
3289.9997,25.498323440551758,25.00048311177256,25.079914967893586,25.195223039261183,25.270619273160865
3290.9999,25.498323440551758,25.000481714231974,25.07980994117034,25.195218690577118,25.27051788460275
3292.0003,25.478158950805664,25.00048032045594,25.079705031516706,25.195214351830266,25.270416609058916
3292.9999,25.478158950805664,25.00047893182235,25.079600343494977,25.195210027321114,25.270315547469572
3293.9998,25.47289138069153,25.000477546788428,25.07949576161792,25.195205712255966,25.27021458834801
3295.0009,25.472890853881836,25.00047616410492,25.07939119188098,25.19520140274832,25.270113640946025
3296.0007,25.472890853881836,25.000474787212543,25.07928689521995,25.195197109531865,25.2700129571605
3297.0009,25.471683502197266,25.000473413753152,25.07918269392924,25.195192825265654,25.26991236544163
3298.0003,25.471683502197266,25.00047204536068,25.07907871276325,25.195188555056916,25.269811986222273
3299.0006,25.471683502197266,25.000470679696562,25.078974774688504,25.19518429161711,25.269711648601472
3300.0,25.424578612104092,25.00046931920682,25.078871066557994,25.195180042591787,25.269611532959544
3300.9999,25.42457389831543,25.000467961971843,25.078767442831968,25.19517580199611,25.2695114987983
3302.0001,25.42457389831543,25.00046660825644,25.078663924221658,25.195171570664726,25.269411566111526
3302.9999,25.498598098754883,25.00046525899608,25.078560582976294,25.195167351531236,25.269311804645707
3304.0012,25.498598098754883,25.00046391162177,25.078457222753624,25.195163136568866,25.269212024859964
3304.9999,25.498598098754883,25.000462571632863,25.07835426637807,25.195158942993228,25.269112634931922
3306.0007,25.472890853881836,25.00046123270902,25.078251229044668,25.195154751035034,25.269013166850442
3307.0002,25.472890853881836,25.000459899392393,25.07814846078494,25.195150574922167,25.26891395852182
3308.0007,25.472890853881836,25.00045856860187,25.07804572487487,25.19514640501422,25.268814781422257
3308.9999,25.478158950805664,25.000457243383867,25.077943257250876,25.195142250866777,25.268715863315236
3309.9999,25.478158950805664,25.000455920939185,25.077840842280285,25.195138103715674,25.268616996037686
3311.0003,25.48219108581543,25.00045460179261,25.07773852099446,25.1951339652127,25.268518219199624
3312.0011,25.48219108581543,25.00045328593765,25.077636293377815,25.195129835344588,25.26841953278601
3313.0007,25.48219108581543,25.000451975462383,25.077534322525867,25.19512572067599,25.268321094242665
3314.0008,25.475056407976524,25.000450668123115,25.077432434701482,25.19512161417294,25.268222735850777
3315.0013,25.475055694580078,25.00044936404471,25.077330640097106,25.195117516234436,25.268124467449724
3316.0011,25.475055694580078,25.0004480646483,25.077229050394696,25.195113431336036,25.268026396852754
3317.0002,25.45861980913161,25.000446769915087,25.077127665138185,25.19510935943115,25.2679285236196
3317.9997,25.4586181640625,25.000445478407034,25.077026372468154,25.195105296006922,25.267830739765696
3319.0005,25.4586181640625,25.000444188959918,25.07692508134021,25.195101237405083,25.26773295740046
3320.0001,25.500490188598633,25.000442904784524,25.07682404462479,25.19509719374047,25.267635420634804
3321.0011,25.500490188598633,25.000441622530992,25.076722999386185,25.19509315447331,25.26753787564121
3322.0001,25.500490188598633,25.000440346540543,25.076622288541163,25.19508913328941,25.267440653457676
3323.0003,25.45028305053711,25.000439072710762,25.07652158915899,25.195085117271194,25.267343442339918
3324.0004,25.45028305053711,25.000437802692712,25.076421032167143,25.195081111630095,25.26724636868003
3325.0003,25.45028305053711,25.000436536601065,25.076320627386966,25.195077116737377,25.267149441959145
3326.0011,25.451486587524414,25.0004352730362,25.07622026432707,25.195073128183925,25.26705255551333
3326.9997,25.451486587524414,25.00043401589433,25.07612025343398,25.195069158280422,25.266956009035134
3328.0002,25.511924424934882,25.000432760001743,25.076020183855736,25.1950651906984,25.266859405904658
3329.0013,25.511930465698242,25.000431506993387,25.07592018593803,25.1950612306056,25.266762871952373
3330.0008,25.511930465698242,25.000430259606897,25.075820479064642,25.195057286665403,25.26666661896252
3331.0001,25.490257263183594,25.000429016074833,25.075720923049523,25.195053353302626,25.26657051160515
3332.0001,25.490257263183594,25.000427775269507,25.075621428155664,25.195049426957787,25.266474463251775
3333.0005,25.490257263183594,25.00042653755868,25.07552202427541,25.19504550880063,25.266378502759263
3334.0004,25.412449035263062,25.00042530404493,25.07542280064507,25.195041602330384,25.26628271627274
3335.0,25.41244125366211,25.0004240744669,25.07532373708983,25.195037706729867,25.26618708431625
3336.001,25.41244125366211,25.000422846729013,25.07522466517785,25.195033815365782,25.266091444292506
3337.0006,25.43197627122901,25.000421624255214,25.075125861862265,25.19502993909902,25.265996063560877
3337.9999,25.431978225708008,25.00042040568096,25.075027217913668,25.195026073615406,25.2659008366757
3339.0,25.431978225708008,25.0004191896573,25.07492862467452,25.195022214643245,25.265805658743382
3340.0013,25.477195739746094,25.000417975698237,25.074830042929868,25.195018360644006,25.265710491907384
3341.0004,25.477195739746094,25.00041676791043,25.074731807058022,25.195014524666114,25.26561565896303
3342.0003,25.477195739746094,25.000415562649753,25.07463362164431,25.195010695147445,25.265520874728917
3342.9999,25.438180923461914,25.000414361234643,25.07453559463076,25.19500687628439,25.26542624340793
3344.0009,25.438180923461914,25.00041316161753,25.074437559347913,25.19500306157431,25.265331604104095
3345.0004,25.438180923461914,25.000411967263265,25.07433979962547,25.194999262043833,25.265237230815146
3345.9998,25.470057158654324,25.000410776480575,25.074242178053616,25.194995472324752,25.265142990891203
3347.0008,25.470060348510742,25.000409587241684,25.074144528696145,25.19499168596844,25.26504872414414
3348.0004,25.44935242888354,25.000408403101815,25.074047144078342,25.19498791430205,25.26495471296607
3348.9997,25.449350357055664,25.000407222739206,25.07394991653921,25.194984153127834,25.2648608534254
3350.0004,25.449350357055664,25.000406044141574,25.07385268071904,25.194980396039476,25.264766985890557
3351.0,25.471955898715382,25.000404870245006,25.07375567942694,25.194976652404126,25.264673344759643
3351.9997,25.47195816040039,25.000403699625316,25.07365879585562,25.194972917690492,25.264579817271613
3352.9998,25.47195816040039,25.000402531923932,25.07356200085939,25.194969190761693,25.264486375290403
3354.001,25.454591578499965,25.000401366321352,25.07346522680745,25.194965469006927,25.264392953527963
3355.0001,25.45458984375,25.00040020652821,25.07336878264782,25.194961764284677,25.264299850230238
3356.0003,25.45458984375,25.00039904881503,25.07327235912375,25.19495806469236,25.26420676685325
3357.001,25.492422137996083,25.00039789387464,25.073176014215345,25.194954372448496,25.264113759368655
3357.9997,25.4924259185791,25.000396744575173,25.07307998816527,25.194950696733784,25.26402105969701
3358.9998,25.4924259185791,25.000395596991275,25.07298395378001,25.194947025003533,25.26392835197892
3360.0003,25.488365173339844,25.00039445226977,25.072888007259287,25.194943360931063,25.263835729081705
3361.0004,25.488365173339844,25.000393311316365,25.072792225156064,25.194939707423508,25.263743264906505
3361.9997,25.488365173339844,25.000392174571886,25.072696645387147,25.19493606590317,25.263650996056676
3362.9997,25.46388816833496,25.000391040319986,25.07260112429832,25.19493243088007,25.263558783854236
3364.0004,25.46388816833496,25.00038990855805,25.072505661988192,25.1949288023507,25.26346662839438
3365.0,25.443422457751105,25.00038878131037,25.072410429928517,25.194925186814007,25.263374695209016
3366.0002,25.44342041015625,25.000387656647938,25.072315265901242,25.19492157809199,25.26328282769938
3367.0003,25.44342041015625,25.000386535350874,25.072220236437225,25.19491797869466,25.26319109009168
3368.0011,25.432945251464844,25.000385416515737,25.072125265468518,25.19491438572857,25.263099408952996
3369.0003,25.432945251464844,25.00038430270004,25.07203057092126,25.194910807416672,25.263007994660413
3369.9997,25.432945251464844,25.000383191881188,25.071935981783408,25.194907237272016,25.262916682125816
3371.0001,25.497665405273438,25.000382083166468,25.071841422398677,25.19490367243068,25.26282539831368
3372.0001,25.497665405273438,25.00038097810105,25.07174702504576,25.194900117867395,25.262734270920514
3372.9999,25.497665405273438,25.000379876451767,25.071652770570246,25.194896572841298,25.26264328145543
3373.9998,25.443151203918458,25.000378777878343,25.071558630508616,25.194893036265423,25.262552402440885
3375.0001,25.443145751953125,25.00037768204434,25.071464576546095,25.194889507063415,25.262461606542946
3375.9999,25.443145751953125,25.000376589926052,25.071370693124788,25.194885988387465,25.262370975278607
3376.9999,25.455520629882812,25.000375500748248,25.071276914295222,25.1948824777483,25.262280444982913
3378.0001,25.455520629882812,25.000374414503685,25.071183239969262,25.19487897512945,25.26219001557078
3379.0003,25.455520629882812,25.0003733314014,25.071089688752995,25.194875481212236,25.262099705003777
3379.9999,25.4298152923584,25.000372252079217,25.070996316493563,25.19487199806317,25.262009567194475
3381.0001,25.4298152923584,25.000371175232367,25.070903010937915,25.194868521479254,25.26191949377831
3382.0011,25.446521759033203,25.000370100643043,25.070809753524912,25.194865050761948,25.261829466837117
3382.9999,25.446521759033203,25.000369031516254,25.07071682332904,25.19486159627345,25.261739755778127
3384.0003,25.446521759033203,25.00036796377266,25.070623866520243,25.1948581448418,25.261650019028092
3385.0001,25.418920516967773,25.00036689975606,25.070531087544484,25.194854704048655,25.261560453950896
3386.0003,25.418920516967773,25.000365838392355,25.070438393407112,25.19485127042868,25.26147097077325
3386.9999,25.418920516967773,25.000364780732884,25.070345876587044,25.194847847391014,25.26138165877057
3388.0001,25.468854904174805,25.000363725499067,25.070253425859644,25.194844430805198,25.261292410571084
3389.0011,25.468854904174805,25.00036267247746,25.070161022833826,25.194841019984743,25.26120320842078
3389.9997,25.468854904174805,25.00036162501824,25.070068962453092,25.194837625791976,25.261114337046205
3391.0003,25.441253662109375,25.00036057849549,25.06997683885168,25.194834233245405,25.26102540464094
3392.0003,25.441253662109375,25.00035953562613,25.06988489150247,25.194830851157118,25.260936642382433
3393.0003,25.441253662109375,25.000358495772975,25.06979306496916,25.194827477469353,25.260847996754723
3394.0011,25.435084005754685,25.000357458099018,25.069701285776567,25.19482410947235,25.260759396827826
3395.0003,25.435083389282227,25.000356425080387,25.069609773715474,25.194820755211992,25.260671054778893
3396.0005,25.435083389282227,25.000355394017713,25.06951829039724,25.19481740593193,25.260582740477158
3397.0004,25.42174472694397,25.000354366245602,25.069426954694652,25.194814065973407,25.260494568677604
3397.9997,25.421743392944336,25.000353342059782,25.069335793691234,25.194810736306653,25.260406565525578
3399.0009,25.394146814577756,25.000352318895178,25.06924457940095,25.194807408597214,25.260318510932564
3399.9997,25.39414405822754,25.000351301135343,25.069153703328006,25.19480409711035,25.26023078284091
3401.0002,25.39414405822754,25.000350284590795,25.069062792149783,25.19480078822348,25.26014302086004
3402.0009,25.47626495361328,25.00034927078545,25.068971982348334,25.194797486900434,25.260055356744214
3403.0007,25.47626495361328,25.000348260822125,25.068881373462222,25.19479419674109,25.259967886583944
3404.0009,25.47626495361328,25.00034725337693,25.068790847430137,25.19479091344088,25.259880496407604
3404.9997,25.426982879638672,25.00034625025009,25.068700566831666,25.194787642876047,25.259793343162965
3405.9999,25.426982879638672,25.00034524862106,25.06861027842125,25.19478437585776,25.25970618237699
3407.0003,25.426982879638672,25.00034424969011,25.068520090652168,25.19478111630497,25.259619118746098
3408.0002,25.4341175573349,25.000343254146536,25.068430066421342,25.19477786647464,25.259532212988432
3409.0003,25.434118270874023,25.00034226128373,25.068340142496517,25.19477462406791,25.25944540406213
3410.0005,25.434118270874023,25.00034127119394,25.06825032776691,25.194771389392567,25.25935870054849
3411.0007,25.442214965820312,25.000340283968264,25.068160631074605,25.194768162753206,25.259272110983286
3412.0003,25.442214965820312,25.000339300188077,25.068071105965696,25.194764946058253,25.25918568705777
3413.0003,25.442214965820312,25.00033831886009,25.06798166268912,25.194761736067424,25.25909934212988
3414.0001,25.46388816833496,25.00033734056573,25.067892354791585,25.194758534689267,25.259013127891453
3415.0001,25.46388816833496,25.000336364905383,25.06780314638839,25.194755340623175,25.25892700970084
3415.9997,25.46388816833496,25.00033539245543,25.067714090815265,25.194752155763464,25.258841039046217
3416.9999,25.427947998046875,25.00033442223571,25.067625098862152,25.194748976906673,25.258755129807774
3418.0001,25.427947998046875,25.00033345482263,25.067536223865012,25.194745805947193,25.25866933347391
3419.001,25.455520629882812,25.000332489533957,25.0674474035927,25.194742640654443,25.258583589969184
3420.0007,25.455520629882812,25.000331528191897,25.067358806410933,25.194739487011603,25.258498061827066
3421.0003,25.455520629882812,25.000330569725154,25.06727033445308,25.194736341513806,25.258412654571057
3422.0001,25.391040802001953,25.000329613838453,25.0671819610315,25.194733203198755,25.258327342437987
3423.0011,25.391040802001953,25.00032865957351,25.06709359784631,25.19473006892448,25.258242040186712
3424.0005,25.391040802001953,25.00032770958994,25.067005491845002,25.19472694743414,25.258156986210373
3425.0007,25.408681869506836,25.00032676159513,25.066917431154575,25.194723831203014,25.258071975975334
3425.9997,25.408681869506836,25.000325817475108,25.0668295916398,25.194720726438423,25.257987179254336
3426.9999,25.408681869506836,25.000324874953787,25.066741762122863,25.194717625662264,25.25790239218485
3428.0009,25.411542892456055,25.00032393440839,25.066653977923117,25.194714530118556,25.257817648862744
3429.0004,25.411542892456055,25.000322997989255,25.06656644046973,25.19471144689272,25.257733143739614
3429.9998,25.411542892456055,25.000322064370376,25.066479026721186,25.19470837162859,25.257648758036147
3431.0011,25.41178321838379,25.000321131682856,25.066391561904297,25.19470529817357,25.257564323033357
3432.0001,25.41178321838379,25.000320203829475,25.06630441267453,25.194702239395863,25.257480192685637
3433.0003,25.41178321838379,25.00031927754725,25.066217273364042,25.194699184547513,25.257396071913586
3434.0012,25.396310444811842,25.000318353299107,25.066130187709625,25.194696135158395,25.257312002938942
3435.0009,25.39630889892578,25.00031743282978,25.066043320788907,25.1946930969926,25.257228145120976
3436.0011,25.41957622597864,25.000316514563476,25.06595652461345,25.194690064856943,25.25714435559763
3436.9998,25.419578552246094,25.000315600324676,25.06586997242004,25.194687044784462,25.257060801604702
3438.0005,25.419578552246094,25.00031468690369,25.065783360817314,25.19468402617808,25.256977190260418
3439.0007,25.41178321838379,25.000313776580768,25.065696906289293,25.194681016577267,25.256893730549717
3440.0003,25.41178321838379,25.000312869434936,25.065610617142646,25.194678016251956,25.256810430491512
3441.001,25.41178321838379,25.00031196391778,25.06552434656293,25.194675020086574,25.256727148357076
3442.0001,25.40558304861613,25.00031106246294,25.06543832708386,25.194672036141025,25.25664410862506
3442.9999,25.405582427978516,25.000310162984107,25.0653523603808,25.194669057517558,25.256561119840875
3443.9997,25.405582427978516,25.000309266106235,25.065266506612684,25.194666086291004,25.256478240079527
3445.0005,25.40841293334961,25.00030837092864,25.065180679929433,25.194663119482236,25.256395386464813
3446.0003,25.40841293334961,25.000307479232738,25.065095051698904,25.194660163001792,25.256312724428348
3446.9997,25.40841293334961,25.000306590470498,25.065009570149336,25.194657215041694,25.256230203991755
3448.0005,25.422950744628906,25.000305703037586,25.064924081342365,25.19465427028519,25.25614767654916
3449.0003,25.422950744628906,25.00030481905625,25.06483879020686,25.194651335780243,25.256065339930622
3450.0004,25.422950744628906,25.000303937366965,25.064753585576774,25.194648407685392,25.255983086820915
3451.0007,25.394415847303915,25.000303058052413,25.064668475908412,25.194645486280773,25.255900925383425
3452.0011,25.394412994384766,25.00030218119426,25.064583469613346,25.19464257184363,25.25581886373834
3453.0007,25.425121307373047,25.00030130757135,25.06449864290239,25.19463966697028,25.255736975456507
3454.0,25.425121307373047,25.00030043673518,25.06441395301455,25.194636770177816,25.255655219258188
3454.9999,25.425121307373047,25.000299567895297,25.06432932357931,25.194633878842637,25.255573521418363
3456.0008,25.474087591295117,25.00029870070287,25.064244720862263,25.19463099180747,25.255491849371204
3457.001,25.474092483520508,25.00029783662466,25.064160288462475,25.194628113961226,25.255410341741452
3458.0001,25.474092483520508,25.000296975992224,25.064076059700497,25.194625246417704,25.255329030695417
3459.0002,25.41341243946798,25.000296116989006,25.063991857374283,25.194622383130817,25.255247745169402
3460.0007,25.413406372070312,25.00029526012838,25.063907732087124,25.194619525815618,25.25516653401378
3461.0,25.413406372070312,25.000294406770475,25.063823818094225,25.194616679015347,25.255085526833106
3462.001,25.405855933197966,25.000293554433505,25.063739871812047,25.194613834456174,25.255004488481667
3463.0009,25.405855178833008,25.000292705496705,25.063656128009637,25.194611000083693,25.25492364559602
3463.9999,25.405855178833008,25.000291859775775,25.06357256946143,25.1946081752923,25.254842981547302
3465.0001,25.413679122924805,25.000291015486926,25.06348902042381,25.19460535412968,25.25476232667972
3466.001,25.413679122924805,25.000290173052107,25.06340552283155,25.194602538008677,25.25468172147541
3467.0004,25.413679122924805,25.000289334313017,25.063322259938268,25.194599733093387,25.25460134284002
3468.0002,25.39293878119954,25.00028849766404,25.06323907312467,25.194596934022385,25.254521037648882
3469.0003,25.39293670654297,25.00028766318439,25.063155970682203,25.194594141065643,25.25444081390623
3470.0003,25.4322509765625,25.000286831201553,25.063072985737666,25.19459135532505,25.25436070359133
3471.0002,25.4322509765625,25.000286001707824,25.062990118114858,25.19458857678129,25.2542807065341
3471.9997,25.4322509765625,25.00028517494332,25.062907392451663,25.19458580624566,25.25420084651894
3473.0005,25.393482208251953,25.000284349498127,25.062824668047885,25.194583038998044,25.254120987719574
3473.9997,25.393482208251953,25.00028352775614,25.06274218442084,25.194580283036867,25.254041361356343
3475.0003,25.393482208251953,25.000282707242533,25.062659693746124,25.194577530068493,25.25396172818958
3475.9999,25.424846649169922,25.000281889919915,25.062577393805263,25.194574786683184,25.253882279149572
3477.0003,25.424846649169922,25.000281074308937,25.06249513622415,25.19457204792184,25.25380287100196
3478.0002,25.424846649169922,25.000280261463697,25.06241302780142,25.194569317329563,25.253723606845824
3478.9997,25.415817260742188,25.000279451292904,25.06233106003772,25.19456659460721,25.253644478476243
3480.0005,25.415817260742188,25.000278642414948,25.062249093521903,25.194563875116128,25.253565351311313
3480.9997,25.415817260742188,25.000277837165864,25.06216736557692,25.194561166716706,25.253486454453032
3481.9997,25.42081642150879,25.000277033601954,25.062085679628165,25.194558462878724,25.25340759813622
3483.0004,25.42081642150879,25.00027623180206,25.062004043944693,25.194555763870973,25.253328790343478
3484.0,25.42081642150879,25.000275433200308,25.061922605162522,25.194553074527562,25.2532501726313
3484.9999,25.393207550048828,25.00027463666872,25.061841248952287,25.194550391057223,25.25317163463074
3486.0,25.393207550048828,25.000273842282006,25.061759983390044,25.19454771371675,25.25309318413809
3487.0004,25.393207550048828,25.0002730499558,25.06167880028966,25.194545042226867,25.25301481325079
3488.0001,25.44745445251465,25.000272260474087,25.061597780597438,25.19454237923749,25.25293660011113
3489.0002,25.44745445251465,25.000271472960517,25.06151683497687,25.19453972179899,25.25285845847726
3489.9999,25.416778564453125,25.00027068803844,25.061436028038134,25.194537072020676,25.252780450721225
3491.0,25.416778564453125,25.000269905073143,25.061355294976547,25.194534427765706,25.252702514283207
3492.0002,25.416778564453125,25.000269124294626,25.061274659949653,25.19453178981585,25.252624672483925
3492.9998,25.432249428702146,25.00026834624108,25.06119417917184,25.19452915999608,25.252546979590477
3493.9999,25.4322509765625,25.00026757004943,25.061113763923753,25.19452653539518,25.252469349956783
3494.9997,25.4322509765625,25.000266796334742,25.06103347842395,25.194523918098362,25.25239184557684
3495.9997,25.424846649169922,25.00026602470325,25.060953282366995,25.194521306779542,25.252314427541414
3497.0005,25.424846649169922,25.000265254688856,25.060873127654716,25.194518699865515,25.25223704941847
3498.0006,25.424846649169922,25.000264487439523,25.06079313430031,25.194516101248375,25.2521598270639
3498.9999,25.455520629882812,25.00026372302054,25.06071330992737,25.194513511157346,25.252082767837212
3499.9998,25.455520629882812,25.00026296035389,25.060633542533967,25.194510925945806,25.25200576361627
3501.0008,25.455520629882812,25.00026219905743,25.060553792361965,25.19450834432142,25.251928776020172
3502.0006,25.450556297973765,25.00026144087369,25.060474242499993,25.194505772199076,25.25185198179529
3503.0003,25.4505558013916,25.00026068495784,25.06039480508403,25.194503206720466,25.25177529612125
3504.0013,25.4505558013916,25.00025993024888,25.060315368918957,25.19450064428846,25.251698611654763
3505.0007,25.439389392457766,25.000259178925976,25.060236163955395,25.194498092307985,25.251622150380882
3506.0001,25.439388275146484,25.000258429774753,25.06015706300224,25.194495546662395,25.25154578951445
3507.0007,25.410580653082636,25.000257681893316,25.060077971131886,25.19449300429073,25.251469437416187
3507.9999,25.41057777404785,25.000256937218072,25.059999093692205,25.194490471781602,25.251393292320635
3509.0003,25.41057777404785,25.000256193804418,25.059920225269984,25.194487942527644,25.251317155930177
3510.0,25.381110277956164,25.00025545305966,25.059841515596865,25.194485421321605,25.25124117278969
3511.0001,25.381107330322266,25.000254714161546,25.059762877883482,25.194482905370904,25.25116525911623
3511.9997,25.381107330322266,25.00025397776851,25.059684382745353,25.194480396923183,25.251089483079163
3513.0001,25.4505558013916,25.000253242917626,25.059605928008647,25.194477892703436,25.251013746044
3514.0003,25.4505558013916,25.000252510339212,25.059527592053946,25.194475395205007,25.250938123676185
3514.9999,25.4505558013916,25.00025178031755,25.05944940595036,25.194472905403792,25.25086264596859
3515.9999,25.425811767578125,25.00025105211556,25.05937129131445,25.194470420791735,25.250787237252997
3517.0003,25.425811767578125,25.000250325729667,25.05929324813441,25.194467941360884,25.250711897518023
3518.0007,25.425811767578125,25.000249601445475,25.05921530754163,25.19446546809097,25.250636656816646
3518.9999,25.421743800066785,25.00024888012193,25.05913756270836,25.194463003922383,25.250561605093594
3519.9999,25.421743392944336,25.00024816030792,25.059059857824586,25.194460543903904,25.250486591936173
3521.0,25.421743392944336,25.000247442504097,25.058982247287393,25.1944580897506,25.250411669857133
3522.0005,25.430391311645508,25.000246726490673,25.05890470775824,25.194455640715695,25.25033681632639
3523.0007,25.430391311645508,25.000246012762908,25.058827293368886,25.19445319849842,25.250262083600553
3524.0003,25.404407501220703,25.000245301526107,25.05875002706776,25.194450763807982,25.250187493833113
3525.0012,25.404407501220703,25.00024459142456,25.05867276196314,25.194448332007905,25.250112905220732
3525.9997,25.404407501220703,25.000243885073953,25.058595783378152,25.194445912062793,25.25003859320283
3527.0002,25.383907459746258,25.000243179354506,25.058518751904067,25.194443493290276,25.249964230127937
3527.9998,25.3839054107666,25.000242476309246,25.058441890854592,25.194441082696276,25.24989003157408
3528.9999,25.3839054107666,25.000241774946392,25.05836509238756,25.194438676886094,25.249815893434786
3530.0004,25.427943596429117,25.000241075332926,25.05828836418559,25.194436276093487,25.249741823126545
3531.0003,25.427947998046875,25.000240378161642,25.058211782775643,25.194433882701404,25.249667894525395
3532.0013,25.427947998046875,25.000239682242885,25.058135217899256,25.194431492630315,25.249593981885077
3533.0009,25.424846649169922,25.000238989307974,25.058058860599864,25.194429111831983,25.24952026963121
3533.9999,25.424846649169922,25.0002382987905,25.057982649333898,25.194426738368517,25.249446698352116
3534.9998,25.424846649169922,25.000237609648764,25.057906469583436,25.194424368664137,25.249373157496816
3536.0005,25.418676376342773,25.000236921950993,25.05783032909097,25.194422002956216,25.249299654539602
3537.0007,25.418676376342773,25.000236236585696,25.0577543266833,25.194419644306038,25.249226284883875
3538.0003,25.418676376342773,25.000235553612374,25.057678469662836,25.19441729292515,25.249153055579086
3539.001,25.41677875408261,25.000234871865253,25.057602628964613,25.194414944804436,25.24907984203113
3540.0003,25.416778564453125,25.00023419304091,25.05752699388197,25.19441260579296,25.249006826976153
3541.0013,25.442487716674805,25.000233515028693,25.05745132969569,25.194410268622836,25.2489337838257
3541.9998,25.442487716674805,25.000232840665387,25.057375953628203,25.194407943078986,25.24886101881349
3543.0011,25.442487716674805,25.000232166366697,25.057300465500205,25.1944056168057,25.248788145622598
3544.0007,25.439115524291992,25.00023149516061,25.057225204600574,25.19440330025279,25.24871549178879
3544.9997,25.439115524291992,25.00023082629615,25.0571500876375,25.19440099083682,25.248642976905522
3546.0001,25.439115524291992,25.000230158430977,25.05707496421539,25.19439868392693,25.248570455786965
3546.9997,25.472501754760742,25.00022949302994,25.056999999498856,25.194396384587222,25.248498087876364
3547.9997,25.472501754760742,25.000228829287508,25.056925103305414,25.19439409003972,25.24842578611519
3549.0001,25.472501754760742,25.00022816720041,25.05685027562376,25.194391800277074,25.248353550492528
3550.0008,25.395383911834156,25.00022750683129,25.05677552390752,25.19438951551998,25.248281388203807
3551.0001,25.395376205444336,25.000226849293295,25.056700974854465,25.19438723962632,25.248209421557945
3551.9997,25.395376205444336,25.000226193459163,25.056626501351666,25.194384968700927,25.248137527845252
3552.9999,25.426982879638672,25.000225539129136,25.056552081051656,25.194382702055847,25.248065685492378
3553.9999,25.426982879638672,25.00022488682222,25.056477773408865,25.194380441493397,25.247993951894237
3554.9998,25.426982879638672,25.00022423646686,25.056403570820084,25.19437818677101,25.247922319710998
3556.0003,25.39817237854004,25.00022358760372,25.05632942128315,25.194375936300478,25.247850738741867
3557.0011,25.39817237854004,25.000222940424447,25.05625534703513,25.19437369075023,25.247779230453613
3558.0003,25.39817237854004,25.00022229614862,25.056181488386795,25.19437145435863,25.247707930296592
3559.0011,25.37677001953125,25.000221652707495,25.05610760867331,25.19436921994965,25.24763660980413
3559.9999,25.37677001953125,25.0002210124091,25.05603397346341,25.194366995543607,25.24756552534555
3561.0009,25.426054000854492,25.00022037255613,25.055960273019153,25.194364771774648,25.247494377912357
3562.0002,25.426054000854492,25.000219735637543,25.055886794430577,25.194362557297225,25.24742344464968
3562.9997,25.426054000854492,25.000219100432854,25.055813397645945,25.19436034787478,25.24735259035723
3564.0007,25.391317023083996,25.000218466115246,25.05573998732096,25.19435814063398,25.24728172299347
3565.0004,25.391313552856445,25.000217834454265,25.055666768701336,25.194355941736926,25.247211040694328
3566.0003,25.391313552856445,25.000217204493808,25.055593631640555,25.194353747861644,25.247140437128795
3567.001,25.41057584916564,25.00021657585332,25.055520532269767,25.19435155768629,25.247069869947662
3568.0005,25.41057777404785,25.00021594978283,25.055447616501542,25.194349375571345,25.246999480009027
3568.9999,25.41057777404785,25.000215325584538,25.055374803775308,25.1943471990912,25.246929189542975
3570.0001,25.418920516967773,25.000214702692983,25.055302028494978,25.194345026278075,25.246858935225685
3571.0011,25.418920516967773,25.000214081107266,25.055229290764338,25.194342857131495,25.246788717157347
3572.0005,25.418920516967773,25.000213462310338,25.055156764739195,25.19434069683233,25.246718703460953
3573.0003,25.38300323486328,25.000212845055437,25.055084304983154,25.194338541034345,25.24664875373807
3573.9999,25.38300323486328,25.00021222970835,25.055011954884208,25.19433639101956,25.24657890987372
3575.0006,25.38300323486328,25.00021161546605,25.054939620352908,25.194334243985757,25.246509081037747
3576.0005,25.405582427978516,25.00021100349043,25.054867438646536,25.194332103998576,25.24643939973279
3576.9997,25.405582427978516,25.000210393711164,25.054795402207876,25.19432997081879,25.246369858663414
3578.0003,25.387279432351455,25.00020978484343,25.054723359614187,25.194327839955502,25.246300311652224
3579.0004,25.387277603149414,25.00020917804066,25.054651447667677,25.19432571544891,25.246230890762547
3580.0,25.387277603149414,25.00020857329512,25.05457966610217,25.19432359727795,25.246161595737426
3581.0001,25.45796012878418,25.00020796999675,25.05450794298325,25.194321483310492,25.246092357134277
3581.9997,25.45796012878418,25.000207368743734,25.05443634990298,25.194319375647236,25.246023244065192
3583.0002,25.45796012878418,25.000206768689978,25.054364786523585,25.19431727132637,25.245954159668134
3584.0012,25.375877951813507,25.000206170073994,25.054293281529898,25.194315171187167,25.245885131634278
3585.0007,25.375869750976562,25.000205574084198,25.054221977524506,25.1943130794049,25.24581629762641
3586.0001,25.375869750976562,25.000204979876642,25.05415077428342,25.194310993024168,25.245747560892333
3586.9997,25.402509689331055,25.00020438726823,25.054079650323906,25.194308911406566,25.245678900693484
3588.0001,25.402509689331055,25.000203795900866,25.05400856297187,25.194306833297524,25.245610275834018
3589.0003,25.402509689331055,25.000203206362254,25.05393758324747,25.19430476076612,25.24554175487393
3590.0007,25.395376205444336,25.000202618411684,25.053866682641694,25.19430269297067,25.245473310291757
3591.0009,25.395376205444336,25.0002020322793,25.053795889380815,25.194300630725177,25.245404969336022
3592.0008,25.395376205444336,25.00020144801752,25.05372521035052,25.194298574219218,25.245336738653876
3592.9997,25.35660171508789,25.000200866027164,25.053654694727832,25.194296524869813,25.24526866571884
3593.9997,25.35660171508789,25.000200285080084,25.053584194158873,25.194294478356674,25.245200607316065
3595.0003,25.380144119262695,25.00019970546617,25.053513744008452,25.194292435703392,25.245132597585307
3596.0008,25.380144119262695,25.000199127587297,25.05344339350971,25.19429039833013,25.245064684054263
3597.0001,25.380144119262695,25.000198552070714,25.05337321970762,25.194288368454405,25.24499694109903
3597.9998,25.358196546612177,25.000197977988112,25.053303110013314,25.194286342807523,25.244929260030858
3599.0009,25.35819435119629,25.000197404764908,25.053232994423766,25.1942843193643,25.244861573271663
3599.9998,25.35819435119629,25.000196834455654,25.053163124846247,25.194282305382604,25.244794124002546
3600.0,25.35819435119629,25.00019683434163,25.05316311086613,25.194282304979865,25.244794110506707
